"phylum","species","accession","nreads","Adenoviridae","Adintoviridae","Alloherpesviridae","Alphaflexiviridae","Amalgaviridae","Arteriviridae","Ascoviridae","Asfarviridae","Astroviridae","Baculoviridae","Betaflexiviridae","Botourmiaviridae","Bromoviridae","Caliciviridae","Caulimoviridae","Chuviridae","Circoviridae","Coronaviridae","Cruciviridae","Cystoviridae","Deltaflexiviridae","Dicistroviridae","Flaviviridae","Geminiviridae","Genomoviridae","Hepadnaviridae","Hepeviridae","Herpesviridae","Hypoviridae","Iflaviridae","Inoviridae","Iridoviridae","Lavidaviridae","Leviviridae","Luteoviridae","Marnaviridae","Marseilleviridae","Microviridae","Mimiviridae","Mitoviridae","Mymonaviridae","Uncertain family","Nairoviridae","Narnaviridae","Nimaviridae","Nudiviridae","Orthomyxoviridae","Papillomaviridae","Paramyxoviridae","Partitiviridae","Parvoviridae","Phenuiviridae","Phycodnaviridae","Picornaviridae","Pithoviridae","Polycipiviridae","Polydnaviridae","Polyomaviridae","Potyviridae","Poxviridae","Pseudoviridae","Reoviridae","Retroviridae","Rhabdoviridae","Secoviridae","Solemoviridae","Togaviridae","Tombusviridae","Totiviridae","Tymoviridae","Virgaviridae","Adomaviridae","Aliusviridae","Alphasatellitidae","Alphatetraviridae","Alvernaviridae","Amnoonviridae","Anelloviridae","Arenaviridae","Artoviridae","Aspiviridae","Bacilladnaviridae","Barnaviridae","Benyviridae","Bidnaviridae","Birnaviridae","Bornaviridae","Carmotetraviridae","Chrysoviridae","Closteroviridae","Cruliviridae","Endornaviridae","Filoviridae","Fimoviridae","Fusariviridae","Gammaflexiviridae","Hantaviridae","Hytrosaviridae","Kitaviridae","Kolmioviridae","Leishbuviridae","Lispiviridae","Malacoherpesviridae","Matonaviridae","Mayoviridae","Medioniviridae","Megabirnaviridae","Mesoniviridae","Metaviridae","Nanoviridae","Nodaviridae","Nyamiviridae","Ovaliviridae","Peribunyaviridae","Permutotetraviridae","Phasmaviridae","Picobirnaviridae","Pneumoviridae","Podoviridae","Polymycoviridae","Portogloboviridae","Qinviridae","Quadriviridae","Redondoviridae","Roniviridae","Sinhaliviridae","Smacoviridae","Solinviviridae","Tobaniviridae","Tospoviridae","Tristromaviridae","Xinmoviridae"
"ANNELIDA","Acanthodrilidae_sp.","SRR5353282",79395,0,0,2,0,0,0,41,0,0,33,0,0,0,0,1,0,0,0,0,0,0,0,5049,0,0,0,164,6,0,0,0,8,0,0,0,0,463,0,4639,236,0,23513,4,0,2,11,0,0,0,33,0,0,1236,0,119,0,6,0,13,541,0,0,38848,0,0,0,0,0,0,0,0,0,0,0,0,0,0,0,0,0,0,0,0,0,0,0,0,0,0,0,0,0,0,0,0,0,0,0,0,0,0,0,0,0,0,0,0,0,0,0,0,0,0,0,0,0,0,0,0,0,0,0,0,0,0,0,0,0,0,0,0,0
"ANNELIDA","Boccardia_wellingtonensis","SRR14583829",225170,0,0,1,8,0,0,435,0,0,540,0,0,0,0,0,0,0,0,0,0,0,0,8279,0,0,0,5063,147,0,0,0,170,0,0,0,0,5450,0,39196,38618,0,48347,402,0,0,162,0,0,0,962,0,0,6382,4,1357,0,20,0,35,6441,0,0,31121,0,0,0,0,0,0,0,0,0,0,0,0,0,0,0,0,0,0,0,0,0,0,0,0,0,0,0,0,0,0,0,0,0,0,0,0,0,0,0,0,0,0,0,0,0,0,0,0,0,0,0,0,0,0,0,0,0,0,0,0,0,0,0,0,0,0,0,0,0
"ANNELIDA","Fimoscolex_sp.","SRR5353274",17450,0,0,0,0,0,0,1,0,0,38,0,0,0,0,0,0,0,0,0,0,0,0,909,0,0,0,63,0,0,0,0,1,0,0,0,0,98,2,1644,341,0,6340,0,0,0,1,0,0,0,12,0,0,214,4,24,0,36,0,0,119,0,0,6839,0,0,0,0,0,0,0,0,0,0,0,0,0,0,0,0,0,0,0,0,0,0,0,0,0,0,0,0,0,0,0,0,0,0,0,0,0,0,0,0,0,0,0,0,0,0,0,0,0,0,0,0,0,0,0,0,0,0,0,0,0,0,0,0,0,0,0,0,0
"ANNELIDA","Olavius_algarvensis","ERR1147311",340998,1,0,52,0,0,9,18,0,0,171,0,0,0,0,0,0,0,0,0,0,0,0,17425,0,0,0,2670,22,0,0,0,170,0,0,0,0,1675,0,51930,10247,0,48485,31,0,117,223,1,0,0,794,0,0,6668,14827,3671,0,55,0,0,5503,0,0,127761,0,0,0,0,0,0,0,0,0,0,0,0,0,0,0,0,0,0,0,0,0,0,0,0,0,0,0,0,0,0,0,0,0,0,0,0,0,0,0,0,0,0,0,0,0,0,0,0,0,0,0,0,0,0,0,0,0,0,0,0,0,0,0,0,0,0,0,0,0
"ANNELIDA","Syllis_magdalena","SRR6766872",58755,0,0,0,0,0,0,6,0,0,317,0,0,0,0,0,0,0,0,0,0,0,0,7946,0,0,0,543,68,0,0,0,74,0,0,0,0,1490,0,9734,3321,0,16986,205,0,0,40,0,0,0,350,0,0,2625,0,563,0,15,0,0,1486,0,0,4539,0,0,0,0,0,0,0,0,0,0,0,0,0,0,0,0,0,0,0,0,0,0,0,0,0,0,0,0,0,0,0,0,0,0,0,0,0,0,0,0,0,0,0,0,0,0,0,0,0,0,0,0,0,0,0,0,0,0,0,0,0,0,0,0,0,0,0,0,0
"ARTHROPODA","Cheiridiidae_sp.","SRR9332008",8725,0,0,0,0,0,0,41,0,0,9,0,0,0,0,0,0,0,0,0,0,0,195,756,0,0,0,43,0,0,0,0,0,0,0,0,0,165,0,903,240,0,1083,2,0,0,18,0,0,0,2,0,0,323,0,15,0,49,0,0,141,0,0,3026,0,0,0,0,0,0,0,0,0,0,0,0,0,0,0,0,0,0,0,0,0,0,0,0,0,0,0,0,0,0,0,0,0,0,0,0,0,0,0,0,0,0,0,0,0,0,0,0,0,0,0,0,0,0,0,0,0,0,0,0,0,0,0,0,0,0,0,0,0
"ARTHROPODA","Hypognatha_sp.","SRR12687642",113639,0,0,2,0,0,0,76,0,0,58,0,0,0,0,0,0,0,0,0,0,0,0,9979,0,0,0,2685,9,0,0,0,133,0,0,0,0,1759,0,14513,8488,0,23263,116,0,0,363,0,0,0,649,0,0,1908,1,130,0,1608,0,0,2689,0,0,35809,0,0,1,0,2,0,0,0,0,0,0,0,0,0,0,0,0,0,0,0,0,0,0,0,0,0,0,0,0,0,0,0,0,0,0,0,0,0,0,0,0,0,0,0,0,0,0,0,0,0,0,0,0,0,0,0,0,0,0,0,0,0,0,0,0,0,0,0,0
"ARTHROPODA","Novafroneta_gladiatrix","SRR6998662",54858,0,0,1,0,0,0,100,0,0,313,0,0,0,0,0,2,0,0,0,0,0,0,5976,0,0,0,82,1,0,0,0,18,0,0,0,0,1076,0,5643,1015,0,11474,82,0,0,25,0,0,0,321,12,0,1985,0,132,0,194,0,0,1295,0,0,18133,0,0,0,0,0,0,0,0,0,0,0,0,0,0,0,0,0,0,0,0,0,0,0,0,0,0,0,0,0,0,0,0,0,0,0,0,0,0,0,0,0,0,0,0,0,0,0,0,0,0,0,0,0,0,0,0,0,0,0,0,0,0,0,0,0,0,0,0,0
"ARTHROPODA","Pardosa_pseudoannulata","SRR1972516",169542,0,0,1,0,0,0,23,0,0,15,0,0,0,0,0,0,0,0,0,0,0,0,2919,0,0,0,951,2,0,0,0,48,0,0,0,0,1266,0,11193,9745,0,21598,56,0,0,63,0,1,0,242,10,0,3753,0,336,0,974,0,0,3906,0,0,102473,0,0,0,0,0,0,0,0,0,0,0,0,0,0,0,0,0,0,0,0,0,0,0,0,0,0,0,0,0,0,0,0,0,0,0,0,0,0,0,0,0,0,0,0,0,0,0,0,0,0,0,0,0,0,0,0,0,0,0,0,0,0,0,0,0,0,0,0,0
"ARTHROPODA","Philoponella_herediae","SRR1514880",0,0,0,0,0,0,0,0,0,0,0,0,0,0,0,0,0,0,0,0,0,0,0,0,0,0,0,0,0,0,0,0,0,0,0,0,0,0,0,0,0,0,0,0,0,0,0,0,0,0,0,0,0,0,0,0,0,0,0,0,0,0,0,0,0,0,0,0,0,0,0,0,0,0,0,0,0,0,0,0,0,0,0,0,0,0,0,0,0,0,0,0,0,0,0,0,0,0,0,0,0,0,0,0,0,0,0,0,0,0,0,0,0,0,0,0,0,0,0,0,0,0,0,0,0,0,0,0,0,0,0,0,0
"BRACHIOPODA","Glottidia_pyramidata","SRR1611555",127445,2,0,4,0,0,1,181,34,1,189,3,0,0,1,26,0,4,39,0,0,0,0,2773,0,0,0,168,126,5,0,0,93,4,0,0,0,2650,0,17068,985,0,19109,25,0,10,43,7,55,0,166,14,0,1995,3,986,0,34,0,9,1358,0,8,72934,74,0,1,0,0,0,0,0,0,0,0,0,0,0,0,0,0,0,0,0,0,0,0,0,0,0,0,0,0,0,0,0,0,0,0,1,0,0,0,0,0,0,0,0,1,0,0,0,0,0,0,0,0,0,0,0,0,0,0,0,0,1,0,0,0,0,0,2,0
"BRACHIOPODA","Hemithiris_psittacea","SRR1611556",52260,8,11,8,0,0,4,76,74,0,358,6,0,0,3,8,1,0,44,0,0,0,11,1202,0,0,5,2897,206,0,2,0,566,1,1,0,10,1395,0,17548,397,0,7909,12,2,9,23,1,31,0,212,0,0,1935,7,1176,0,198,0,88,666,0,0,6587,2,0,0,1,2,2,0,0,1,0,0,0,3,0,15,0,0,0,0,0,0,0,0,1,0,0,0,0,0,0,0,0,1,0,0,0,0,0,0,0,0,0,0,0,0,1,0,3,0,0,0,0,0,0,0,0,0,0,0,0,0,5,0,0,0,0,0,0,0
"BRACHIOPODA","Kraussina_rubra","SRR2131392",58472,0,2,55,484,0,1,21,36,0,501,2,0,0,4,5,1,0,129,0,0,0,1,4459,0,2,30,1503,36,0,0,0,153,13,0,0,0,3063,0,17850,183,0,10255,2,0,21,9,3,1,1,39,0,0,4706,10,1543,0,138,0,6,1087,0,1,655,0,4,1,0,0,0,0,0,0,0,0,0,0,0,0,0,0,0,0,0,0,0,1,0,0,0,0,0,0,0,0,0,0,0,0,0,0,0,1,3,0,0,0,0,0,3,0,0,0,0,0,0,0,0,0,0,0,0,0,0,0,2,0,0,0,0,0,0,0
"BRACHIOPODA","Laqueus_californianus","SRR1611557",56763,30,0,10,0,0,7,10,4,0,177,12,0,0,0,29,0,0,20,0,1,0,0,1278,0,0,2,746,54,0,0,0,66,12,14,0,0,6813,0,15571,747,0,9784,65,0,5,8,0,10,0,199,2,305,3089,3,1163,0,122,0,35,1517,0,2,7060,0,10,1,0,0,1,0,0,0,0,0,0,0,0,0,0,0,0,0,0,0,0,0,0,0,0,13,0,1,1,0,0,0,0,0,0,0,0,0,1,0,0,2,0,0,6,0,0,0,0,0,0,0,0,0,0,0,0,0,0,0,5,0,0,0,0,0,0,0
"BRACHIOPODA","Lingula_anatina","SRR2131235",440160,3,1,136,0,0,156,408,86,43,6093,3,0,0,21,966,6,84,468,7,0,0,26,18436,51,0,17,10197,954,1,0,0,1344,19,0,0,0,10473,0,91277,25558,0,95342,581,0,46,406,6,183,23,674,10,129,30912,477,5238,0,1465,0,17,3013,0,21,41930,6,0,2,0,0,0,0,0,2,0,0,0,0,0,20,16,0,0,0,0,34,0,0,0,0,3,5,0,0,22,0,28,6,0,1,34,0,0,1,3,0,0,21,0,0,6,0,0,0,0,12,0,56,0,0,0,0,0,0,0,0,24,0,0,0,0,0,0,0
"BRACHIOPODA","Terebratalia_transversa","SRR2564755",1514343,39,0,598,7,0,563,10421,2378,3581,22885,581,1,2,131,4780,0,6,769,1,0,0,13,42961,0,0,134,4847,4321,1,0,0,13689,22,2,0,6,85883,0,367772,30604,0,295143,1732,1,1082,2158,23,1078,3,8065,27,1,96602,622,35092,0,9357,14,1516,89503,0,20,125625,1,2,3,0,2,1,2,0,0,0,0,0,0,0,50,1,0,0,0,0,2,0,0,0,0,0,87,0,23,5,1,0,24,2,0,26,1,0,0,107,0,0,0,0,2,91,0,1,1,0,2,0,0,2,1,0,0,0,0,0,1,10,0,0,0,1,0,0,1
"BRYOZOA","Bugula_neritina","SRR9691423",627805,7,1,218,1,0,279,193,605,9,7995,5,0,0,27,11956,0,0,106,1,1,0,0,19985,829,0,6,13397,23224,0,0,0,2597,4,1,0,1,23144,0,178655,21636,0,73075,114,87,826,851,5,43,2,2548,102,0,40817,27,19817,0,2099,1,16,10808,0,36,77304,2,0,11,0,6,3,2,0,0,0,0,0,0,0,41,1,0,0,0,0,0,0,0,0,0,0,10,0,1,5,0,0,0,1,3,0,0,0,0,0,0,0,0,4,10,0,0,4,1,0,1,0,0,0,1,0,0,0,0,0,0,0,0,0,0,0,0,0,0
"BRYOZOA","Cristatella_mucedo","SRR10620231",393133,63,10,68,1,0,31,1447,2554,0,4502,94,0,0,0,5457,0,1,126,0,0,0,0,21384,15,1,56,6902,1068,0,0,0,2490,181,0,0,0,14288,0,121222,15169,0,63250,103,0,157,391,6,20,1,1119,10,1,30509,4,6798,0,898,0,38,8476,0,6,27974,2,0,1,7,3,5,5,0,0,0,0,0,0,0,10,0,0,0,0,0,0,0,0,0,0,0,0,0,4,1,0,0,0,1,0,0,0,0,0,0,2,0,0,0,1,0,0,0,0,0,0,0,0,1,1,0,0,0,0,0,0,4,0,11,0,1,0,0,0
"BRYOZOA","Flustrellidra_corniculata","SRR9667736",467463,38,4,59,2125,0,46,321,60,4,2193,10,0,0,49,529,3,108,112,6,0,0,3,7979,16,1,5,4254,542,17,2,0,2343,3,3,0,5,25687,0,163388,24973,0,72602,56,9,347,467,52,236,6,464,12,47,32407,12,6494,7,1301,2,12,15004,0,13,42067,7,3,6,0,3,1,9,0,1,0,0,0,0,0,10,4,0,0,0,0,0,0,0,0,0,0,14,0,3,3,0,1,0,2,5,0,0,0,0,0,0,0,0,16,0,0,0,0,0,0,4,0,0,1,4,0,0,0,0,0,0,1,0,0,0,1,2,0,0
"BRYOZOA","Fredericella_sultana","SRR11747693",957272,357,1,543,151,0,61,1200,469,7,11158,23,2,2,56,13598,3,50,358,5,0,1,18,27798,40,9,18,8434,1634,0,0,0,5491,97,7,1,0,28044,0,335731,18205,7,117496,495,2002,5856,1585,30,68,29,4929,51,9,71836,12,20839,1,2513,5,107,25554,1,18,92614,85,7,4,3,3,28,2,0,0,0,0,0,0,0,61,2,0,1,0,0,0,0,0,1,0,2,4,0,1,1,1,1,50,7,2,0,0,0,1,11,3,0,2,0,36,0,0,1,0,0,21,0,0,32,0,0,0,0,0,0,0,28,2,0,0,5,3,0,0
"BRYOZOA","Heteropora_pacifica","SRR9681687",32581,24,54,19,647,0,16,59,82,0,205,1,3,0,2,106,1,1,28,2,0,0,1,1498,4,2,4,237,162,0,0,0,105,0,3,0,4,677,0,12184,619,0,5111,12,1,16,30,8,23,3,78,13,0,2037,1,580,0,439,5,3,740,0,22,1211,18,1,7,2,1,7,16,0,0,0,0,0,0,0,2,10,0,0,0,0,0,0,0,0,0,0,3,0,0,0,0,1,1,2,0,0,0,0,0,0,2,0,0,0,0,0,0,5,0,0,4,0,0,25,0,0,0,0,0,0,0,1,0,0,0,0,1,0,0
"BRYOZOA","Membranipora_membranacea","SRR2131259",1275800,19,1,2438,2,0,16,4295,591,8,19490,111,0,0,242,1051,0,324,314,1,1,0,14,28972,3,0,20,15101,3729,1,0,0,8337,1,90,0,0,45110,0,288061,81097,1,241183,777,0,3352,2918,4,548,1,3088,0,2,80384,96,47119,0,28372,11,95,45190,0,5,110001,50,8,1,2,3,7,1,0,1,0,0,0,0,0,38,5,0,1,0,0,0,0,0,0,0,0,112,0,0,55,0,0,78,0,131,0,0,0,0,0,0,2,0,0,0,5,0,0,0,0,8,0,0,0,0,0,0,0,0,0,0,1,0,0,0,10,0,0,0
"BRYOZOA","Schizoporella_errata","SRR11784297",766602,34,12,658,41,0,146,1376,335,4,12131,11,0,1,128,2888,0,17,126,0,0,0,82,21216,104,3,12,9910,3270,0,1,0,5688,14,30,0,3,26659,0,236382,27389,0,126694,316,3,897,1308,70,135,87,5148,30,61,51872,77,14106,0,4634,2,22,20237,0,9,68212,18,4,135,91,2,3,6,1,1,0,0,0,0,0,31,2,0,0,1,0,1,0,1,1,0,0,35,0,225,3,0,0,21,0,54,0,211,0,0,0,0,0,19,6,33,2,0,1,0,0,0,0,0,1,1,0,0,0,0,0,0,49,1,0,0,0,0,0,0
"BRYOZOA","Watersipora_subtorquata","SRR11783869",858543,325,0,467,65,0,137,3192,428,131,15958,3,0,0,181,1451,0,3,104,1,0,0,1,45505,8,13,1,10252,2490,0,1,0,5007,8,19,0,30,29423,0,227979,24722,0,163127,842,2,2430,1228,54,74,35,3605,10,15,48510,172,13362,0,5081,20,30,14700,0,361,110998,8,3,1,3,6,24,2,1,0,0,0,0,0,0,33,0,0,0,0,0,0,0,0,0,0,25,3,0,6,5,0,0,8,1,27,0,2,0,0,3,0,13,21,443,61,23,0,0,0,0,2,1,0,0,1,0,0,1,0,0,0,43,0,0,0,15,0,0,0
"CHAETOGNATHA","Eukrohnia_hamata","SRR7754745",278346,57,0,117,67,0,96,136,37,5,1787,38,1,0,12,122,0,83,35,29,0,1,0,4750,18,18,8,3324,748,0,3,0,1398,61,3,1,0,8657,0,75955,14315,0,44596,75,0,104,995,13,153,6,1196,7,9,20001,1103,2597,0,118,4,10,7272,0,40,60524,3,2,9,3,4,5,0,0,2,0,0,0,0,0,90,3,0,0,0,0,1,0,0,0,0,0,3,0,1,2,0,1,6,1,0,0,0,0,0,0,1,0,0,0,1,0,0,0,0,0,4,1,0,13,1,0,0,0,0,0,0,0,0,0,0,0,0,0,0
"CHAETOGNATHA","Krohnitta_subtilis","SRR7754744",270313,111,0,109,68,0,2842,1648,70,22,2621,2,1,1,24,1160,0,10,963,4,0,0,18,6097,46,9,37,1476,956,0,2,0,974,69,19,0,0,17413,0,82730,4430,0,41097,222,11,258,206,23,131,8,1094,24,5,16950,306,7014,0,334,2,23,12450,0,163,24542,4,33,19,19,4,56,9,32,5,0,0,0,0,0,82,4,0,0,1,0,0,0,1,0,0,0,2,0,1,0,1,4,3,0,3,0,2,1,0,2,1,0,0,0,0,11,0,0,0,0,1,0,0,1,17,0,0,0,0,0,0,0,6,0,0,0,31,0,0
"CHAETOGNATHA","Paraspadella_gotoi","SRR8149062",710734,686,0,2443,117,1,111,2137,473,2,9956,151,1,1,169,1557,1,931,344,10,0,1,2,19805,133,14,285,3958,6242,1,1,0,6438,412,3,0,2,42847,0,269799,18754,0,78060,951,2,299,640,14,384,10,3373,435,44,55740,46,15958,0,2172,3,335,27105,0,942,41656,5,6,13,9,4,18,3,157,9,0,0,0,1,0,158,3,0,0,1,0,0,0,0,0,0,1,3,0,2,6,0,0,259,0,4,0,1,0,0,57,2,0,17,0,10,7,0,0,0,0,117,0,0,2,3,0,0,0,0,0,0,0,0,0,0,1,1,0,1
"CHAETOGNATHA","Pterosagitta_draco","SRR7754743",365902,72,0,371,286,0,55,1140,214,7,3229,3,0,1,25,829,2,13,107,0,0,0,0,7397,19,113,12,5304,2480,1,3,1,4543,459,2,0,0,11827,0,104616,16098,0,55382,284,1,453,2075,40,268,35,1780,28,2,38119,606,7009,0,478,115,99,10133,0,948,48812,0,1,7,6,15,19,37,29,3,0,0,0,0,0,42,6,0,0,0,0,0,0,0,0,0,3,4,0,2,0,0,2,12,36,9,2,1,0,0,49,4,0,0,0,1,0,0,2,0,0,6,0,0,6,13,0,1,1,0,0,0,0,0,1,0,0,1,0,0
"CHAETOGNATHA","Sagitta_elegans","SRR7754742",801577,48,1,334,385,0,78,1478,88,8,3923,1,1,1,20,786,1,15,31,0,0,0,2,12297,9,19,34,7516,2133,3,0,0,4367,846,5,0,0,24144,0,200500,34529,0,81750,886,2,272,2332,23,111,38,4702,21,7,63800,106,10470,0,283,8,40,16778,0,1616,258797,2,4,15,4,9,5,219,9,3,0,0,0,0,0,34,2,0,0,0,0,5,0,0,0,0,0,81,0,9,1,0,0,9,1,4,1,5,0,0,0,2,0,0,0,17,5,3,0,0,0,5,0,0,41,7,0,0,1,0,0,0,0,0,2,0,0,0,0,0
"CHAETOGNATHA","Sagitta_gazellae","SRR7754749",372017,51,0,253,15,0,26,1261,128,5,1461,4,5,2,4,418,0,9,371,2,0,0,2,3379,6,7,15,4557,1936,0,0,0,2773,306,1,1,0,6020,0,75023,14659,0,43492,168,2,171,775,5,33,1,1804,0,2,24959,253,3706,0,85,1,49,5786,0,90,146201,1,1,5,1,3,8,9,7,1,0,0,0,0,0,22,3,0,0,0,0,0,0,0,0,0,0,0,0,5,1,0,0,2,0,3,0,1,0,0,0,95,0,0,0,0,0,0,0,0,0,0,0,0,0,288,0,0,0,0,0,0,0,0,0,0,0,0,0,0
"CHAETOGNATHA","Sagitta_hexaptera","SRR7754748",411641,65,0,238,23,0,58,1067,79,10,2522,3,25,0,9,531,0,13,64,0,0,0,0,5948,1,3,67,3338,1040,0,0,0,2162,524,2,0,0,11699,0,112189,16704,0,66752,225,1,269,974,56,417,8,2237,29,0,30869,52,6281,0,249,0,1,8953,0,128,94365,40,34,0,0,0,0,1,14,5,0,0,0,0,0,665,0,0,1,0,0,3,0,0,0,0,0,0,0,3,0,1,0,22,0,4,1,1,0,0,17,9,0,0,0,2,0,0,0,0,0,0,0,0,0,0,0,0,0,0,0,0,0,0,0,0,0,0,0,0
"CHAETOGNATHA","Sagitta_serratodentata","SRR7754747",353336,82,0,444,23,0,27,799,112,3,2410,4,3,1,12,389,3,10,53,0,0,0,0,4882,17,1,22,4650,1148,0,2,0,2133,338,1,0,0,15548,0,110368,17437,0,53187,110,0,378,1311,6,100,3,2396,10,10,32280,263,6308,0,410,41,30,9960,0,19,45499,4,3,11,2,3,4,56,15,7,0,0,0,0,0,207,2,0,0,0,0,0,0,1,0,0,0,211,0,1,0,0,3,13,0,4,2,0,0,0,2,9,0,10,0,2,0,0,0,0,0,1,0,0,1127,45,0,0,1,0,0,0,0,0,0,0,0,28,0,0
"CHAETOGNATHA","Sagitta_setosa","SRR7754746",436385,61,0,252,20,0,24,1180,62,2,3405,7,0,0,12,580,0,4,36,31,0,0,0,9130,2,34,34,7064,1165,0,0,0,3081,312,6,0,0,10663,0,117917,23215,12,71390,434,0,192,1517,10,80,2,1817,18,10,37378,457,7479,0,263,9,9,11447,0,682,83013,4,4,5,0,0,1,0,1,9,0,0,0,0,0,38,2,0,0,0,0,0,0,0,0,0,0,1,0,2,1,0,0,5,7,3,0,1,0,0,1,0,0,0,0,6,0,0,0,0,0,0,0,0,1,6,0,0,1,0,0,0,1,0,0,0,6,0,0,0
"CHAETOGNATHA","Spadella_cephaloptera","SRR7754750",297695,34,0,655,159,0,21,466,34,5,5454,0,2,0,12,264,0,4,124,0,0,0,0,7475,5,0,1,6456,2352,3,5,0,1489,471,6,0,0,12920,0,106277,5241,0,44508,207,0,113,539,876,6,2,919,7,1,27127,18,5768,0,232,280,20,11254,0,120,19124,1,0,2,3,0,0,1,0,1,0,0,0,0,0,126,1,0,0,0,0,1,0,0,0,0,2,2,0,1,32,0,0,4,0,1286,0,0,0,0,3,0,0,0,0,2,1,0,0,0,0,0,0,0,0,8,0,0,0,0,0,0,0,0,0,0,0,0,0,0
"CNIDARIA","Acropora_hyacinthus","SRR8464846",156889,0,0,100,0,0,0,65,0,0,597,0,0,0,0,0,0,0,0,0,0,0,0,8299,0,0,0,1946,33,0,288,0,123,0,0,0,0,3546,0,35115,5286,0,14087,432,0,9,1,0,0,0,1161,0,0,10790,0,700,0,972,0,101,1940,0,0,44938,0,0,0,0,0,0,0,0,0,0,0,0,0,0,0,0,0,0,0,0,0,0,0,0,0,0,0,0,0,0,0,0,0,0,0,0,0,0,0,0,0,0,0,0,0,0,0,0,0,0,0,0,0,0,0,0,0,0,0,0,0,0,0,0,0,0,0,0,0
"CNIDARIA","Aequorea_victoria","SRR9606756",231410,26,0,0,0,0,0,1,0,0,401,0,1,0,0,0,0,0,0,0,0,0,0,9014,0,0,0,15080,169,0,0,0,144,0,0,0,0,1394,0,32702,18012,0,44267,8,0,0,0,0,1,2,747,0,0,35703,0,1522,0,34,0,60,3799,0,0,43059,0,0,0,1,0,0,0,0,0,0,0,0,0,0,0,0,0,0,0,0,0,0,0,0,0,0,0,0,0,0,0,0,0,0,0,0,0,0,0,0,0,0,0,0,0,0,0,0,0,0,0,0,0,0,0,0,0,0,0,0,0,0,0,0,0,0,0,0,0
"CNIDARIA","Dendronephthya_gigantea","SRR8293935",247926,0,0,115,0,0,0,56,0,0,724,0,0,0,0,0,0,0,0,0,0,0,0,2835,0,0,0,4272,105,0,0,0,248,0,0,0,0,577,0,78792,32870,0,34119,328,0,0,137,0,0,0,1049,0,0,4665,6,625,0,1088,0,132,2171,0,1,56004,2,0,0,0,0,0,0,0,0,0,0,0,0,0,0,0,0,0,0,0,0,0,0,0,0,0,0,0,0,0,0,0,0,0,0,0,0,0,0,0,0,0,0,0,0,0,0,0,0,0,0,0,0,0,0,0,0,0,0,0,0,0,0,0,0,0,0,0,0
"CNIDARIA","Halistemma_rubrum","SRR6512852",195063,95,1,0,0,0,0,43,0,0,315,0,0,0,0,0,0,0,0,0,0,0,0,6501,0,0,0,1737,79,0,0,0,53,0,0,0,0,729,0,30022,6079,0,36827,60,0,0,15,0,0,0,908,0,0,7826,16,1200,0,5,0,0,4239,0,0,82667,0,0,0,0,0,0,0,0,0,0,0,0,0,0,0,0,0,0,0,0,0,0,0,0,0,0,0,0,0,0,0,0,0,0,0,0,0,0,0,0,0,0,0,0,0,0,0,0,0,0,0,0,0,0,0,0,0,0,0,0,0,0,0,0,0,0,0,0,0
"CNIDARIA","Porites_lutea","SRR8386112",200414,1,3,85,0,0,0,204,0,0,1365,0,0,0,0,0,0,0,0,0,0,0,0,8262,0,0,0,5744,278,0,0,0,559,0,0,0,0,2280,0,42909,20823,0,28048,100,0,60,48,0,0,0,1184,0,0,9624,0,216,0,630,0,23,3224,0,0,37969,0,0,0,0,0,0,0,0,0,0,0,0,0,0,0,0,0,0,0,0,0,0,0,0,0,0,0,0,0,0,0,0,0,0,0,0,0,0,0,0,0,0,0,0,0,0,0,0,0,0,0,0,0,0,0,0,0,0,0,0,0,0,0,0,0,0,0,0,0
"CTENOPHORA","Beroe_pileus","SRR789901",331515,1,38,177,0,0,7,170,7,0,2184,3,0,0,157,25,0,144,60,0,4,0,0,15165,0,1,79,220,180,0,11,2,356,2,3,0,0,7765,0,110918,19130,0,82517,104,0,31,89,6,38,3,1384,1,0,22214,84,4334,0,817,4,5,3606,0,9,38828,2,0,0,0,0,0,0,0,0,0,0,0,0,0,3,0,0,0,0,0,0,0,0,0,0,0,4,0,0,3,0,0,1,1,4,0,0,0,0,0,0,0,0,0,0,1,0,0,1,0,0,0,0,2,0,0,0,0,0,0,0,0,0,0,0,0,0,0,0
"CTENOPHORA","Beroe_sp.","SRR5892577",1058346,16,57,23,1,0,14,110,5,4,4906,5,0,0,2,9,0,27,37,0,0,0,3,4943,8,0,12,6100,188,0,3,0,339,5,0,0,0,21784,0,382428,40461,0,106745,6,4,312,43,5,24,10,1327,7,0,93962,24,15392,0,146,2,29,28480,0,31,285206,6,14,3,4,1,1,45,2,0,0,0,0,0,0,33,1,0,0,0,0,0,0,0,0,0,1,12,0,1,1,0,0,0,1,1,0,3,0,0,0,0,0,0,0,0,0,1,0,0,0,2,0,2,0,0,0,0,0,0,0,0,0,0,0,0,0,0,0,0
"CTENOPHORA","Bolinopsis_ashleyi","SRR5892570",465556,34,1,124,3,0,31,4831,19,7,6570,6,3,0,4,2,1,8,1864,6,2,0,6,37163,9,2,9,14438,311,0,1,0,585,0,10,0,11,10335,0,142208,673,0,187177,3,2,11,35,15,127,3,72,3,1,14586,35,3722,0,282,19,102,16915,0,15,3932,6,6,1,1,4,8,0,2,2,0,0,0,1,0,5,3,0,0,0,0,0,0,1,1,0,1,8,0,0,2,0,0,2,0,1,3,2,0,0,0,2,0,0,0,1,0,0,7,1,0,2,0,0,6,4,0,6,0,0,1,1,0,0,0,0,1,0,0,0
"CTENOPHORA","Bolinopsis_infundibulum","SRR786491",139731,1,44,5,0,0,5,28,23,0,1817,1,0,0,0,6,0,2,64,4,0,0,1,445,32,4,2,542,87,0,2,0,399,0,1,0,0,3973,1,43697,27863,0,14582,1,0,6,14,4,23,1,407,19,2,8422,6,6144,0,143,1,14,2771,0,5,19083,20,0,0,0,0,0,0,0,0,0,0,0,0,0,1,4,0,0,0,0,0,0,0,0,0,0,1,0,0,0,0,0,0,16,0,0,0,0,0,1,0,0,0,0,0,0,0,0,0,0,0,0,0,0,0,0,0,0,0,0,0,0,0,0,0,0,0,0,0
"CTENOPHORA","Coeloplana_astericola","SRR786490",143844,1,59,11,0,0,1,221,1,27,1471,0,0,0,9,15,0,0,28,0,0,0,0,216,0,3,0,34,467,0,2,0,450,1,0,0,0,2495,0,62827,7888,0,11738,0,0,599,10,3,18,2,369,6,0,13437,9,2550,0,349,16,7,785,0,8,28774,2,1,0,27,3,1,0,0,0,0,0,0,0,0,1,0,0,0,0,0,0,9,0,0,0,0,2,0,0,1,0,0,0,1,0,0,0,0,0,0,0,0,0,0,1,2,0,0,0,0,0,0,0,0,0,0,0,0,0,0,0,2,0,0,0,0,0,0,0
"CTENOPHORA","Coeloplana_sp.","SRR3407215",1614350,25,461,337,17,0,29,6047,4,39,31489,33,14,0,515,863,1,190,462,4,0,0,1,15527,10,3,7,18102,3616,0,0,0,6401,2,37,0,0,64495,0,550831,75101,0,234115,229,1,846,464,13,85,1,4709,362,6,116055,55,39663,0,3987,130,422,25029,0,209,290222,11,4,3,190,2,2,2,37,158,0,1,0,0,0,12,2,0,0,0,0,8,54,1,0,0,1,1,0,2,6,0,0,1,0,11,0,3,0,0,0,18,0,0,1,51,4,0,0,0,2,3,0,0,0,2,0,0,0,0,0,0,28,1,0,0,1,0,0,0
"CTENOPHORA","Dyrodora_glandiformis","SRR777788",130856,1,4,17,18,0,0,93,12,1,2504,0,4,0,3,2,0,0,2,2,0,0,0,1960,57,0,4,387,124,0,0,0,264,0,0,0,0,4311,0,31720,10949,0,14130,3,0,13,89,3,9,0,207,1,0,14569,2,1131,0,45,2,5,1023,0,100,42558,1,0,0,1,2,0,1,1,0,0,0,0,0,0,0,21,0,0,0,0,0,0,0,0,0,0,0,0,0,0,0,0,1,0,1,0,0,0,0,0,0,0,0,0,0,0,0,0,0,0,0,0,0,15,0,0,0,0,0,0,0,5,0,0,0,0,0,0,0
"CTENOPHORA","Lampea_sp.","SRR9162937",943837,58,215,98,9,0,16,108,470,1,4849,9,0,0,7,523,0,82,83,0,0,0,60,14494,5,1,12,6536,1507,0,1,0,9687,5,1,0,0,39604,0,332000,33527,0,112858,232,0,107,1317,32,382,3,5088,174,1,92943,53,17823,0,1373,12,1289,10863,0,28,160115,20,2,6,1,0,1,2,1,1,0,0,0,0,0,9,29,0,0,0,0,2,0,0,1,0,0,0,0,38,7,0,0,2,302,12,0,0,0,0,0,222,0,2,0,0,0,0,2,0,0,8,0,0,0,1,0,0,0,0,0,0,3,0,0,0,0,0,0,0
"CTENOPHORA","Lampetia_pancerina","SRR3407163",831552,41,151,183,15,0,1,137,610,3,15832,1,0,0,0,141,0,21,61,0,0,0,1,12250,0,1,3,9678,1970,1,0,0,6428,0,0,0,0,45342,0,312550,26005,0,116915,86,2,130,1850,9,78,2,5519,101,1,74620,17,15800,0,595,4,254,15442,0,5,86215,1,1,10,0,0,0,0,1,0,0,0,0,0,0,6,67,0,0,0,0,0,0,0,0,0,0,1,0,1,1,0,0,2,168,25,0,0,0,0,0,841,0,2,0,0,0,0,0,1,0,0,0,0,0,1,1,0,0,0,0,0,2,0,0,0,0,0,0,0
"CTENOPHORA","Mertensiidae_sp.","SRR786492",158486,3,19,12,0,0,5,26,23,0,2294,0,0,0,2,7,0,0,40,0,0,0,2,303,39,0,4,812,69,0,0,0,430,0,2,0,0,4398,0,53810,23375,0,15837,3,0,5,28,3,31,4,213,30,2,10269,8,9107,0,78,1,13,2857,0,8,25304,34,1,1,0,0,1,0,1,0,0,0,0,0,0,2,1,0,0,0,0,0,0,0,0,0,0,0,0,0,0,0,0,0,45,0,0,0,0,0,0,0,0,0,0,0,0,0,0,0,0,0,0,1,0,0,0,0,0,0,0,0,0,0,0,0,0,0,0,0
"CTENOPHORA","Mnemiopsis_leidyi","SRR4374742",369703,10,8,531,392,0,1,131,17,0,2777,0,0,0,2,163,0,2,180,0,17,0,1,3674,511,138,3,1244,1971,0,0,0,2400,0,1,0,0,11191,1,171259,7859,0,45204,65,0,205,163,2,260,1,2034,51,3,31977,9,9949,0,2281,74,274,13223,0,364,11817,4,0,2,0,0,0,0,1,0,0,0,0,0,0,19,0,0,0,0,0,0,1,0,0,0,0,20,0,9,0,0,0,2,0,3,0,0,0,0,0,0,0,0,0,1,0,0,0,0,0,0,0,0,1,3,0,0,1,0,0,0,1,0,0,0,0,0,0,0
"CTENOPHORA","Pleurobrachia_sp.","SRR5892573",302180,14,17,61,3,0,12,651,12,4,3269,4,0,2,12,23,0,6,49,1,0,0,1,8262,16,50,16,9862,490,0,2,0,1205,0,27,0,1,9300,0,124449,68,0,37136,59,1,29,16,53,267,10,35,35,4,18431,29,6509,0,206,10,53,8667,0,8,53784,33,8,4,25,3,5,2,1,0,0,0,0,0,0,30,10,0,0,0,0,1,0,0,1,0,0,1,0,1,0,0,1,0,1,2,0,3,0,0,1,2,1,0,0,1,0,0,0,0,0,3,0,0,1,2,0,0,0,0,0,0,0,0,1,0,1,0,0,0
"CTENOPHORA","Pukia_falcata","SRR5892572",440817,25,11,36,5,0,41,535,12,18,7497,21,0,5,7,270,0,5,208,1,0,0,6,14721,31,15,24,10527,658,0,18,0,994,1,34,0,11,13423,0,165423,8586,0,72864,161,1,54,104,33,98,11,136,125,1,25045,12,6484,0,554,19,194,10597,0,15,72517,28,3,1,2,2,6,2,4,1,1,0,0,0,1,123,13,0,0,0,0,0,0,0,0,0,0,4,0,1,9,0,1,0,2,20,0,1,0,0,0,3,0,0,2,2,0,0,0,0,0,5,1,0,1,3,0,0,0,0,0,0,1,0,0,0,1,0,0,0
"CTENOPHORA","Vallicula_multiformis","SRR3407164",856903,1,0,60,39,0,9,1152,195,4,30786,321,22,0,44,299,0,4,175,41,0,0,7,12355,8,1,7,13070,1897,0,3,0,2957,0,1,1,0,31676,1,282408,25496,0,133412,162,0,278,1232,2,157,3,3608,68,8,69939,5,23661,0,2617,59,168,12567,0,12,115493,2,1,64,4,8,1,0,0,1,0,0,1,0,0,5,1,0,0,0,0,0,0,0,0,0,0,75,0,558,3,0,0,76,1,15,0,0,0,0,0,1,0,0,18,11,0,0,0,0,0,5,0,0,1,0,0,0,0,0,0,0,1,0,0,0,0,0,0,0
"CTENOPHORA","Vampyroctena_delmarvensis","SRR9162936",1859912,99,42,101,8,0,19,295,133,4,12178,8,1,0,51,1331,0,60,132,7,0,0,12,37170,10,2,10,12117,1519,1,1,0,8676,13,5,0,0,57908,0,620894,88226,0,188303,51,1,364,552,40,562,18,10573,67,57,165300,319,51206,0,1449,22,533,29666,6,59,369144,7,16,7,6,2,76,6,5,0,0,8,0,0,0,20,14,1,0,0,0,0,1,0,0,0,1,61,0,1,1,0,0,3,707,2,0,3,0,0,1,1,0,0,0,1,15,0,0,0,0,0,0,0,8,3,0,0,0,0,0,0,0,0,0,1,1,1,0,0
"CYCLIOPHORA","Symbion_americanus","SRR15713750",291413,155,0,239,4,0,15,219,63,3,3130,15,1,0,10,203,1,14,50,0,3,1,69,4840,15,17,9,327,1442,0,4,0,2116,9,20,0,4,8981,1,82740,4712,0,48359,57,3,108,227,3,151,4,3029,13,0,18307,9,5680,0,723,2,24,8052,0,106,59562,117,2,1,1,2,9,0,4,0,0,0,0,0,0,5,1,0,0,0,0,0,0,0,0,0,0,14,0,5,2,0,0,1,0,4,0,0,0,0,3,0,0,2,0,12,1,0,1,0,0,1,0,0,4,3,0,0,0,0,1,0,0,0,1,0,0,0,0,0
"CYCLIOPHORA","Symbion_pandora","SRR3102772",156782,9,0,544,60,0,86,109,47,8,2107,11,0,0,15,585,1,22,34,28,0,1,5,4895,4,4,122,2926,371,0,1,0,1007,2,1,0,5,7699,0,58869,4128,0,24583,63,0,67,112,33,37,3,683,16,0,10916,8,3013,0,251,2,78,4319,0,388,5794,7,1,3,3,0,1,1,0,0,0,0,0,0,0,11,1,0,0,0,0,1,0,0,0,0,0,3,0,46,0,1,0,0,0,1,0,0,0,0,0,0,0,0,0,10,0,0,116,1,0,7,0,0,56,0,0,0,0,0,0,0,0,0,0,0,0,0,0,0
"CYCLIOPHORA","Symbion_sp.","SRR8670231",858671,27,0,380,1020,0,40,15,37,8,5573,20,2,2,9,231,0,2,27,3,0,1,63,12306,5,12,18,297,8497,6,1,0,1730,1,8,1,0,39678,0,153275,76200,1,135095,7,1,16,22,10,99,7,2871,91,4,48253,15,2474,0,150,8,13,96525,0,15,80401,6,6,24,3,4,10,6,2,2,0,0,0,0,0,13,1,0,0,0,0,0,0,0,0,0,2,2,0,73,1,0,0,0,0,0,1,3,0,0,0,2,0,0,0,0,0,0,0,0,0,9,0,1,0,1,0,0,0,0,0,0,1,2,1,0,1,1,0,0
"DICYEMIDA","Dicyema_japonicum","SRR8061632",673442,323,0,1297,0,0,3,5944,2,1,9786,3,0,0,148,10,1,16,332,0,2,0,157,44404,2,0,42,1612,3275,0,0,0,4050,1,1,0,69,27673,0,268788,185,0,58200,0,2,829,2385,14,13,1,2856,7,1,22817,608,12732,0,26439,29,52,9825,0,102,74564,7,0,1,0,1,0,0,113,3,0,0,0,0,0,5,0,0,0,0,0,0,0,0,2,4,0,119,0,1,1,0,0,16,0,8,0,1,0,0,0,0,0,0,0,2,0,0,0,0,0,0,0,0,0,0,0,0,0,0,0,0,0,0,16,0,2,0,0,0
"DICYEMIDA","Dicyemida_sp.","SRR9670663",468588,22,0,6,45,0,27,4256,2,3,29034,2,1,0,6,0,1,1,41,1,0,0,0,5653,1775,4,41,68,230,1,2,0,93,0,11,0,0,1122,0,241204,26,1,17454,2,1,3,12,10,42,5,7,17,10,54305,18,110,0,4971,10,38,864,0,28,11770,3,3,12,8,0,1,8,1,3,0,0,0,0,0,14,2,1,0,0,0,0,0,0,0,0,0,1,0,4,3,0,1,0,1,0,0,1,0,0,0,0,0,0,0,1,0,0,0,1,0,0,0,0,0,0,0,0,0,0,0,0,0,0,0,0,0,0,0,0
"ECHINODERMATA","Apostichopus_japonicus","SRR15714765",73490,20,0,4,0,0,0,20,0,0,144,0,0,0,0,0,0,0,0,0,0,0,1,5246,1,0,0,1271,80,0,0,0,158,0,0,0,0,361,0,6577,5368,0,15482,10,0,0,149,0,1,123,500,0,0,2043,1,68,0,15,0,9,541,0,15,24462,0,0,0,0,0,0,0,2,0,0,0,0,0,0,0,0,0,0,0,0,0,0,0,0,0,0,0,0,0,0,0,0,0,0,0,0,0,0,0,0,0,0,0,0,0,0,0,0,0,0,0,0,0,0,0,0,0,0,0,0,0,0,0,0,0,0,0,0,0
"ECHINODERMATA","Cladolabes_schmeltzii","SRR6023958",13801,31,0,0,0,0,0,27,0,0,87,0,0,0,0,0,0,0,0,0,0,0,0,428,0,0,0,255,15,0,0,0,23,0,0,0,0,105,0,1745,8,0,1833,3,0,0,9,0,0,0,15,0,0,272,0,39,0,180,0,0,184,0,0,1678,0,0,0,0,0,0,0,0,0,0,0,0,0,0,0,0,0,0,0,0,0,0,0,0,0,0,0,0,0,0,0,0,0,0,0,0,0,0,0,0,0,0,0,0,0,0,0,0,0,0,0,0,0,0,0,0,0,0,0,0,0,0,0,0,0,0,0,0,0
"ECHINODERMATA","Holothuria_leucospilota","SRR15275182",77157,48,0,1,0,0,0,69,0,0,107,0,0,0,0,3,0,0,0,0,0,0,0,7617,1,0,0,3424,19,0,0,0,92,0,0,0,0,311,0,5287,6972,0,18658,39,0,0,143,0,1,0,236,0,5,1963,0,29,0,14,0,18,674,0,2,18921,0,0,0,0,0,0,0,0,0,0,0,0,0,0,0,0,0,0,0,0,0,0,0,0,0,0,0,0,0,0,0,0,0,0,0,0,0,0,0,0,0,0,0,0,0,0,0,0,0,0,0,0,0,0,0,0,0,0,0,0,0,0,0,0,0,0,0,0,0
"ECHINODERMATA","Loxechinus_albus","SRR7348691",54661,6,0,0,0,0,0,28,0,0,41,0,0,0,0,0,0,0,0,0,0,0,0,7169,0,0,0,835,26,0,0,0,14,0,0,0,0,427,0,2740,638,0,10245,35,0,0,7,0,1,0,101,0,0,1093,0,16,0,2,0,0,477,0,0,26174,0,0,0,0,0,0,0,0,0,0,0,0,0,0,0,0,0,0,0,0,0,0,0,0,0,0,0,0,0,0,0,0,0,0,0,0,0,0,0,0,0,0,0,0,0,0,0,0,0,0,0,0,0,0,0,0,0,0,0,0,0,0,0,0,0,0,0,0,0
"ECHINODERMATA","Paracentrotus_lividus","SRR10957072",111653,1,0,1,0,0,0,48,0,0,157,0,0,0,0,0,0,0,0,0,0,0,0,6398,0,0,0,1016,60,0,0,0,57,0,0,0,0,516,0,8549,2819,0,33676,2,0,0,29,0,0,0,312,0,0,3343,5,45,0,875,0,0,1415,0,0,39007,0,0,0,0,0,1,0,0,0,0,0,0,0,0,0,0,0,0,0,0,0,0,0,0,0,0,0,0,0,0,0,0,0,0,0,0,0,0,0,0,0,0,0,0,0,0,0,0,0,0,0,0,0,0,0,0,0,0,0,0,0,0,0,0,0,0,0,0,0
"ENTOPROCTA","Barentsia_gracilis","SRR1611554",56446,8,385,6,0,0,7,39,10,6,580,0,0,0,0,7,0,3,47,93,0,0,8,3637,0,0,4,2542,67,0,0,0,134,3,34,0,105,1738,0,13229,2416,0,13025,4,0,4,49,1,15,0,20,2,1,3390,7,432,0,71,0,12,1209,0,10,3980,1,0,1,0,153,1,2,0,0,0,0,0,0,0,3,1,0,0,0,0,0,0,0,0,0,0,11,0,0,4,0,0,0,2,0,0,0,0,0,0,0,0,0,0,2,0,0,1,0,0,0,0,1,0,2,0,0,2,0,0,0,0,0,0,0,0,0,0,0
"ENTOPROCTA","Loxomitra_sp.","SRR9589082",523251,14,0,1,9,0,3,41,7,3,379,0,0,0,2,0,0,1,2,1,0,0,0,15445,0,0,1,5441,26,0,0,0,45,0,0,0,0,4371,0,86662,20476,0,136658,730,0,7,10,4,23,0,6,1,2,81580,0,7724,0,0,0,1,10827,0,0,107100,0,3,0,0,5,0,0,0,0,0,0,0,0,0,0,0,0,0,0,0,0,0,0,0,0,0,3,0,0,0,0,0,0,0,0,0,0,0,0,0,0,0,0,0,0,0,0,0,0,0,0,0,0,0,6,0,0,0,0,0,0,0,0,0,0,0,0,0,0
"ENTOPROCTA","Loxosoma_pectinaricola","SRR1611559",176859,38,8,5,0,0,11,163,99,1,839,1,0,0,9,2,0,1,32,5,5,0,6,7210,3,1,3,1588,55,0,1,3,348,5,1,1,6,2607,0,76786,8243,0,33003,2,2,15,57,2,10,1,241,8,0,23428,2,960,0,43,0,101,3592,0,3,7018,0,0,1,0,5,5,0,0,0,0,0,0,0,0,8,0,0,0,1,0,0,0,0,0,0,0,19,0,0,1,0,0,0,0,0,0,0,0,0,1,3,0,0,0,0,0,0,1,0,0,1,0,0,0,0,0,0,0,0,0,0,3,0,0,0,0,0,0,0
"GASTROTRICHA","Mesodasys_laticaudatus","SRR1797883",57783,15,10,257,20,0,30,161,83,0,428,37,0,0,8,602,0,0,29,0,0,0,118,914,10,1,25,979,382,1,0,0,515,0,2,0,1,1315,0,10851,1016,0,9502,72,0,35,131,5,81,2,215,16,9,2323,131,937,0,668,0,63,1288,0,14,8685,9,2,2,61,9,21,1,11,0,0,0,0,0,0,11,3,0,0,0,0,0,0,0,0,0,0,8,0,0,0,0,0,3,0,0,0,0,0,0,1,11,0,0,0,0,4,0,7,0,0,0,0,0,0,0,0,0,0,0,0,0,1,0,0,0,0,0,0,0
"GNATHOSTOMULIDA","Austrognathia_sp.","SRR1976176",24873,2,10,9,1826,0,2,18,13,2,113,10,0,0,0,13,0,2,12,0,0,0,0,427,21,1,1,43,29,0,0,0,87,17,0,0,0,5369,0,4472,741,0,3471,21,0,0,14,6,0,0,78,10,0,1188,17,303,0,136,1,12,494,0,0,3263,0,0,0,0,0,0,0,1,0,0,0,0,0,0,0,0,0,0,0,0,0,0,0,0,0,0,0,0,24,0,0,0,0,2,0,0,0,0,0,0,0,0,7,0,0,0,0,0,0,0,0,0,0,0,0,0,0,0,0,0,0,0,0,0,0,0,0,0,0
"HEMICHORDATA","Balanoglossus_sp.","SRR1695460",186193,14,0,36,1,0,9,164,282,0,2992,6,0,0,2,21,0,0,35,0,0,0,0,4695,5,1,2,248,191,0,0,0,892,18,0,0,0,3923,0,33871,2283,0,30010,13,0,27,191,9,35,0,1628,11,5,4492,8,3149,0,602,1,55,1514,0,12,78845,0,5,0,0,0,62,0,1,0,0,0,0,0,0,1,2,0,0,0,6,0,0,0,0,0,0,0,0,0,0,3,0,1,0,0,0,0,0,0,0,0,0,27,0,0,0,0,0,0,0,0,0,0,0,0,0,0,0,0,0,0,12,0,0,0,0,0,0,0
"HEMICHORDATA","Enteropneusta_sp.","SRR1695469",22984,3,80,4,0,0,10,43,10,0,238,5,0,1,3,3,0,2,21,0,0,0,5,1256,0,4,1,204,77,0,0,0,130,0,0,0,0,720,0,5524,287,0,5608,11,0,6,42,4,18,0,134,25,0,556,58,415,0,1067,4,13,360,0,1,2092,0,2,0,1,0,2,1,0,0,0,0,0,0,0,6,0,0,0,0,0,1,0,0,0,0,0,0,0,1,0,0,0,2,1,0,0,0,0,0,0,0,0,4,0,0,2,0,0,0,0,2,0,0,1,1,0,0,0,0,0,0,2,0,0,0,0,0,0,0
"HEMICHORDATA","Saccoglossus_mereschkowskii","SRR1695461",110239,77,7,41,1,0,1,543,23,0,966,26,0,0,18,18,1,0,69,0,0,0,1,1609,1,0,12,142,185,1,6,0,533,0,0,0,3,3014,0,20788,1603,0,16614,42,0,15,223,3,92,0,405,5,3,4417,8,1463,0,255,135,215,2495,0,15,33257,2,0,3,0,0,0,0,0,0,0,0,0,0,0,3,4,0,0,0,0,0,0,0,0,0,0,1,0,1,4,0,0,0,0,0,5,0,0,0,0,0,0,1,0,0,10,0,0,0,0,98,0,0,0,0,0,0,0,0,0,0,22,0,0,0,5,0,0,0
"KINORHYNCHA","Echinoderes_dujardinii","SRR8627696",252060,12,0,6,98,0,3,4,7,0,124,0,0,0,2,0,0,1,17,2,0,0,0,311,1,0,1,3,76,0,0,0,7,0,0,0,0,2007,0,101512,25622,0,15924,1,0,34,0,0,559,0,117,6,0,37425,3,23876,0,1,1,1,10665,0,1,9393,0,0,1,1,0,2,0,16,47,0,0,0,0,0,2,1,0,0,0,0,1,0,0,0,0,0,10,0,0,0,0,0,0,3,0,0,7,0,0,0,0,0,0,0,0,2,0,0,0,0,2,0,0,0,0,0,0,0,0,0,0,0,0,0,0,0,0,0,0
"LORICIFERA","Armorloricus_elegans","SRR2131253",74420,30,0,6,13,0,0,19,258,3,466,2,14,0,1,2,0,2,11,2,149,0,1,1074,18,2,9,210,123,0,0,0,332,0,142,0,1,5046,0,28662,2636,0,20882,9,0,0,277,10,3,0,6,2,0,3827,11,2931,0,259,0,519,506,0,2,1345,0,0,0,40,6,40,1,0,0,0,0,0,0,0,0,0,0,0,0,0,0,0,0,0,0,0,161,0,19,0,0,0,0,0,2,0,0,0,0,0,1,0,0,0,0,1,0,0,0,0,0,0,0,30,0,0,0,0,0,0,0,0,0,0,0,0,0,0,0
"MOLLUSCA","Ambigolimax_nyctelius","SRR5239618",43329,104,4,15,1,0,10,3,18,0,52,8,0,3,13,2,1,114,254,21,1,0,3,1857,26,0,23,2033,459,0,0,0,1259,0,0,0,0,573,0,7666,1050,0,13090,4,0,21,18,10,45,1,20,1,0,3611,432,668,0,45,2,115,599,0,2,2355,20,1,0,5,0,0,1,1,0,0,0,0,0,0,1,1,0,0,0,0,0,0,0,0,0,0,3,0,2,0,1,0,0,4,0,0,0,0,0,0,0,0,0,0,0,0,0,0,0,0,0,0,0,0,0,0,0,0,0,0,0,0,0,0,0,0,0,0,0
"MOLLUSCA","Callochiton_sp.","SRR11674125",76624,0,0,323,46,0,0,76,6,1,447,2,0,0,2,33,2,1,109,1,0,0,3,6123,7,11,2,6253,118,0,2,0,119,1,1,0,1,927,0,10882,1908,0,24121,7,0,5,139,91,183,5,192,2,2,1370,5,358,0,174,0,4,4824,0,3,1426,1,1,0,1,0,0,0,1,1,0,0,0,0,0,3,0,0,0,0,0,0,0,0,0,0,0,0,0,2,6,0,0,0,0,0,0,0,0,0,0,0,0,0,0,0,0,0,0,0,0,9,0,0,1,2,0,0,0,0,0,0,0,0,0,0,0,0,0,0
"MOLLUSCA","Clithon_parvulum","SRR8318357",32207,9,1,15,344,0,30,18,31,0,190,8,31,0,0,28,0,2,44,4,0,0,0,678,12,239,10,106,208,0,0,0,35,1,13,0,0,677,0,3124,282,0,2753,10,2,3,29,2,10,6,183,13,10,688,28,118,0,60,1,1,318,0,4,19887,1,1,2,1,0,1,1,0,0,0,0,0,0,0,1,0,0,0,0,0,0,0,0,0,0,0,12,0,8,4,2,0,0,5,1,0,0,0,0,0,1,0,0,0,1,8,0,0,0,0,0,0,0,0,0,0,0,0,0,3,0,0,0,0,0,1,0,0,0
"MOLLUSCA","Cochlicella_acuta","SRR5239621",225310,27,1,121,1,0,221,73,42,0,1070,15,0,1,14,35,0,1,117,0,0,0,0,5803,28,26,24,3796,1037,0,4,0,280,7,0,0,0,4733,0,46825,4788,4,48917,9,0,35,74,9,260,2,461,4,2,28893,977,4892,0,127,8,13,6216,0,34,4703,1,53,1151,1,1,0,2,3,1,0,0,0,0,0,73,0,0,0,0,0,0,0,0,0,0,0,4,0,4,1,0,0,4,0,3,2,2,0,0,0,0,0,1,0,0,4,0,0,2,0,13,0,1,1,6,0,0,0,0,0,0,0,2,1,0,0,0,0,3
"MOLLUSCA","Entalina_tetragona","SRR2057018",6810,0,0,5,2,0,1,31,5,0,78,0,0,0,1,3,0,0,6,0,0,0,1,108,0,0,1,87,18,0,0,0,32,0,0,0,0,205,0,2356,194,0,1466,2,0,3,4,2,4,0,31,0,0,631,21,155,0,46,1,1,198,0,1,483,1,3,0,1,0,0,0,0,0,0,0,0,0,0,0,0,0,0,0,0,0,0,0,0,0,0,0,0,0,0,0,0,0,0,0,0,11,0,0,0,0,0,0,0,0,1,0,0,0,0,0,0,0,0,0,0,0,0,0,0,0,0,0,0,0,0,0,0,0
"MOLLUSCA","Epimenia_babai","SRR6926338",16906,5,0,35,1,0,0,16,2,0,67,0,0,0,1,1,0,3,11,0,0,0,0,336,1,0,5,438,27,0,0,0,90,1,1,0,1,801,0,5152,602,0,2657,8,3,5,35,0,5,2,11,1,0,661,6,247,0,56,2,1,416,0,1,2769,0,0,0,0,0,4,0,0,0,0,0,0,0,0,2,0,0,0,0,0,0,0,0,0,0,0,0,0,0,0,0,0,0,0,0,4,0,0,0,1,0,0,0,0,0,2,0,0,0,0,0,0,0,1,0,0,0,0,0,0,0,0,0,0,0,0,3,0,0
"MOLLUSCA","Hanleya_hanleyi","SRR11674123",174545,39,22,19,19,0,10,70,46,2,958,32,0,2,6,88,0,2,41,7,0,0,5,11171,4,3,5,7784,570,1,0,0,758,5,1,0,0,2215,0,30702,4404,0,46137,1,0,45,25,1,62,0,378,7,1,7548,55,2145,0,51,2,5,4407,0,3,21333,1,4,21,0,1,1,0,1,0,0,0,0,0,0,11,1,0,0,0,0,0,0,0,0,0,0,94,0,3,0,0,0,0,0,0,0,1,0,0,0,0,0,0,0,0,4,0,0,9,0,0,0,0,2,1,0,0,0,0,0,0,0,0,1,0,0,1,0,0
"MOLLUSCA","Hypomenia_sanjuanensis","SRR6926334",10714,5,17,186,0,0,1,3,3,0,38,0,0,0,0,20,0,1,14,0,0,0,3,554,1,0,1,87,6,0,0,0,21,1,1,0,0,254,0,3289,109,0,1869,1,0,1,17,1,12,0,9,0,0,544,0,86,0,14,0,0,64,0,2,1035,4,1,0,1,0,0,0,0,0,0,0,0,0,0,2,0,0,0,0,0,0,0,0,0,0,0,32,0,0,1,0,0,0,0,4,0,0,0,0,0,0,0,0,0,0,0,0,0,0,0,0,0,0,0,0,0,0,0,0,0,0,0,0,0,0,0,0,0,0
"MOLLUSCA","Kruppomenia_borealis","SRR6926323",7161,2,3,5,1,0,0,25,2,0,34,0,0,0,0,7,0,5,49,1,0,0,5,323,0,0,28,94,17,0,0,0,20,0,1,0,1,95,5,2612,98,0,1292,1,0,3,6,1,2,2,14,2,0,229,2,94,0,25,0,2,114,0,2,345,0,0,0,0,0,0,0,0,0,0,0,0,0,0,0,0,0,0,0,0,0,0,0,0,0,0,2,0,0,0,0,0,0,0,0,0,0,0,0,0,0,0,0,0,0,1,0,8,0,0,0,0,0,0,1,0,0,0,0,0,0,0,0,0,0,0,0,0,0
"MOLLUSCA","Lepidopleurus_cajetanus","SRR8245857",20430,2,1,7,8,0,6,29,7,0,111,6,0,0,2,9,0,7,8,53,0,0,0,763,0,1,0,838,57,0,1,0,312,0,1,0,0,427,0,4792,501,0,4161,10,0,18,9,0,10,2,61,1,12,1119,0,374,0,292,1,3,439,0,1,2587,1,2,1,0,0,0,0,0,0,0,0,0,0,0,0,0,0,0,0,0,0,0,0,0,0,0,0,0,0,0,0,0,0,0,0,0,0,0,0,0,1,0,0,0,1,0,0,0,0,0,0,0,0,6,8,0,0,0,0,0,0,0,1,0,0,0,0,0,0
"MOLLUSCA","Lepidozona_mertensii","SRR11674130",9989753,56,1,1127,13,0,8,671,407,10,8210,10,0,1,9558096,0,0,4,11,0,0,0,0,20571,16,50,40,4813,397,0,0,0,989,2,0,15,30,10267,0,75146,4935,0,154441,27,0,34,528,8229,177,9,3291,2,68,14363,25,3998,0,224,11,43,3343,0,3,85026,2,4,0,7,0,5,7,1,0,1,0,0,0,0,204,1308,0,0,0,0,0,0,0,0,0,0,0,0,0,0,0,7,0,0,0,0,0,0,0,13,0,0,0,0,0,0,0,0,0,0,1,0,0,420,3,0,0,0,0,0,0,16,0,0,0,1,0,0,0
"MOLLUSCA","Loligo_vulgaris","SRR3472303",78599,1,0,6,738,0,2,24,10,3,664,0,0,0,4,377,0,0,15,0,0,0,0,3124,0,14,5,628,214,0,0,0,739,6,1,0,0,10909,0,9314,2728,0,8012,10,0,27,34,0,44,0,139,0,0,2901,29,646,0,227,2,24,1022,0,1,31112,95,0,0,0,1,0,0,0,3,0,0,0,0,0,3,2,0,0,0,0,0,0,0,0,0,0,0,0,37,3,0,1,3,0,10,0,1,0,0,0,0,0,0,0,0,1,0,0,0,0,1,0,0,0,0,0,0,0,0,0,0,0,0,0,0,0,0,0,0
"MOLLUSCA","Lottia_sp.","SRR8318352",21566,11,0,13,604,0,1,78,18,1,37,1,30,0,12,0,0,0,46,0,0,0,2,682,0,0,0,29,34,0,0,0,394,0,0,0,0,2776,0,1856,5,0,1092,1,0,12,8,1,23,0,16,3,1,650,2,163,0,46,9,1,170,0,0,11235,0,4,0,0,0,0,0,0,0,0,0,0,0,0,3,0,0,0,0,0,0,0,0,0,0,0,0,0,4,1,0,0,0,0,0,0,0,0,0,1,0,0,0,0,0,0,0,0,0,0,4,0,0,0,0,0,0,0,0,0,0,6,0,0,0,0,0,0,0
"MOLLUSCA","Milax_gagates","SRR5239619",83777,30,35,151,1,0,17,6,14,3,266,3,1,0,13,1,0,5,32,6,2,4,0,3019,7,1,6,4411,556,0,0,2,252,0,2,0,6,940,0,12070,1940,0,20403,2,0,24,543,4,39,0,43,140,3,7035,6113,1249,0,965,1,12,1432,0,9,2330,11,0,8,7,4,2,0,0,0,0,0,0,0,0,12,0,0,0,0,0,0,0,7,0,0,0,5,0,2,0,0,0,0,0,1,0,0,0,0,0,0,0,0,0,0,0,0,1,0,0,22,0,0,1,6,0,0,0,0,0,0,0,0,0,0,0,0,0,0
"MOLLUSCA","Nacella_magellanica","SRR8318359",162056,3,0,37,127,0,2,41,15,0,848,11,0,0,19,1,0,6,103,22,3,0,2,9005,2,198,15,343,353,0,0,0,867,0,0,0,0,5179,0,44347,2735,0,19560,16,4,17,26,7,45,1,1032,74,0,19573,17,2195,0,273,11,50,7231,0,5,30557,2,0,0,0,2,0,1,0,0,0,0,0,0,0,7,0,0,0,0,0,0,0,0,0,0,1,1,1,13,1,0,0,0,1,0,0,0,0,1,1,0,0,0,0,0,0,0,0,0,2,3,0,0,0,22,0,0,1,0,0,0,2,0,0,0,0,0,0,0
"MOLLUSCA","Neomenia_carinata","SRR2057026",18505,0,26,16,3,0,4,6,1,9,78,1,0,0,5,14,0,1,36,2,0,0,7,310,3,5,0,256,130,1,0,0,66,4,0,0,0,508,1,3885,931,0,2019,14,0,7,19,4,22,10,15,14,1,768,16,333,0,530,7,4,234,0,25,2798,4,0,4,2,0,1,1,0,0,0,0,0,0,0,1,0,0,0,0,0,0,1,0,0,0,0,1,0,1,3,0,0,0,0,0,0,0,0,0,0,0,0,0,0,1,9,0,5,1,0,1,0,0,0,3,0,0,0,0,0,0,0,0,0,0,0,0,0,0
"MOLLUSCA","Neotrigonia_margaritacea","SRR1505121",139004,4,173,23,19,0,14,17,13,1,1032,5,0,0,2,27,1,0,133,0,1,0,2,4239,0,1,8,3568,704,0,3,0,122,0,3,0,0,1105,0,34006,4201,0,41595,25,0,76,47,6,92,1,206,3,1,7079,65,1173,0,350,10,6,2722,0,2,13425,9,1,0,1,0,0,0,0,1,0,0,0,0,0,5,0,0,0,0,0,0,0,9,0,0,0,9,0,1,2,0,1,0,4,0,0,0,0,0,1,0,0,0,1,5,25,0,0,0,0,6,0,2,0,1,0,0,0,0,0,0,0,0,1,0,4,0,0,0
"MOLLUSCA","Ophicardelus_sulcatus","SRR1505124",115144,40,0,80,752,0,4,36,35,0,813,0,0,0,29,50,0,11,164,5,0,1,1,10291,0,1,0,1986,719,0,0,1,419,28,0,1,0,2967,0,19643,3376,0,36498,25,1,37,75,5,20,41,274,3,0,3831,416,2434,0,187,7,4,1963,0,65,12616,33,7,1,6,6,0,9,1,1,0,0,0,0,0,8,0,0,0,0,0,0,0,0,0,0,0,8,0,0,5,0,0,2,3,1,0,0,0,0,0,39,0,0,0,3,0,0,0,0,0,0,0,0,0,22,0,0,0,0,0,0,1,0,0,0,0,0,0,0
"MOLLUSCA","Pleuropoma_jana","SRR8318351",44585,5,0,13,466,0,2,8,6,2,91,1,0,5,3,15,0,0,347,0,0,0,0,1656,2,1,363,197,179,2,0,0,49,0,1,0,0,1794,0,2585,82,0,1441,2,4,33,136,39,51,4,14,13,4,364,94,121,0,138,0,4,210,0,8,23628,17,1,2,0,0,8,5,32,2,0,0,0,0,0,3,15,0,0,0,0,0,0,0,0,0,4,0,0,10,15,0,17,0,0,0,1,0,0,0,2,1,0,0,1,0,1,0,0,0,0,0,0,0,0,0,0,0,0,0,0,0,0,0,2,0,5,0,0,0
"MOLLUSCA","Proneomenia_sluiteri","SRR6926327",8667,3,1,2,1,0,1,3,2,0,78,0,0,0,0,3,0,6,9,0,0,0,2,333,0,0,2,220,110,0,1,0,25,7,0,0,0,221,0,2433,52,0,960,1,0,4,3,6,37,24,1,0,0,458,5,143,0,31,2,4,97,0,0,895,1,0,0,1,2,0,0,0,0,0,0,0,0,0,2,0,0,0,0,0,0,0,0,0,0,0,0,0,0,0,0,0,0,0,0,0,0,0,0,0,0,0,0,0,0,0,0,0,0,0,0,0,0,0,0,0,0,0,0,0,0,0,0,0,0,0,0,0,0
"MOLLUSCA","Satsuma_myomphala","SRR2665508",866485,34,18,131,10,0,7,13538,42,4,11728,2,1,0,9,1,0,3,18,0,0,0,0,26678,224,1,8,22508,369,2,0,0,7261,189,3,0,0,19882,0,173188,33660,0,174886,4,6317,93,460,429,932,0,636,4,10,39681,705,2258,0,326,9,20,64577,0,31,14315,3,3,4,10,1,0,6,1,1,0,0,0,0,0,11,0,0,0,0,0,0,0,0,0,0,0,4,0,1,15,0,2,2,20,3,0,0,0,0,0,1,0,0,0,0,0,0,1,0,0,0,0,0,0,2,0,0,0,0,0,0,0,0,0,0,15,0,0,0
"MOLLUSCA","Spathoderma_clenchi","SRR8258011",45301,0,10,41,0,0,0,7426,2,0,126,0,0,0,0,40,0,1,1,1,0,0,2,92,0,0,0,110,15,0,0,0,114,0,3,0,2,137,0,21547,245,0,1573,0,0,1,17,4,19,0,14,6,0,666,1,179,0,34,0,0,873,0,0,318,0,0,0,0,0,0,0,0,0,0,0,0,0,0,0,0,0,0,0,0,0,0,0,0,0,0,0,0,0,1,1,0,0,0,0,0,0,0,0,0,0,0,0,0,0,0,0,0,0,0,0,0,0,0,0,0,0,0,0,0,0,0,0,0,0,0,0,0,0
"MOLLUSCA","Theba_pisana","SRR2004430",150543,38,11,21,4,0,32,19,16,2,323,3,0,0,0,26,0,1,259,1,0,0,0,3870,11,0,3,8497,904,0,0,0,301,36,2,0,0,3144,0,26962,7521,0,29319,13,0,62,77,8,122,10,305,430,0,19578,1214,2605,0,55,29,23,2313,0,11,17400,3,1,0,8,0,0,27,3,5,0,0,0,0,0,66,0,0,0,0,0,0,0,0,0,0,0,8,0,1,7,0,0,0,0,0,0,0,0,0,0,0,0,0,0,0,0,0,0,0,0,8,0,0,26,0,0,0,0,0,0,0,0,0,1,0,1,0,0,0
"MOLLUSCA","Tonicia_schrammi","SRR11674132",172392,12,0,39,3,0,32,189,4,1,1589,7,0,0,5,18,1,1,41,1,0,0,0,9392,3,1,13,3003,281,0,0,0,759,21,46,0,0,4591,0,58889,5276,0,49751,18,0,13,27,4,5,2,102,2,7,5406,2,2996,0,241,1,1,5652,0,0,9838,19,0,109,2,0,6,1,83,0,0,0,0,0,0,25,1,0,0,0,0,0,0,0,0,0,0,0,0,0,1,0,0,0,3,2,0,0,0,0,0,0,0,0,0,0,0,0,0,0,0,0,0,21,0,0,0,0,0,0,0,0,0,0,0,0,0,1,0,0
"MOLLUSCA","Urosalpinx_cinerea","SRR1505141",116533,18,29,56,3,0,9,41,28,3,559,4,0,0,0,112,0,3,149,1,0,0,8,3787,6,2,3,2139,1249,1,1,0,436,31,6,0,0,4051,0,23363,3676,0,25813,67,0,53,108,13,70,10,360,4,1,6556,581,1472,0,457,28,22,1942,0,22,17796,8,0,5,43,0,1,2,1,2,0,0,0,0,0,3,1,0,0,0,0,0,0,0,0,0,0,14,0,0,7,0,1,1,0,1,0,3,0,0,0,0,0,0,1,0,2,0,0,0,0,0,0,0,0,5,0,1,1,0,0,2,0,0,0,0,0,0,0,0
"NEMATODA","Halicephalobus_mephisto","SRR8784138",0,0,0,0,0,0,0,0,0,0,0,0,0,0,0,0,0,0,0,0,0,0,0,0,0,0,0,0,0,0,0,0,0,0,0,0,0,0,0,0,0,0,0,0,0,0,0,0,0,0,0,0,0,0,0,0,0,0,0,0,0,0,0,0,0,0,0,0,0,0,0,0,0,0,0,0,0,0,0,0,0,0,0,0,0,0,0,0,0,0,0,0,0,0,0,0,0,0,0,0,0,0,0,0,0,0,0,0,0,0,0,0,0,0,0,0,0,0,0,0,0,0,0,0,0,0,0,0,0,0,0,0,0
"NEMATODA","Heterodera_avenae","ERR414137",225614,195,0,215,0,0,0,0,0,0,636,0,0,0,0,0,0,0,0,0,0,1,0,2792,0,0,0,1569,195,0,0,0,706,0,0,0,0,3987,0,52881,6637,0,63882,0,0,111,81,0,0,0,3441,0,0,16882,0,3404,0,2971,0,0,12758,10,0,14399,0,0,0,0,0,0,0,0,0,0,0,0,0,0,0,0,0,0,0,0,0,0,0,0,0,0,0,0,0,0,0,0,0,0,0,0,0,0,0,0,0,0,0,0,0,0,0,0,0,0,0,0,0,0,0,0,0,0,0,0,0,0,0,0,0,0,0,0,0
"NEMATODA","Strongyloides_stercoralis","ERR146943",622950,4,0,326,0,0,0,12,0,0,4542,0,0,0,0,0,0,0,0,0,0,0,0,20624,0,0,0,8714,307,0,0,0,1814,0,0,0,0,6918,0,112873,57713,0,113233,0,0,422,297,0,0,0,8697,0,0,56929,0,1092,0,7977,0,95,19058,0,0,137966,0,0,0,0,0,0,0,0,0,0,0,0,0,0,0,0,0,0,0,0,0,0,0,0,0,0,0,0,0,0,0,0,0,0,0,0,0,0,0,0,0,0,0,0,0,0,0,0,0,0,0,0,0,0,0,0,0,0,0,0,0,0,0,0,0,0,0,0,0
"NEMATODA","Trichinella_nelsoni","SRR10446422",55829,0,0,2,0,0,0,14,0,0,167,0,0,0,0,0,0,0,0,0,0,0,0,6474,0,0,0,386,3,0,0,0,175,0,0,0,0,653,0,6270,520,0,11554,936,0,0,29,0,0,0,498,0,0,3031,0,17,0,2276,0,1,1853,0,0,4749,0,0,0,0,0,0,0,0,0,0,0,0,0,0,0,0,0,0,0,0,0,0,0,0,0,0,0,0,0,0,0,0,0,0,0,0,0,0,0,0,0,0,0,0,0,0,0,0,0,0,0,0,0,0,0,0,0,0,0,0,0,0,0,0,0,0,0,0,0
"NEMATODA","Trichinella_sp.","SRR10446417",77388,0,0,10,0,0,0,105,1,1,1224,0,0,0,0,0,0,0,0,0,0,0,0,6997,0,0,0,611,35,0,0,0,69,0,0,0,0,1118,0,15338,1306,0,12724,213,0,1,59,0,0,0,790,0,0,6246,1,62,0,1821,0,0,6001,0,0,8107,0,0,0,0,0,0,0,0,0,0,0,0,0,0,0,0,0,0,0,0,0,0,0,0,0,0,0,0,0,0,0,0,0,0,0,0,0,0,0,0,0,0,0,0,0,0,0,0,0,0,0,0,0,0,0,0,0,0,0,0,0,0,0,0,0,0,0,0,0
"NEMATOMORPHA","Gordius_sp.","SRR8943410",323646,9,0,1128,25,0,74,166,1342,0,9897,0,0,0,1,1415,0,2,7,0,0,1,0,22009,0,0,3,1363,351,0,0,0,3109,0,1,0,0,15286,0,90570,1701,0,75512,511,0,38,685,75,3,0,2294,2,1,13998,51,3681,0,6544,0,98,21884,0,0,9758,3,1,0,0,1,2,0,0,1,0,0,0,0,0,4,0,0,0,0,0,0,0,0,0,0,0,0,0,0,2,0,0,0,0,0,0,0,0,0,9,0,0,0,0,0,0,0,0,0,0,202,0,0,0,0,0,0,0,0,0,0,0,0,0,0,0,0,0,0
"NEMATOMORPHA","Nectonema_munidae","SRR8618616",550393,171,0,376,191,0,12,3961,846,4,4383,72,0,1,255,848,0,231,179,0,0,0,54,7398,2,117,58,405,4531,1,0,0,3561,666,0,0,0,28626,0,154821,5548,1,69395,0,61,382,1812,21,73,192,3536,3,1,51186,40,12153,0,12652,7,6694,20547,0,12,75835,352,0,0,1,1,71,2,119,0,0,0,0,0,0,3,7,106,0,0,0,0,0,0,0,0,0,2,0,6,0,0,0,38,0,0,0,0,0,0,3,0,1,0,0,0,0,0,0,17,0,5,0,0,0,1,0,0,0,0,0,0,0,0,0,0,0,0,0,0
"NEMATOMORPHA","Paragordius_varius","ERR1817119",1563166,80,0,207,77,0,142,846,12135,7,17713,37,0,0,32,6505,3,3,186,0,0,0,7,52920,1,3,6,3257,1856,0,23,0,20869,0,0,0,0,66056,0,436388,10730,0,370294,4284,0,269,1380,19139,11,156,70191,5,466,67199,55,24416,0,21843,0,9571,46090,0,24,82299,5394,0,1,1,0,19,3,0,1,0,0,0,0,0,4,0,194,0,0,0,0,0,0,126,0,0,1,0,1,0,0,0,12,0,0,0,1,0,79,43,1,0,0,0,0,2,1,0,0,0,24,0,1,0,0,1,1,0,2153,0,0,0,0,0,0,0,0,0,0
"NEMERTEA","Amphiporus_lactifloreus","SRR11906528",127317,0,0,0,0,0,0,5,0,0,128,0,0,0,0,0,0,0,0,0,0,0,0,9966,0,0,0,2635,48,0,0,0,208,0,0,0,0,1193,0,21285,8150,0,24709,123,0,0,0,0,0,0,1025,0,0,4374,0,135,0,5,0,0,3061,0,0,34943,0,0,0,0,0,0,0,0,0,0,0,0,0,0,0,0,0,0,0,0,0,0,0,0,0,0,0,0,0,0,0,0,0,0,0,0,0,0,0,0,0,0,0,0,0,0,0,0,0,0,0,0,0,0,0,0,0,0,0,0,0,0,0,0,0,0,0,0,0
"NEMERTEA","Antarctonemertes_valida","SRR7687009",188097,0,0,16,0,0,0,88,0,0,511,0,0,0,0,0,0,0,0,0,0,0,0,9805,0,1,0,11525,616,0,0,0,336,0,0,0,0,3820,0,62621,1829,0,15716,161,0,0,97,0,0,0,1343,0,0,13663,0,209,0,313,0,0,1982,0,0,40676,0,0,0,0,0,0,1,0,0,0,0,0,0,0,0,0,0,0,0,0,0,0,0,0,0,0,0,0,0,0,0,0,0,0,0,0,0,0,0,0,0,0,0,0,0,0,0,0,0,0,0,0,0,0,0,0,0,0,0,0,0,0,0,0,0,0,0,0,0
"NEMERTEA","Baseodiscus_unicolor","SRR1505175",146301,2,33,25,0,0,0,1,0,0,131,0,0,0,0,0,0,0,0,0,0,0,0,3360,0,0,0,1,29,0,0,0,88,0,0,0,0,812,0,11788,3354,0,47764,74,0,0,20,0,0,0,333,0,0,3298,0,62,0,972,0,6,2466,0,0,51135,0,0,0,0,0,0,0,0,0,0,0,0,0,0,0,0,0,0,0,0,0,0,0,0,0,0,0,0,0,0,0,0,0,0,0,0,0,0,0,0,0,0,0,0,0,0,0,0,0,0,0,0,0,0,0,0,0,0,0,0,0,0,0,0,0,0,0,0,0
"NEMERTEA","Cerebratulus_marginatus","SRR618507",160445,0,0,62,0,0,0,355,0,0,1580,0,0,0,0,0,0,0,0,0,0,0,1,1865,0,0,0,0,158,0,0,0,321,0,0,0,0,946,0,15386,8662,0,27839,21,0,2,45,0,0,0,596,0,0,4410,0,1534,0,309,0,0,2795,0,0,79593,0,0,0,0,0,0,0,0,0,0,0,0,0,0,0,0,0,0,0,0,0,0,0,0,0,0,0,0,0,0,0,0,0,0,0,0,0,0,0,0,0,0,0,0,0,0,0,0,0,0,0,0,0,0,0,0,0,0,0,0,0,0,0,0,0,0,0,0,0
"NEMERTEA","Cerebratulus_sp.","SRR1797867",274629,0,0,0,0,0,0,11,0,0,182,0,0,0,0,0,0,0,0,0,0,0,0,9261,0,0,0,3,34,0,0,0,75,0,0,0,0,2638,0,22601,15458,0,64016,100,0,0,73,0,0,0,476,0,0,3447,0,1353,0,12,0,0,2112,0,0,130891,0,0,0,0,0,0,0,0,0,0,0,0,0,0,0,0,0,0,0,0,0,0,0,0,0,0,0,0,0,0,0,0,0,0,0,0,0,0,0,0,0,0,0,0,0,0,0,0,0,0,0,0,0,0,0,0,0,0,0,0,0,0,0,0,0,0,0,0,0
"NEMERTEA","Hubrechtella_ijimai","SRR1505100",105481,0,0,0,0,0,0,2,0,0,1833,0,0,0,0,0,0,0,0,0,0,0,0,1946,0,0,0,311,57,0,0,0,616,0,0,0,0,362,0,11653,7365,0,30595,3,0,301,66,0,0,0,604,0,0,3086,0,517,0,333,0,8,4103,0,0,18397,0,0,0,0,0,0,0,0,0,0,0,0,0,0,0,0,0,0,0,0,0,0,0,0,0,0,0,0,0,0,0,0,0,0,0,0,0,0,0,0,0,0,0,0,0,0,0,0,0,0,0,0,0,0,0,0,0,0,0,0,0,0,0,0,0,0,0,0,0
"NEMERTEA","Lineus_sanguineus","SRR3581115",99204,0,0,0,0,0,0,10,0,0,93,0,0,0,0,0,0,0,0,0,0,0,0,5884,0,0,0,0,23,0,0,0,65,0,0,0,0,1447,0,13175,8897,0,35489,61,0,0,60,0,0,0,477,0,0,2145,0,464,0,32,0,0,1615,0,0,13830,0,0,0,0,0,0,0,3,0,0,0,0,0,0,0,0,0,0,0,0,0,0,0,0,0,0,0,0,0,0,0,0,0,0,0,0,0,0,0,0,0,0,0,0,0,0,0,0,0,0,0,0,0,0,0,0,0,0,0,0,0,0,0,0,0,0,0,0,0
"NEMERTEA","Lineus_viridis","SRR3581106",286578,0,0,0,0,0,0,56,0,0,714,0,0,0,0,0,0,0,0,0,0,0,0,8855,0,0,0,3,144,0,0,0,254,0,0,0,0,3345,0,25141,15906,0,83509,297,0,0,127,0,0,0,1142,0,0,4290,0,1411,0,3,0,0,4422,0,0,102694,0,0,0,0,0,0,0,0,0,0,0,0,0,0,0,0,0,0,0,0,0,0,0,0,0,0,0,0,0,0,0,0,0,0,0,0,0,0,0,0,0,0,0,0,0,0,0,0,0,0,0,0,0,0,0,0,0,0,0,0,0,0,0,0,0,0,0,0,0
"NEMERTEA","Malacobdella_grossa","SRR1611560",43004,0,0,0,0,0,0,247,0,0,544,0,0,0,0,1,0,0,0,0,0,0,0,1099,0,0,0,263,32,0,0,0,320,0,0,0,0,512,0,10994,1604,0,10673,29,0,0,0,0,0,0,394,0,0,596,0,151,0,4,0,0,1215,0,0,8231,0,0,0,0,0,0,0,0,0,0,0,0,0,0,0,0,0,0,0,0,0,0,0,0,0,0,0,0,0,0,0,0,0,0,0,0,0,0,0,0,0,0,0,0,0,0,0,0,0,0,0,0,0,0,0,0,0,0,0,0,0,0,0,0,0,0,0,0,0
"NEMERTEA","Nipponnemertes_sp.","SRR1508368",212480,0,0,0,0,0,0,5,0,0,45,0,0,0,0,0,0,0,0,0,0,0,2,2778,0,0,0,2488,9,0,0,0,11,0,0,0,0,389,0,22674,8510,0,37129,118,0,0,0,0,0,0,235,0,0,6424,0,487,0,23,0,0,2936,0,0,102366,0,0,0,0,0,0,0,0,0,0,0,0,0,0,0,0,0,0,0,0,0,0,0,0,0,0,0,0,0,0,0,0,0,0,0,0,0,0,0,0,0,0,0,0,0,0,0,0,0,0,0,0,0,0,0,0,0,0,0,0,0,0,0,0,0,0,0,0,0
"NEMERTEA","Notospermus_geniculatus","SRR5811995",169069,0,0,0,0,0,0,0,0,0,98,0,0,0,0,0,0,0,0,0,0,0,0,6936,0,0,0,0,51,0,0,0,130,0,0,0,0,1287,0,21593,14458,0,24684,118,0,0,37,0,0,0,177,0,0,4764,0,88,0,1,0,0,2690,0,0,70066,0,0,0,0,0,0,0,0,0,0,0,0,0,0,0,0,0,0,0,0,0,0,0,0,0,0,0,0,0,0,0,0,0,0,0,0,0,0,0,0,0,0,0,0,0,0,0,0,0,0,0,0,0,0,0,0,0,0,0,0,0,0,0,0,0,0,0,0,0
"NEMERTEA","Paranemertes_peregrina","SRR1611562",46312,0,0,0,0,0,0,0,0,0,33,0,0,0,0,0,0,0,0,0,0,0,0,3310,0,0,0,640,1,0,0,0,9,0,0,0,0,309,0,2766,3428,0,18832,5,0,0,0,0,0,0,475,0,0,399,0,196,0,4,0,0,226,0,0,12880,0,0,0,0,0,0,0,0,0,0,0,0,0,0,0,0,0,0,0,0,0,0,0,0,0,0,0,0,0,0,0,0,0,0,0,0,0,0,0,0,0,0,0,0,0,0,0,0,0,0,0,0,0,0,0,0,0,0,0,0,0,0,0,0,0,0,0,0,0
"NEMERTEA","Ramphogordius_lacteus","SRR3581128",111017,0,0,1,0,0,0,17,0,0,189,1,0,0,0,0,0,0,0,0,0,0,0,3954,0,0,0,13,52,0,0,0,131,0,0,0,0,2320,0,15562,8943,0,30907,208,0,0,88,0,0,0,637,0,0,3685,0,810,0,11,0,0,1775,0,0,25453,2,0,0,0,0,0,0,2,0,0,0,0,0,0,0,0,0,0,0,0,0,0,0,0,0,0,0,0,0,0,0,0,0,0,0,0,0,0,0,0,0,0,0,0,0,0,0,0,0,0,0,0,0,0,0,0,0,0,0,0,0,0,0,0,0,0,0,0,0
"NEMERTEA","Tubulanus_polymorphus","SRR1611583",92954,0,0,0,0,0,0,395,0,0,66,0,0,0,0,1,0,0,0,0,0,0,0,2732,0,0,0,394,5,0,0,0,21,0,0,0,0,1174,0,8377,12191,0,16635,46,0,0,117,0,0,0,513,0,0,1012,0,78,0,2,0,1,599,0,0,44443,0,0,0,0,0,0,0,0,0,0,0,0,0,0,0,0,0,0,0,0,0,0,0,0,0,0,0,0,0,0,0,0,0,0,0,0,0,0,0,0,0,0,0,0,0,0,0,0,0,0,0,0,0,0,0,0,0,0,0,0,0,0,0,0,0,0,0,0,0
"ONYCHOPHORA","Eoperipatus_sp.","SRR14868528",59763,0,0,4,0,0,0,13,0,0,41,0,0,0,0,0,0,0,0,0,0,0,2,2361,0,0,0,119,5,0,0,0,4353,0,0,0,0,330,0,3200,790,0,25676,34,0,2,28,0,0,0,104,0,0,386,0,116,0,19,0,0,401,0,0,16158,0,0,0,0,0,0,0,0,0,0,0,0,0,0,0,0,0,0,0,0,0,0,0,0,0,0,0,0,0,0,0,0,0,0,0,0,0,0,0,0,0,0,0,0,0,0,0,0,0,0,0,0,0,0,0,0,0,0,0,0,0,0,0,0,0,0,0,0,0
"ONYCHOPHORA","Eoperipatus_totoro","SRR14561348",229116,0,0,13,0,0,0,8,0,0,147,0,0,0,0,0,0,0,0,0,0,0,1,20578,0,0,0,769,41,0,0,0,61,0,0,0,0,2853,0,34053,7107,0,99980,11,0,3,124,0,0,0,1012,0,0,3067,0,1359,0,130,0,60,3055,0,3,31617,0,0,0,0,0,0,0,0,0,0,0,0,0,0,0,0,0,0,0,0,0,0,0,0,0,0,0,0,0,0,0,0,0,0,0,0,0,0,0,0,0,0,0,0,0,0,0,0,0,0,0,0,0,0,0,0,0,0,0,0,0,0,0,0,0,0,0,0,0
"ONYCHOPHORA","Epiperipatus_broadwayi","SRR13614426",31080,1,0,0,0,0,0,17,0,0,55,0,0,0,0,0,0,0,0,0,0,0,0,3271,0,0,0,52,11,0,0,0,37,0,0,0,0,190,0,8714,867,0,6371,0,0,1,308,0,0,0,442,0,0,1284,0,117,0,11,0,0,340,0,0,5956,0,0,0,0,0,0,0,0,0,0,0,0,0,0,0,0,0,0,0,0,0,0,0,0,0,0,0,0,0,0,0,0,0,0,0,0,0,0,0,0,0,0,0,0,0,0,0,0,0,0,0,0,0,0,0,0,0,0,0,0,0,0,0,0,0,0,0,0,0
"ONYCHOPHORA","Epiperipatus_sp.","SRR8320992",25363,2,0,0,0,0,0,22,0,0,170,0,0,0,0,0,0,0,0,0,0,0,0,2154,0,0,0,47,23,0,0,0,42,0,0,0,0,160,0,3912,963,0,5307,3,0,10,60,0,0,0,235,0,0,1291,0,132,0,95,0,1,446,0,0,6792,0,0,0,0,0,0,0,0,0,0,0,0,0,0,0,0,0,0,0,0,0,0,0,0,0,0,0,0,0,0,0,0,0,0,0,0,0,0,0,0,0,0,0,0,0,0,0,0,0,0,0,0,0,0,0,0,0,0,0,0,0,0,0,0,0,0,0,0,0
"ONYCHOPHORA","Epiperipatus_trinidadensis","SRR13614433",41989,5,0,0,0,0,0,55,0,0,90,0,0,0,0,0,0,0,0,0,0,0,0,2390,0,0,0,191,2,0,1,0,42,0,0,0,0,272,0,8190,3730,0,4812,0,0,1,47,0,0,0,235,0,0,1134,0,145,0,72,0,0,566,0,0,14821,0,0,0,0,0,0,0,0,0,0,0,0,0,0,0,0,0,0,0,0,0,0,0,0,0,0,0,0,0,0,0,0,0,0,0,0,0,0,0,0,0,0,0,0,0,0,0,0,0,0,0,0,0,0,0,0,0,0,0,0,0,0,0,0,0,0,0,0,0
"ONYCHOPHORA","Epiperipatus_vagans","SRR13614432",22320,3,0,5,0,0,0,71,0,0,179,0,0,0,0,0,0,0,0,0,0,0,0,1279,0,0,0,283,38,0,0,0,136,0,9,0,0,314,0,4199,1541,0,4062,13,0,1,155,0,0,0,189,0,0,1113,0,120,0,652,0,0,612,0,0,3642,0,0,0,0,0,0,0,2,0,0,0,0,0,0,0,0,0,0,0,0,0,0,0,0,0,0,0,0,0,0,0,0,0,0,0,0,0,0,0,0,0,0,0,0,0,0,0,0,0,0,0,0,0,0,0,0,0,0,0,0,0,0,0,0,0,0,0,0,0
"ONYCHOPHORA","Euperipatoides_kanangrensis","SRR13614431",3508,0,0,19,0,0,0,21,0,0,48,0,0,0,0,0,0,0,0,0,0,0,0,222,0,0,0,9,0,0,991,0,125,0,0,0,0,26,0,353,134,0,509,1,0,0,7,0,0,0,5,2,0,37,0,7,0,5,0,0,154,0,0,374,0,0,0,0,0,0,0,0,0,0,0,0,0,0,0,0,0,0,0,0,0,0,0,0,0,0,0,0,0,0,0,0,0,0,0,0,0,0,0,0,0,0,0,0,0,0,0,0,0,0,0,0,0,0,0,0,0,0,0,0,0,0,0,0,0,0,0,0,0
"ONYCHOPHORA","Euperipatoides_rowelli","SRR11128566",13260,0,0,36,0,0,0,77,0,0,159,0,1,0,0,0,0,0,0,0,0,0,0,517,0,0,0,12,2,0,0,0,2684,0,0,0,0,55,0,590,139,1,3348,18,9,0,36,0,0,0,33,9,0,143,1,11,0,304,0,0,422,0,0,2837,0,0,0,0,0,0,0,0,0,0,0,0,0,0,0,0,0,0,0,0,0,0,0,0,0,0,0,0,0,0,0,0,0,0,0,0,0,0,0,0,0,0,0,0,0,0,0,0,0,0,0,0,0,0,0,0,0,0,0,0,0,0,0,0,0,0,0,0,0
"ONYCHOPHORA","Kumbadjena_occidentalis","SRR13614430",5882,0,0,2,0,0,0,14,0,0,10,0,0,0,0,0,0,0,0,0,0,0,0,585,0,0,0,3,9,0,0,0,12,0,0,0,0,50,0,576,286,0,1688,4,0,0,37,0,0,0,13,0,0,91,0,22,0,84,0,4,354,0,0,868,0,0,0,0,0,0,0,0,0,0,0,0,0,0,0,0,0,0,0,0,0,0,0,0,0,0,0,0,0,0,0,0,0,0,0,0,0,0,0,0,0,0,0,0,0,0,0,0,0,0,0,0,0,0,0,0,0,0,0,0,0,0,0,0,0,0,0,0,0
"ONYCHOPHORA","Macroperipatus_torquatus","SRR13614429",20900,1,0,0,0,0,0,6,0,0,70,0,0,0,0,0,0,0,0,0,0,0,4,1501,0,0,0,51,4,0,0,0,21,0,0,0,0,204,0,6279,1219,0,3159,3,0,1,57,0,0,0,161,0,0,687,0,162,0,44,0,2,328,0,0,3898,0,0,0,0,0,0,0,0,0,0,0,0,0,0,0,0,0,0,0,0,0,0,0,0,0,0,0,0,0,0,0,0,0,0,0,0,0,0,0,0,0,0,0,0,0,0,0,0,0,0,0,0,0,0,0,0,0,0,0,0,0,0,0,0,0,0,0,0,0
"ONYCHOPHORA","Macroperipatus_valerioi","SRR13614428",16624,2,0,0,0,0,0,4,0,0,34,0,0,0,0,0,0,0,0,0,0,0,0,862,0,0,0,103,1,0,2,0,12,0,0,0,0,82,0,3120,1840,0,3190,0,0,0,11,0,0,0,42,0,0,505,0,46,0,55,0,2,168,0,0,5011,0,0,0,0,0,0,0,0,0,0,0,0,0,0,0,0,0,0,0,0,0,0,0,0,0,0,0,0,0,0,0,0,0,0,0,0,0,0,0,0,0,0,0,0,0,0,0,0,0,0,0,0,0,0,0,0,0,0,0,0,0,0,0,0,0,0,0,0,0
"ONYCHOPHORA","Metaperipatus_inae","SRR13614424",26589,0,0,2,0,0,0,8,0,0,12,0,0,0,0,0,0,0,0,0,0,0,1,3752,0,0,0,45,8,0,3,0,17,0,0,0,0,308,0,4329,1122,0,7200,6,0,2,176,173,0,0,50,0,0,791,0,219,0,355,0,5,265,0,0,5208,0,0,0,0,0,0,0,0,0,0,0,0,0,0,0,0,0,0,0,0,0,0,0,0,0,0,0,0,0,0,0,0,0,0,0,0,0,0,0,0,0,0,0,0,0,0,0,0,0,0,0,0,0,0,0,0,0,0,0,0,0,0,0,0,0,0,0,0,0
"ONYCHOPHORA","Occiperipatoides_gilesii","SRR13614423",13968,1,0,0,0,0,0,4,0,0,23,0,0,0,0,0,0,0,0,0,0,0,0,1165,0,0,0,4,1,0,0,0,21,0,0,0,0,61,0,1051,668,0,6398,2,0,0,40,1,0,0,32,0,0,56,0,327,0,63,0,2,167,0,1,2238,0,0,0,0,0,0,0,0,0,0,0,0,0,0,0,0,0,0,0,0,0,0,0,0,0,0,0,0,0,0,0,0,0,0,0,0,0,0,0,0,0,0,0,0,0,0,0,0,0,0,0,0,0,0,0,0,0,0,0,0,0,0,0,0,0,0,0,0,0
"ONYCHOPHORA","Opisthopatus_highveldi","SRR13614447",2929,0,0,0,0,0,0,0,0,0,4,0,0,0,0,0,0,0,0,0,0,0,0,484,0,0,0,4,0,0,0,0,0,0,0,0,0,28,0,416,125,0,885,0,0,0,5,2,0,0,5,0,0,79,0,22,0,62,0,0,69,0,0,289,0,0,0,0,0,0,0,0,0,0,0,0,0,0,0,0,0,0,0,0,0,0,0,0,0,0,0,0,0,0,0,0,0,0,0,0,0,0,0,0,0,0,0,0,0,0,0,0,0,0,0,0,0,0,0,0,0,0,0,0,0,0,0,0,0,0,0,0,0
"ONYCHOPHORA","Opisthopatus_kwazululandi","SRR8318947",45420,0,0,3,0,0,0,5,0,0,46,0,0,0,0,0,0,0,0,0,0,0,4,5487,0,0,0,52,4,0,0,0,32,0,0,0,0,320,0,3423,1329,0,15173,2,0,2,280,2,0,0,109,0,0,809,0,97,0,203,0,2,392,0,0,14066,10,0,0,0,0,0,0,0,0,0,0,0,0,0,0,0,0,0,0,0,0,0,0,0,0,0,0,0,0,0,0,0,0,0,0,0,0,0,0,0,0,0,0,0,0,0,0,0,0,0,0,0,0,0,0,0,0,0,0,0,0,0,0,0,0,0,0,0,0
"ONYCHOPHORA","Oroperipatus_eisenii","SRR13614446",67279,2,0,0,0,0,0,12,0,0,55,0,0,0,0,0,0,0,0,0,0,0,0,2210,0,0,0,58,15,0,0,0,33,0,0,0,0,113,0,1554,780,0,6089,10,0,4,11,0,0,0,67,0,0,487,0,100,0,57,0,4,228,0,0,51516,0,0,0,0,0,0,0,0,0,0,0,0,0,0,0,0,0,0,0,0,0,0,0,0,0,0,0,0,0,0,0,0,0,0,0,0,0,0,0,0,0,0,0,0,0,0,0,0,0,0,0,0,0,0,0,0,0,0,0,0,0,0,0,0,0,0,0,0,0
"ONYCHOPHORA","Oroperipatus_sp.","SRR13614445",6808,1,0,0,0,0,0,7,0,0,14,0,0,0,0,0,0,0,0,0,0,0,0,440,0,0,0,42,0,0,0,0,3,0,0,0,0,41,0,742,343,0,1223,5,0,0,0,0,0,0,14,0,0,204,0,33,0,79,0,2,128,0,0,2138,0,0,0,0,0,0,0,0,0,0,0,0,0,0,0,0,0,0,0,0,0,0,0,0,0,0,0,0,0,0,0,0,0,0,0,0,0,0,0,0,0,0,0,0,0,0,0,0,0,0,0,0,0,0,0,0,0,0,0,0,0,0,0,0,0,0,0,0,0
"ONYCHOPHORA","Peripatidae_sp.","SRR13614443",15441,1,0,1,0,0,0,1,0,0,161,0,0,0,0,0,0,0,0,0,0,0,4,2319,0,0,0,57,15,0,0,0,18,0,0,0,0,119,0,2326,1507,0,6173,12,0,0,156,0,0,0,55,0,0,430,0,50,0,53,0,4,152,0,0,533,0,0,0,0,0,0,0,0,0,0,0,0,0,0,0,0,0,0,0,0,0,0,0,0,0,0,0,0,0,0,0,0,0,0,0,0,0,0,0,0,0,0,0,0,0,0,0,0,0,0,0,0,0,0,0,0,0,0,0,0,0,0,0,0,0,0,0,0,0
"ONYCHOPHORA","Peripatopsidae_sp.","SRR13614440",14747,0,0,5,0,0,0,14,0,0,21,0,0,0,0,0,0,0,0,0,0,0,0,2326,0,0,0,93,10,0,0,0,29,0,0,0,0,127,0,1640,876,0,4494,29,0,0,126,0,0,0,29,0,0,193,0,86,0,110,0,0,155,0,0,2683,0,0,0,0,0,0,0,0,0,0,0,0,0,0,0,0,0,0,0,0,0,0,0,0,0,0,0,0,0,0,0,0,0,0,0,0,0,0,0,0,0,0,0,0,0,0,0,0,0,0,0,0,0,0,0,0,0,0,0,0,0,0,0,0,0,0,0,0,0
"ONYCHOPHORA","Peripatopsis_bolandi","SRR13614438",102441,0,0,15,0,0,0,27,0,0,65,0,0,0,0,0,0,0,0,0,0,0,0,7743,0,0,0,258,26,0,0,0,94,0,0,0,0,5653,0,27582,1352,0,15119,11,0,9,182,0,0,0,197,0,0,5767,0,3922,0,1161,0,0,1030,0,0,12187,27,0,0,0,0,0,0,0,0,0,0,0,0,0,0,0,0,0,0,0,0,0,0,0,0,0,0,0,0,0,0,0,0,0,0,0,0,0,0,0,0,0,0,0,0,0,0,0,0,0,0,0,0,0,0,0,0,0,0,0,0,0,0,0,0,0,0,0,0
"ONYCHOPHORA","Peripatopsis_overbergiensis","SRR1145776",27635,0,0,3,0,0,0,20,0,0,23,0,0,0,0,0,1,0,0,0,0,0,0,2230,0,0,0,305,0,0,2,0,36,0,0,0,0,136,0,1783,606,0,11963,1,0,0,126,1,0,0,105,0,0,363,0,125,0,292,0,0,603,0,0,6383,0,0,0,0,0,0,0,0,0,0,0,0,0,0,0,0,0,0,0,0,0,0,0,0,0,0,0,0,0,0,0,0,0,0,0,0,0,0,0,0,0,0,0,0,0,0,0,0,0,0,0,0,0,0,0,0,0,0,0,0,0,0,0,0,0,0,0,0,0
"ONYCHOPHORA","Peripatus_juanensis","SRR13614435",71522,19,0,0,0,0,0,7,0,0,38,0,0,0,0,0,0,0,0,0,0,0,0,1293,0,0,0,14,4,0,0,0,20,0,0,0,0,328,0,2286,934,0,3386,1,0,0,17,0,0,0,61,0,0,485,0,189,0,29,0,1,182,0,1,59149,0,0,0,0,0,0,0,0,0,0,0,0,0,0,0,0,0,0,0,0,0,0,0,0,0,0,0,0,0,0,0,0,0,0,0,0,0,0,0,0,0,0,0,0,0,0,0,0,0,0,0,0,0,0,0,0,0,0,0,0,0,0,0,0,0,0,0,0,0
"ONYCHOPHORA","Peripatus_solorzanoi","SRR13614434",25271,7,0,0,0,0,0,7,0,0,73,0,0,0,0,0,0,0,0,0,0,0,0,1687,0,0,0,75,19,0,249,0,19,0,0,0,0,74,0,2503,2862,0,3873,0,0,0,24,0,2,0,202,0,68,694,0,65,0,41,0,0,144,0,0,10779,0,0,0,0,0,0,0,0,0,0,0,0,0,0,0,0,0,0,0,0,0,0,0,0,0,0,0,0,0,0,0,0,0,0,0,0,0,0,0,0,0,0,0,0,0,0,0,0,0,0,0,0,0,0,0,0,0,0,0,0,0,0,0,0,0,0,0,0,0
"ONYCHOPHORA","Peripatus_sp.","SRR13614437",99803,35,0,0,0,0,0,5,0,0,47,0,0,0,0,0,0,0,1,0,0,0,0,1184,0,0,0,36,6,0,0,0,17,0,0,0,0,197,0,4674,1367,0,4718,1,0,0,5,0,0,0,48,0,0,1208,0,459,0,18,0,2,465,0,0,79963,0,0,0,0,0,0,0,0,0,0,0,0,0,0,0,0,0,0,0,0,0,0,0,0,0,0,0,0,0,0,0,0,0,0,0,0,0,0,0,0,0,0,0,0,0,0,0,0,0,0,0,0,0,0,0,0,0,0,0,0,0,0,0,0,0,0,0,0,0
"ONYCHOPHORA","Principapillatus_hitoyensis","SRR14868533",125651,47,0,15,0,0,0,174,0,0,384,0,0,0,0,0,0,0,0,0,0,0,1,4898,0,0,0,237,64,0,0,0,80,0,0,0,0,798,0,8281,2266,0,58868,4,0,19,137,22,0,0,415,0,0,1199,0,439,0,792,0,4,1287,0,0,28498,0,0,0,0,0,0,0,0,0,0,0,0,0,0,0,0,0,0,0,0,0,0,0,0,0,0,0,0,0,0,0,0,0,0,0,0,0,0,0,0,0,0,0,0,0,0,0,0,0,0,0,0,0,0,0,0,0,0,0,0,0,0,0,0,0,0,0,0,0
"ORTHONECTIDA","Intoshia_linei","SRR5031247",295837,402,0,0,112,0,0,11,0,0,331,0,0,0,0,0,0,0,0,0,0,0,4,11399,0,0,0,321,208,0,0,0,424,0,1,0,0,22402,0,8496,906,0,51015,3,0,0,7,0,4,0,169,1,0,4970,0,69,1,47426,0,8,1019,0,0,3504,0,0,0,0,0,2,0,0,0,0,0,0,0,0,0,0,0,0,0,0,0,0,0,0,0,0,0,0,0,0,0,0,0,0,0,0,0,0,0,0,0,0,0,0,0,0,0,0,0,0,0,0,0,0,0,0,0,0,0,0,0,0,0,0,0,0,0,0,0
"PHORONIDA","Phoronis_australis","SRR5811960",230039,1,0,1,0,0,0,221,0,0,411,0,0,0,0,0,0,0,0,0,0,0,2,15647,0,0,0,5097,152,0,0,0,206,0,0,0,0,2607,0,41615,27967,0,22756,101,0,0,437,0,0,0,921,0,0,5188,0,1529,0,117,0,0,5322,0,0,60367,0,0,0,0,0,0,0,0,0,0,0,0,0,0,0,0,0,0,0,0,0,0,0,0,0,0,0,0,0,0,0,0,0,0,0,0,0,0,0,0,0,0,0,0,0,0,0,0,0,0,0,0,0,0,0,0,0,0,0,0,0,0,0,0,0,0,0,0,0
"PHORONIDA","Phoronis_psammophila","SRR1611565",74596,0,0,0,0,0,0,95,0,0,100,0,0,0,0,0,0,0,0,0,0,0,0,4547,0,0,0,322,5,0,0,0,48,0,0,0,0,687,0,6509,5535,0,20889,76,0,1,240,0,0,0,186,0,0,688,0,211,0,13,0,0,1107,0,0,23712,0,0,0,0,0,0,0,0,0,0,0,0,0,0,0,0,0,0,0,0,0,0,0,0,0,0,0,0,0,0,0,0,0,0,0,0,0,0,0,0,0,0,0,0,0,0,0,0,0,0,0,0,0,0,0,0,0,0,0,0,0,0,0,0,0,0,0,0,0
"PHORONIDA","Phoronis_vancouverensis","SRR1611566",77413,0,0,3,0,0,0,30,2,0,31,0,0,0,0,0,0,0,0,0,0,0,0,4350,0,0,0,43,27,0,0,0,15,0,0,0,0,425,0,13977,11084,0,16798,42,0,0,13,0,0,0,87,0,0,843,0,90,0,63,0,0,367,0,0,21072,0,0,0,0,0,0,0,0,0,0,0,0,0,0,0,0,0,0,0,0,0,0,0,0,0,0,0,0,0,0,0,0,0,0,0,0,0,0,0,0,0,0,0,0,0,0,0,0,0,0,0,0,0,0,0,0,0,0,0,0,0,0,0,0,0,0,0,0,0
"PHORONIDA","Phoronopsis_harmeri","SRR2131255",53719,0,0,186,0,0,0,167,0,0,394,0,0,0,0,0,0,0,0,0,0,0,0,1327,0,0,0,1823,59,0,0,0,68,0,0,0,0,378,0,4496,6205,0,19896,121,0,5,20,0,0,0,244,0,0,978,0,121,0,1749,0,0,3029,0,0,3588,0,0,0,0,0,0,0,0,0,0,0,0,0,0,0,0,0,0,0,0,0,0,0,0,0,0,0,0,0,0,0,0,0,0,0,0,0,0,0,0,0,0,0,0,0,0,0,0,0,0,0,0,0,0,0,0,0,0,0,0,0,0,0,0,0,0,0,0,0
"PLACOZOA","Hoilungia_hongkongensis","SRR5311041",567618,0,0,208,0,0,0,272,0,0,1470,0,0,0,0,0,0,0,0,0,0,0,0,34948,0,0,0,2426,172,0,0,0,300,0,0,0,0,4667,0,83492,43375,0,94630,0,0,106,721,0,0,0,3282,0,0,25427,0,1388,0,2334,0,88,14721,0,0,181751,0,0,0,0,0,0,0,0,0,0,0,0,0,0,0,0,0,0,0,0,0,0,0,0,0,0,0,0,0,0,0,0,0,0,0,0,0,0,0,0,0,0,0,0,0,0,0,0,0,0,0,0,0,0,0,0,0,0,0,0,0,0,0,0,0,0,0,0,0
"PLACOZOA","Trichoplax_adhaerens","SRR8674649",82564,0,0,8,0,0,0,142,0,0,136,0,0,0,0,0,0,0,0,0,0,0,0,3613,0,0,0,1440,42,0,0,0,14,0,0,0,0,447,0,10405,6533,0,13907,0,0,1,61,0,0,0,186,0,0,2366,0,326,0,502,0,0,633,0,0,33178,0,0,0,0,0,0,0,0,0,0,0,0,0,0,0,0,0,0,0,0,0,0,0,0,0,0,0,0,0,0,0,0,0,0,0,0,0,0,0,0,0,0,0,0,0,0,0,0,0,0,0,0,0,0,0,0,0,0,0,0,0,0,0,0,0,0,0,0,0
"PLACOZOA","Trichoplax_sp.","SRR5819939",123942,0,0,16,0,0,0,535,0,0,253,0,0,0,0,0,0,0,0,0,0,0,0,2644,0,0,0,1835,41,0,0,0,16,0,0,0,0,750,0,14092,5987,0,45989,0,0,4,137,0,0,0,327,0,0,1123,0,327,0,269,0,0,1435,0,0,36383,0,0,0,0,0,0,0,0,0,0,0,0,0,0,0,0,0,0,0,0,0,0,0,0,0,0,0,0,0,0,0,0,0,0,0,0,0,0,0,0,0,0,0,0,0,0,0,0,0,0,0,0,0,0,0,0,0,0,0,0,0,0,0,0,0,0,0,0,0
"PLATYHELMINTHES","Macrostomum_clavituba","SRR11928673",136322,0,0,15,0,0,0,1,0,0,109,0,0,0,0,0,0,0,0,0,0,0,4,6106,0,0,0,1160,15,0,0,0,63,1,0,0,0,371,0,20936,9045,0,23025,23,1,0,20,0,0,0,515,0,0,35139,5,197,0,161,0,0,2832,0,0,18354,0,0,0,0,0,0,0,0,0,0,0,0,0,0,0,0,0,0,0,0,0,0,0,0,0,0,0,0,0,0,0,0,0,0,0,0,0,0,0,0,0,0,0,0,0,0,0,0,0,0,0,0,0,0,0,0,0,0,0,0,0,0,0,0,0,0,0,0,0
"PLATYHELMINTHES","Macrostomum_minutum","SRR11928790",324980,0,0,5,0,0,0,0,0,0,180,0,0,0,0,0,0,0,0,0,0,0,0,5283,0,0,0,4781,0,0,0,0,5,0,0,0,0,448,0,84616,52811,0,37704,0,0,0,1,0,0,0,0,0,0,42966,0,3897,0,653,0,0,5336,0,0,35844,0,0,0,0,0,0,0,0,0,0,0,0,0,0,0,0,0,0,0,0,0,0,0,0,0,0,0,0,0,0,0,0,0,0,0,0,0,0,0,0,0,0,0,0,0,0,0,0,0,0,0,0,0,0,0,0,0,0,0,0,0,0,0,0,0,0,0,0,0
"PLATYHELMINTHES","Promacrostomum_paradoxum","SRR11928785",146495,4,0,5,0,0,0,1,0,0,168,0,0,0,0,0,0,0,0,0,0,0,0,7101,0,0,0,627,3,0,0,0,52,0,0,0,0,23,0,13369,26070,0,32085,0,0,0,3,0,0,0,88,0,0,28078,0,120,0,151,0,1,972,0,0,35486,0,0,0,0,0,0,0,0,0,0,0,0,0,0,0,0,0,0,0,0,0,0,0,0,0,0,0,0,0,0,0,0,0,0,0,0,0,0,0,0,0,0,0,0,0,0,0,0,0,0,0,0,0,0,0,0,0,0,0,0,0,0,0,0,0,0,0,0,0
"PLATYHELMINTHES","Protomonotresidae_sp.","SRR1980045",21572,0,0,9,0,0,0,10,0,0,29,0,0,0,0,0,0,0,0,0,0,0,0,900,0,0,0,132,27,0,0,0,6,0,0,0,0,305,0,5017,180,0,4053,1,0,0,6,0,0,0,165,0,0,3298,0,88,0,82,0,0,477,0,1,4596,0,0,0,0,0,0,0,0,0,0,0,0,0,0,0,0,0,0,0,0,0,0,0,0,0,0,0,0,0,0,0,0,0,0,0,0,0,0,0,0,0,0,0,0,0,0,0,0,0,0,0,0,0,0,0,0,0,0,0,0,0,0,0,0,0,0,0,0,0
"PLATYHELMINTHES","Rhynchomesostoma_sp.","SRR8592701",6506,0,0,0,0,0,0,0,0,0,15,0,0,0,0,0,0,0,0,0,0,0,0,1063,0,0,0,21,1,0,0,0,15,0,0,0,0,24,0,1246,478,0,406,0,0,0,21,0,0,0,55,0,0,689,0,6,0,9,0,0,329,0,0,1035,0,0,0,0,0,0,0,0,0,0,0,0,0,0,0,0,0,0,0,0,0,0,0,0,0,0,0,0,0,0,0,0,0,0,0,0,0,0,0,0,0,0,0,0,0,0,0,0,0,0,0,0,0,0,0,0,0,0,0,0,0,0,0,0,0,0,0,0,0
"PORIFERA","Dendrilla_antarctica","SRR8886798",139409,0,0,0,0,0,0,722,24,0,300,0,0,0,0,0,0,0,0,0,0,0,0,9873,0,0,0,2366,36,0,0,0,334,5,0,0,0,1469,0,25002,923,0,17885,97,0,4,16,0,0,0,1636,0,0,9880,0,157,0,49,0,20,2429,0,0,48784,0,0,0,0,0,0,0,0,0,0,0,0,0,0,0,0,0,0,0,0,0,0,0,0,0,0,0,0,0,0,0,0,0,0,0,0,0,0,0,0,0,0,0,0,0,0,0,0,0,0,0,0,0,0,0,0,0,0,0,0,0,0,0,0,0,0,0,0,0
"PORIFERA","Geodia_hentscheli","SRR10992330",9408,0,0,1,0,0,0,0,0,0,26,0,0,0,0,0,0,0,0,0,0,0,0,1706,0,0,0,30,27,0,0,0,23,0,0,0,0,264,0,1563,74,0,2913,0,0,0,18,0,0,0,38,0,0,265,0,87,0,36,0,10,110,0,0,1114,0,0,0,0,0,0,0,0,0,0,0,0,0,0,0,0,0,0,0,0,0,0,0,0,0,0,0,0,0,0,0,0,0,0,0,0,0,0,0,0,0,0,0,0,0,0,0,0,0,0,0,0,0,0,0,0,0,0,0,0,0,0,0,0,0,0,0,0,0
"PORIFERA","Mycale_phyllophila","SRR2394941",41944,0,0,0,0,0,0,4,0,0,36,0,0,0,0,0,0,0,0,0,0,0,0,2284,0,0,0,2254,7,0,0,0,42,0,0,0,0,829,0,14519,1296,0,10493,22,0,0,12,0,0,0,74,0,0,706,0,220,0,105,0,4,215,0,0,4375,0,0,0,0,0,0,0,0,0,0,0,0,0,0,0,0,0,0,0,0,0,0,0,0,0,0,0,0,0,0,0,0,0,0,0,0,0,0,0,0,0,0,0,0,0,0,0,0,0,0,0,0,0,0,0,0,0,0,0,0,0,0,0,0,0,0,0,0,0
"PORIFERA","Pseudospongosorites_suberitoides","SRR1166532",19753,0,0,0,0,0,0,1,0,0,26,0,0,0,0,0,0,0,0,0,0,0,0,513,0,0,0,160,6,0,0,0,14,0,0,0,0,74,0,1338,696,0,5436,5,0,0,3,0,0,0,78,0,0,112,0,16,0,61,0,0,56,0,0,9258,0,0,0,0,0,0,0,0,0,0,0,0,0,0,0,0,0,0,0,0,0,0,0,0,0,0,0,0,0,0,0,0,0,0,0,0,0,0,0,0,0,0,0,0,0,0,0,0,0,0,0,0,0,0,0,0,0,0,0,0,0,0,0,0,0,0,0,0,0
"PORIFERA","Vaceletia_sp.","SRR4423080",128518,0,0,10,0,0,0,1275,0,0,158,0,0,0,0,0,0,0,0,0,0,0,0,5340,0,0,0,2236,5,0,0,0,29,0,0,0,0,1288,0,7188,1869,0,66116,92,0,2,0,2,0,0,235,0,0,2299,0,268,0,1394,0,24,907,0,0,12369,0,0,0,0,0,0,0,0,0,0,0,0,0,0,0,0,0,0,0,0,0,0,0,0,0,0,0,0,0,0,0,0,0,0,0,0,0,0,0,0,0,0,0,0,0,0,0,0,0,0,0,0,0,0,0,0,0,0,0,0,0,0,0,0,0,0,0,0,0
"PRIAPULIDA","Meiopriapulus_fijiensis","SRR9670664",101575,382,0,10,0,0,0,3,0,0,5219,0,0,0,0,0,0,0,0,0,0,0,0,617,0,0,0,80,0,0,0,0,90,0,0,0,0,2503,0,27760,5021,0,8380,2,0,0,44,0,0,0,1676,0,0,8370,0,3508,0,420,0,0,817,0,0,31013,4,0,0,0,0,0,0,0,0,0,0,0,0,0,0,0,0,0,0,0,0,0,0,0,0,0,0,0,0,0,0,0,0,0,0,0,0,0,0,0,0,0,0,0,0,0,0,0,0,0,0,0,0,0,0,0,0,0,0,0,0,0,0,0,0,0,0,0,0
"PRIAPULIDA","Priapulus_sp.","SRR1611567",90132,0,0,0,0,0,0,2,0,0,7,0,0,0,0,0,0,0,0,0,0,0,1,510,0,0,0,35,1,0,0,0,26,0,0,0,2,105,0,6734,2018,0,10574,8,0,0,11,0,0,0,4,0,0,517,0,36,0,4,0,0,711,0,0,66685,6,0,0,0,0,0,0,0,0,0,0,0,0,0,0,0,0,0,0,0,0,0,0,0,0,0,0,0,0,0,0,0,0,0,0,0,0,0,0,0,0,0,0,0,0,0,0,0,0,0,0,0,0,0,0,0,0,0,0,0,0,0,0,0,0,0,0,0,0
"PRIAPULIDA","Tubiluchus_corallicola","SRR2131688",6714,0,0,0,0,0,0,8,0,0,4,0,0,0,0,0,0,0,0,0,0,0,0,159,0,0,0,65,0,0,0,0,5,0,0,0,0,78,0,568,428,0,1398,13,0,0,5,0,0,0,8,0,0,126,0,6,0,0,0,0,166,0,1,2388,0,0,0,0,0,0,0,0,0,0,0,0,0,0,0,0,0,0,0,0,0,0,0,0,0,0,0,0,0,0,0,0,0,0,0,0,0,0,0,0,0,0,0,0,0,0,0,0,0,0,0,0,0,0,0,0,0,0,0,0,0,0,0,0,0,0,0,0,0
"ROTIFERA","Adineta_vaga","SRR7962072",392318,0,0,578,0,0,0,6,0,0,1891,0,0,0,0,0,0,0,0,0,0,0,0,24606,0,0,0,6914,185,0,0,0,408,0,0,0,0,9149,0,105977,19277,0,88452,336,0,6,184,0,0,0,2793,0,0,30877,0,3373,0,3057,0,313,7465,0,0,27817,0,0,0,0,0,0,0,0,0,0,0,0,0,0,0,0,0,0,0,0,0,0,0,0,0,0,0,0,0,0,0,0,0,0,0,0,0,0,0,0,0,0,0,0,0,0,0,0,0,0,0,0,0,0,0,0,0,0,0,0,0,0,0,0,0,0,0,0,0
"ROTIFERA","Brachionus_angularis","SRR12686548",219415,378,0,0,0,0,0,263,0,0,856,0,0,0,0,0,0,0,0,0,0,0,0,10416,0,0,0,2542,314,0,0,0,416,0,0,0,0,899,0,32986,12659,0,76669,402,0,0,2,0,0,0,1981,0,0,5126,0,286,0,4530,0,0,6256,0,0,30566,0,0,0,0,0,0,0,0,0,0,0,0,0,0,0,0,0,0,0,0,0,0,0,0,0,0,0,0,0,0,0,0,0,0,0,0,0,0,0,0,0,0,0,0,0,0,0,0,0,0,0,0,0,0,0,0,0,0,0,0,0,0,0,0,0,0,0,0,0
"ROTIFERA","Brachionus_calyciflorus","SRR10426064",359027,1,0,1,0,0,0,441,0,0,3500,0,0,0,0,0,0,0,0,0,0,0,0,23468,0,0,0,5865,763,0,0,0,220,0,0,0,0,5540,1,63414,48191,0,96008,557,0,0,146,0,0,0,4234,0,0,14054,0,69,0,7489,0,83,9889,0,8,26873,0,0,0,0,0,0,0,0,0,0,0,0,0,0,0,0,0,0,0,0,0,0,0,0,0,0,0,0,0,0,0,0,0,0,0,0,0,0,0,0,0,0,0,0,0,0,0,0,0,0,0,0,0,0,0,0,0,0,0,0,0,0,0,0,0,0,0,0,0
"ROTIFERA","Brachionus_fernandoi","SRR10426062",321078,153,0,0,0,0,0,411,0,0,1093,0,0,0,0,0,0,0,0,0,0,0,0,24775,0,0,0,4458,649,0,0,0,407,0,0,0,0,3404,0,80204,21319,0,66889,512,0,0,108,0,0,0,3466,0,0,17244,0,104,0,6765,0,35,13045,0,0,28261,0,0,0,0,0,0,0,0,0,0,0,0,0,0,0,0,0,0,0,0,0,0,0,0,0,0,0,0,0,0,0,0,0,0,0,0,0,0,0,0,0,0,0,0,0,0,0,0,0,0,0,0,0,0,0,0,0,0,0,0,0,0,0,0,0,0,0,0,0
"ROTIFERA","Brachionus_manjavacas","SRR5197741",10654,1,0,0,0,0,0,8,0,0,36,0,0,0,0,0,0,0,0,0,0,0,0,1060,0,0,0,646,2,0,0,0,4,0,0,0,0,185,0,1080,168,0,4293,3,0,0,1,0,0,0,12,0,0,83,0,1,0,845,0,11,96,0,0,856,0,0,0,0,0,0,0,0,0,0,0,0,0,0,0,0,0,0,0,0,0,0,0,0,0,0,0,0,0,0,0,0,0,0,0,0,0,0,0,0,0,0,0,0,0,0,0,0,0,0,0,0,0,0,0,0,0,0,0,0,0,0,0,0,0,0,0,0,0
"ROTIFERA","Brachionus_paranguensis","SRR13452041",447538,322,0,1,0,0,0,376,0,0,2299,0,0,0,0,0,0,0,0,0,0,0,0,24830,0,0,0,5745,439,0,0,0,467,0,0,0,0,4203,0,77357,15692,0,134076,470,0,1,86,0,0,0,5342,0,0,11379,0,776,0,12897,0,82,4973,0,0,64136,0,0,0,0,0,0,0,0,0,0,0,0,0,0,0,0,0,0,0,0,0,0,0,0,0,0,0,0,0,0,0,0,0,0,0,0,0,0,0,0,0,0,0,0,0,0,0,0,0,0,0,0,0,0,0,0,0,0,0,0,0,0,0,0,0,0,0,0,0
"ROTIFERA","Brachionus_plicatilis","SRR15184123",128160,206,0,5,0,1,0,168,0,0,379,0,0,2,0,1,0,0,0,0,0,0,0,7194,2,0,0,4965,281,0,0,0,139,0,0,0,0,1263,0,28349,7436,0,22311,38,0,0,11,0,0,2,787,0,0,2753,0,126,0,5024,0,62,835,0,1,21052,1,90,0,0,0,0,0,0,0,0,0,0,0,0,0,0,0,0,0,0,0,0,0,0,0,0,0,0,0,0,0,0,0,0,0,0,0,0,0,0,0,0,0,0,0,0,0,0,0,0,0,0,0,0,0,0,0,0,0,0,0,0,0,0,0,0,0,0,0
"ROTIFERA","Brachionus_rotundiformis","SRR11747658",113083,336,0,0,0,0,0,72,0,0,932,0,0,0,0,0,0,0,0,0,0,0,0,30904,0,0,0,2766,226,0,0,0,120,0,0,0,0,1452,0,25509,8397,0,16744,151,0,0,1,0,0,0,989,0,0,1864,0,24,0,955,0,104,1321,0,0,3880,0,0,0,0,0,0,0,1,0,0,0,0,0,0,0,0,0,0,0,0,0,0,0,0,0,0,0,0,0,0,0,0,0,0,0,0,0,0,0,0,0,0,0,0,0,0,0,0,0,0,0,0,0,0,0,0,0,0,0,0,0,0,0,0,0,0,0,0,0
"ROTIFERA","Lepadella_patella","SRR1976570",2449,0,0,0,0,0,0,2,0,0,9,0,0,0,0,0,0,0,0,0,0,0,0,72,0,0,0,68,0,0,0,0,6,0,0,0,0,29,0,338,528,0,780,3,0,0,0,0,0,0,10,0,0,42,0,4,0,61,0,0,73,0,2,162,0,0,0,0,0,4,0,0,0,0,0,0,0,0,0,0,0,0,0,0,0,0,0,0,0,0,0,0,0,0,0,0,0,0,0,0,0,0,0,0,0,0,0,0,0,0,0,0,0,0,0,0,0,0,0,0,0,0,0,0,0,0,0,0,0,0,0,0,0
"ROTIFERA","Rotaria_magnacalcarata","SRR2429147",225345,1,0,34,0,0,0,0,0,0,2865,0,0,0,0,0,0,0,0,0,0,0,0,13473,0,0,0,3944,0,0,0,0,176,0,0,0,0,2427,0,45005,4038,0,83330,58,0,0,0,0,0,0,541,0,0,6342,0,660,0,24603,0,65,1915,0,0,9867,0,0,0,0,0,0,0,0,0,0,0,0,0,0,0,0,0,0,0,0,0,0,0,0,0,0,0,0,0,0,0,0,0,0,0,0,0,0,0,0,0,0,0,0,0,0,0,0,0,0,0,0,0,0,0,0,0,0,0,0,0,0,0,0,0,0,0,0,0
"ROTIFERA","Rotaria_rotatoria","ERR454505",228778,0,0,90,0,0,0,4,0,0,1697,0,0,0,0,0,0,0,0,0,0,0,0,23225,0,0,0,5077,331,0,0,0,94,0,0,0,0,4170,0,30284,2407,0,97352,27,0,0,4,0,0,0,1334,0,0,8266,0,1412,0,8991,0,45,2849,0,0,9802,0,0,0,0,0,0,0,0,0,0,0,0,0,0,0,0,0,0,0,0,0,0,0,0,0,0,0,0,0,0,0,0,0,0,0,0,0,0,0,0,0,0,0,0,0,0,0,0,0,0,0,0,0,0,0,0,0,0,0,0,0,0,0,0,0,0,0,0,0
"ROTIFERA","Rotaria_socialis","SRR2430028",252692,1,0,46,0,0,0,2,0,0,7194,0,0,0,0,0,0,0,0,0,0,0,0,13523,0,0,0,2748,45,0,0,0,121,0,0,0,0,3845,0,80649,2646,0,63989,59,0,0,1,0,0,0,443,0,0,8718,0,606,0,21053,0,143,2775,0,0,10216,0,0,0,0,0,0,0,0,0,0,0,0,0,0,0,0,0,0,0,0,0,0,0,0,0,0,0,0,0,0,0,0,0,0,0,0,0,0,0,0,0,0,0,0,0,0,0,0,0,0,0,0,0,0,0,0,0,0,0,0,0,0,0,0,0,0,0,0,0
"ROTIFERA","Rotaria_sordida","SRR2430030",268094,0,0,69,0,0,0,75,0,0,757,0,0,0,0,0,0,0,0,0,0,0,0,13009,0,0,0,397,7,0,0,0,60,0,0,0,0,1062,0,26598,2612,0,117660,94,0,0,26,0,0,0,500,0,0,5519,0,220,0,9986,0,15,1508,0,0,66282,0,0,0,0,0,0,0,0,0,0,0,0,0,0,0,0,0,0,0,0,0,0,0,0,0,0,0,0,0,0,0,0,0,0,0,0,0,0,0,0,0,0,0,0,0,0,0,0,0,0,0,0,0,0,0,0,0,0,0,0,0,0,0,0,0,0,0,0,0
"ROTIFERA","Rotaria_tardigrada","SRR2430032",501222,0,0,56,0,0,0,36,0,0,247,0,0,0,0,0,0,0,0,0,0,0,0,26647,0,0,0,758,11,0,0,0,87,0,0,0,0,1973,0,33299,4863,0,238814,63,0,12,49,0,0,0,576,0,0,9188,0,756,0,3664,0,14,2380,0,0,141201,0,0,0,0,0,0,0,0,0,0,0,0,0,0,0,0,0,0,0,0,0,0,0,0,0,0,0,0,0,0,0,0,0,0,0,0,0,0,0,0,0,0,0,0,0,0,0,0,0,0,0,0,0,0,0,0,0,0,0,0,0,0,0,0,0,0,0,0,0
"ROTIFERA","Seison_nebaliae","ERR5430763",273524,1,0,94,0,0,0,499,0,0,240,0,0,0,0,0,0,0,0,0,0,0,0,12097,0,0,0,665,69,0,0,0,228,0,0,0,0,3770,0,78920,19349,0,41632,88,0,3,253,0,0,0,6725,0,0,24392,0,411,0,12640,0,0,4667,0,1,20934,0,0,0,0,0,0,0,0,0,0,0,0,0,0,0,0,0,0,0,0,0,0,0,0,0,0,0,0,0,0,0,0,0,0,0,0,0,0,0,0,0,0,0,0,0,0,0,0,0,0,0,0,0,0,0,0,0,0,0,0,0,0,0,0,0,0,0,0,0
"TARDIGRADA","Echiniscoides_sigismundi","SRR7309271",278557,176,0,0,0,0,0,927,0,0,476,0,0,0,0,0,0,0,0,0,0,0,0,5571,0,0,0,485,151,0,0,0,246,0,0,0,0,4018,0,70350,8427,0,57204,98,0,0,1067,0,0,0,2571,0,0,21365,0,3731,0,10286,0,1,14945,0,0,31286,1,0,0,35,0,0,0,0,0,0,0,0,0,0,0,0,0,0,0,0,0,0,0,0,0,0,0,0,0,0,0,0,0,0,0,0,0,0,0,0,0,0,0,0,0,0,0,0,0,0,0,0,0,0,0,0,0,0,0,0,0,0,0,0,0,0,0,0,0
"TARDIGRADA","Echiniscus_testudo","SRR8354803",8952,0,0,0,0,0,0,13,0,0,212,0,0,0,0,0,0,0,0,0,0,0,0,406,0,0,0,44,0,0,1,0,6,0,0,0,0,18,0,1943,1418,0,1577,5,0,0,68,0,0,0,48,0,0,340,0,23,0,94,0,0,103,0,0,2083,0,0,0,0,0,0,0,1,0,0,0,0,0,0,0,0,0,0,0,0,0,0,0,0,0,0,0,0,0,0,0,0,0,0,0,0,0,0,0,0,0,0,0,0,0,0,0,0,0,0,0,0,0,0,0,0,0,0,0,0,0,0,0,0,0,0,0,0,0
"TARDIGRADA","Hypsibius_dujardini","SRR5218243",132966,4,0,0,0,0,0,6,0,0,582,0,0,0,0,0,0,0,0,0,0,0,0,1007,0,0,0,548,60,0,0,0,307,0,0,0,0,806,0,29169,8314,0,29408,263,0,0,316,0,0,0,990,0,0,5033,3,1595,0,5653,0,0,4838,0,6,12822,0,0,0,0,0,0,0,0,0,0,0,0,0,0,0,0,0,0,0,0,0,0,0,0,0,0,0,0,0,0,0,0,0,0,0,0,0,0,0,0,0,0,0,0,0,0,0,0,0,0,0,0,0,0,0,0,0,0,0,0,0,0,0,0,0,0,0,0,0
"TARDIGRADA","Hypsibius_exemplaris","SRR14868527",132864,1,0,0,0,0,0,4,0,0,158,0,0,0,0,0,0,0,0,0,0,0,0,380,0,0,0,177,2,0,0,0,142,0,0,0,0,843,0,19201,9989,0,34772,435,0,0,176,0,0,0,783,0,0,3930,30,610,0,1306,0,0,2274,0,0,39951,0,0,0,0,0,0,0,0,0,0,0,0,0,0,0,0,0,0,0,0,0,0,0,0,0,0,0,0,0,0,0,0,0,0,0,0,0,0,0,0,0,0,0,0,0,0,0,0,0,0,0,0,0,0,0,0,0,0,0,0,0,0,0,0,0,0,0,0,0
"TARDIGRADA","Mesobiotus_philippinicus","SRR8294673",82196,10,0,1,0,0,0,57,0,0,309,0,0,0,0,0,0,0,0,0,0,0,0,5729,0,0,0,2056,8,0,0,0,165,0,0,0,0,438,0,18581,5003,0,21069,194,0,0,272,0,0,0,593,0,0,1815,1,35,0,3186,0,0,2218,0,0,10959,0,0,0,0,0,0,0,0,0,0,0,0,0,0,0,0,0,0,0,0,0,0,0,0,0,0,0,0,0,0,0,0,0,0,0,0,0,0,0,0,0,0,0,0,0,0,0,0,0,0,0,0,0,0,0,0,0,0,0,0,0,0,0,0,0,0,0,0,0
"TARDIGRADA","Paramacrobiotus_richtersi","SRR5367860",124307,16,0,6,0,0,0,61,0,0,234,0,0,0,0,0,0,0,0,0,0,0,0,4901,0,0,0,546,59,0,0,0,213,0,0,0,0,519,0,17098,10433,0,40016,454,0,4,262,0,26,0,1009,0,0,6693,0,418,0,5090,0,16,1757,0,0,16098,0,0,0,0,0,0,0,0,0,0,0,0,0,0,0,0,0,0,0,0,0,0,0,0,0,0,0,0,0,0,0,0,0,0,0,0,0,0,0,0,0,0,0,0,0,0,0,0,0,0,0,0,0,0,0,0,0,0,0,0,0,0,0,0,0,0,0,0,0
"TARDIGRADA","Richtersius_coronifer","SRR7340056",167058,0,0,0,0,0,0,14,0,0,271,0,0,0,0,0,0,0,0,0,0,0,0,4231,0,0,0,582,77,0,0,0,361,0,0,0,0,1797,0,40196,7408,0,30843,758,0,8,303,0,1,0,1010,0,0,17031,0,2575,0,3807,0,1,3635,0,1,22564,0,0,0,0,0,0,0,0,0,0,0,0,0,0,0,0,0,0,0,0,0,0,0,0,0,0,0,0,0,0,0,0,0,0,0,0,0,0,0,0,0,0,0,0,0,0,0,0,0,0,0,0,0,0,0,0,0,0,0,0,0,0,0,0,0,0,0,0,0
"UROCHORDATA","Aplidium_turbinatum","ERR6745738",136767,5,0,0,0,0,0,12,0,0,329,0,0,0,0,0,0,0,12,0,0,0,3,14195,1,0,0,2202,44,0,0,0,222,0,0,0,0,814,0,47939,8768,0,18103,0,0,0,35,0,0,0,962,0,0,7823,0,102,0,98,0,18,1230,0,0,21102,0,0,0,0,0,0,0,0,0,0,0,0,0,0,0,0,0,0,0,0,0,0,0,0,0,0,0,0,0,0,0,0,0,0,0,0,0,0,0,0,0,0,0,0,0,0,0,0,0,0,0,0,0,0,0,0,0,0,0,0,0,0,0,0,0,0,0,0,0
"UROCHORDATA","Botryllus_schlosseri","SRR10352205",244384,15,0,33,0,0,0,9,0,0,1544,0,1,0,0,0,0,48,0,8,0,0,0,2907,0,22,84,3989,253,0,0,1,850,0,0,9,0,1237,84,34870,48371,0,21724,18,0,0,347,0,0,0,1814,409,1,8614,12,912,38,1894,0,60,8967,0,0,79901,0,0,0,0,2,0,0,1,0,0,0,0,0,0,0,0,0,0,0,0,0,0,0,0,0,0,0,0,0,0,0,0,0,0,0,0,0,0,0,0,0,0,0,0,0,0,0,0,0,0,0,0,0,0,0,0,0,0,0,0,0,0,0,0,0,0,0,0,0
"UROCHORDATA","Halocynthia_roretzi","SRR10743033",211755,1,0,8,0,0,0,1,0,0,1534,0,0,0,0,0,0,0,0,0,0,0,0,12296,0,0,0,8999,280,0,0,0,209,0,0,0,0,655,0,33005,7885,0,32406,105,0,0,235,0,1,0,2098,0,0,4992,0,425,0,823,0,149,4799,0,0,62390,0,0,0,0,0,0,0,0,0,0,0,0,0,0,0,0,0,0,0,0,0,0,0,0,0,0,0,0,0,0,0,0,0,0,0,0,0,0,0,0,0,0,0,0,0,0,0,0,0,0,0,0,0,0,0,0,0,0,0,0,0,0,0,0,0,0,0,0,0
"UROCHORDATA","Molgula_occulta","SRR1199268",266347,1,0,835,0,0,0,9,0,0,6731,0,0,0,0,0,0,0,0,0,0,0,0,2863,0,0,0,177,506,0,0,0,2056,0,0,0,0,15057,0,18401,4401,0,95059,139,0,150,331,0,0,0,662,0,0,6595,0,74,0,40,0,8,13953,0,0,58940,0,0,0,0,0,0,0,0,0,0,0,0,0,0,0,0,0,0,0,0,0,0,0,0,0,0,0,0,0,0,0,0,0,0,0,0,0,0,0,0,0,0,0,0,0,0,0,0,0,0,0,0,0,0,0,0,0,0,0,0,0,0,0,0,0,0,0,0,0
"UROCHORDATA","Molgula_oculata","SRR1197522",230363,1,0,587,0,0,0,4,0,0,5464,1,0,0,1,0,0,0,0,0,0,0,0,1829,0,0,0,340,743,0,0,0,1664,0,0,0,0,14305,0,14451,5263,0,77256,114,0,0,147,0,0,0,1056,0,0,4090,0,93,0,36,0,36,9399,0,0,70888,0,0,0,0,0,0,0,0,0,0,0,0,0,0,0,0,0,0,0,0,0,0,0,0,0,0,0,0,0,0,0,0,0,0,0,0,0,0,0,0,0,0,0,0,0,0,0,0,0,0,0,0,0,0,0,0,0,0,0,0,0,0,0,0,0,0,0,0,0
"UROCHORDATA","Salpa_thompsoni","SRR4072794",89495,0,0,0,0,0,0,1,0,0,89,0,0,0,0,0,0,0,0,0,0,0,0,2101,0,0,0,892,26,0,0,0,118,0,0,0,0,1025,0,12096,3544,0,19951,31,0,0,3,0,0,0,956,0,0,3031,0,133,0,29,0,12,2164,0,0,33102,0,0,0,0,0,0,0,0,0,0,0,0,0,0,0,0,0,0,0,0,0,0,0,0,0,0,0,0,0,0,0,0,0,0,0,0,0,0,0,0,0,0,0,0,0,0,0,0,0,0,0,0,0,0,0,0,0,0,0,0,0,0,0,0,0,0,0,0,0
"UROCHORDATA","Styela_clava","SRR8599817",162986,1,0,195,0,0,0,1,1,0,13840,0,0,0,0,1,0,0,0,0,0,0,0,7945,0,0,0,1764,114,0,0,0,1843,0,0,0,0,864,0,32109,2382,0,20213,659,0,0,102,0,0,0,946,0,0,16284,0,414,0,512,0,46,15979,0,0,15306,0,0,0,0,0,0,0,0,0,0,0,0,0,0,0,0,0,0,0,0,0,0,0,0,0,0,0,0,0,0,0,0,0,0,0,0,0,0,0,0,0,0,0,0,0,0,0,0,0,0,0,0,0,0,0,0,0,0,0,0,0,0,0,0,0,0,0,0,0
"XENACOELOMORPHA","Childia_submaculatum","SRR3105702",99727,0,0,0,0,0,0,14,0,0,1236,0,0,0,0,0,0,0,0,0,0,0,0,7092,0,0,0,0,97,1,0,0,274,0,0,0,2,717,0,9234,8176,0,25366,11,0,0,202,0,0,0,1130,0,0,19148,0,764,0,17,0,110,2922,0,0,19414,0,0,0,0,0,0,0,0,0,0,0,0,0,0,0,0,0,0,0,0,0,0,0,0,0,0,0,0,0,0,0,0,0,0,0,0,0,0,0,0,0,0,0,0,0,0,0,0,0,0,0,0,0,0,0,0,0,0,0,0,0,0,0,0,0,0,0,0,0
"XENACOELOMORPHA","Diopisthoporus_gymnopharyngeus","SRR3105703",348134,0,0,0,0,0,0,2,0,0,48,0,0,0,0,0,0,0,0,0,0,0,0,13253,0,0,0,797,6,0,0,0,16,0,0,0,0,166,0,54199,10812,0,52550,3,0,0,1,0,0,0,39,0,0,2425,0,318,0,0,0,0,1669,0,0,208116,0,0,0,0,0,0,0,0,0,0,0,0,0,0,0,0,0,0,0,0,0,0,0,0,0,0,0,0,0,0,0,0,0,0,0,0,0,0,0,0,0,0,0,0,0,0,0,0,0,0,0,0,0,0,0,0,0,0,0,0,0,0,0,0,0,0,0,0,0
"XENACOELOMORPHA","Diopisthoporus_longitubus","SRR3105704",250220,0,0,33,0,0,0,0,0,0,990,0,0,0,0,0,0,0,0,0,0,0,1,10065,0,0,0,157,3,1,0,0,90,0,0,0,0,1267,0,77864,11817,0,71434,22,0,0,199,0,0,0,2245,0,0,4776,0,1349,0,14,0,0,5755,0,0,54333,0,0,0,0,0,0,0,0,0,0,0,0,0,0,0,0,0,0,0,0,0,0,0,0,0,0,0,0,0,0,0,0,0,0,0,0,0,0,0,0,0,0,0,0,0,0,0,0,0,0,0,0,0,0,0,0,0,0,0,0,0,0,0,0,0,0,0,0,0
"XENACOELOMORPHA","Eumecynostomum_macrobursalium","SRR3105705",172998,51,0,6,0,0,0,9,0,0,1534,0,0,0,0,0,0,0,0,0,0,0,0,4205,0,0,0,0,0,0,0,0,467,0,0,0,0,3507,0,33372,12628,0,24649,0,0,0,326,0,0,0,2915,0,0,15309,0,3559,0,36,0,0,7426,0,0,28541,0,0,0,0,0,0,0,0,0,0,0,0,0,0,0,0,0,0,0,0,0,0,0,0,0,0,0,0,0,0,0,0,0,0,0,0,0,0,0,0,0,0,0,0,0,0,0,0,0,0,0,0,0,0,0,0,0,0,0,0,0,0,0,0,0,0,0,0,0
"XENACOELOMORPHA","Flagellophora_sp.","SRR8641368",972544,0,0,0,0,0,0,1,0,0,7,0,0,0,0,0,0,0,0,0,0,0,0,12934,0,0,0,74,7,0,0,0,3,0,0,0,0,125149,0,262543,708,0,32304,1,0,0,0,0,0,0,6,0,0,143131,0,17,0,2,0,0,74045,0,3,187544,1,0,0,0,0,0,0,0,0,0,0,0,0,0,0,0,0,0,0,0,0,0,0,0,0,0,0,0,0,0,0,0,0,0,0,0,0,0,0,0,0,0,0,0,0,0,0,0,0,0,0,0,0,0,0,0,0,0,0,0,0,0,0,0,0,0,0,0,0
"XENACOELOMORPHA","Hofstenia_miamia","SRR8454196",160996,0,0,12,0,0,0,1,0,0,323,0,0,0,0,0,0,0,0,0,0,0,0,2154,0,0,0,0,6,0,0,0,253,0,0,0,0,1234,0,31043,3198,0,27944,267,0,70,84,0,0,0,771,0,0,8175,0,833,0,11,0,0,4791,0,0,60610,0,0,0,0,0,0,0,0,0,0,0,0,0,0,0,0,0,0,0,0,0,0,0,0,0,0,0,0,0,0,0,0,0,0,0,0,0,0,0,0,0,0,0,0,0,0,0,0,0,0,0,0,0,0,0,0,0,0,0,0,0,0,0,0,0,0,0,0,0
"XENACOELOMORPHA","Isodiametra_pulchra","SRR12179257",366321,0,0,34,0,0,0,118,0,0,1772,0,0,0,0,0,0,0,0,0,0,0,0,16538,0,0,0,69,18,0,0,0,231,0,0,0,0,254,0,61320,2120,0,157401,28,0,1,23,0,0,0,90,9,0,73454,0,232,0,8352,0,3,8858,0,0,2148,0,0,0,0,0,0,0,0,0,0,0,0,0,0,0,0,0,0,0,0,0,0,0,0,0,0,0,0,0,0,0,0,0,0,0,0,0,0,0,0,0,0,0,0,0,0,0,0,0,0,0,0,0,0,0,0,0,0,0,0,0,0,0,0,0,0,0,0,0
"XENACOELOMORPHA","Meara_stichopi","SRR2681155",455360,0,0,20,0,0,0,3,0,0,826,0,0,0,0,0,0,0,0,0,0,0,0,17500,0,0,0,2,128,0,0,0,207,0,0,0,0,7010,0,69223,11389,0,126561,79,0,159,27,0,0,0,2125,0,0,69341,0,3295,0,115,0,1,11516,0,0,88738,0,0,0,0,0,0,0,0,0,0,0,0,0,0,0,0,0,0,0,0,0,0,0,0,0,0,0,0,0,0,0,0,0,0,0,0,0,0,0,0,0,0,0,0,0,0,0,0,0,0,0,0,0,0,0,0,0,0,0,0,0,0,0,0,0,0,0,0,0
"XENACOELOMORPHA","Nemertoderma_westbladi","SRR8491950",53256,0,0,0,0,0,0,28,0,0,141,0,0,0,0,0,0,0,0,0,0,0,0,591,0,0,0,19,3,0,0,0,6,0,0,0,0,348,0,4667,112,0,15859,10,0,5,2,0,0,0,76,0,0,15490,0,490,0,42,0,0,514,0,0,7707,0,0,0,0,0,0,0,0,0,0,0,0,0,0,0,0,0,0,0,0,0,0,0,0,0,0,0,0,0,0,0,0,0,0,0,0,0,0,0,0,0,0,0,0,0,0,0,0,0,0,0,0,0,0,0,0,0,0,0,0,0,0,0,0,0,0,0,0,0
"XENACOELOMORPHA","Neochildia_fusca","SRR8617822",220301,0,0,0,0,0,0,4,0,0,947,0,0,0,0,0,0,0,0,0,0,0,0,46452,0,0,0,28,121,0,0,0,357,0,0,0,0,876,0,18810,3682,0,49143,188,0,0,192,0,0,0,415,0,0,51531,2,1275,0,84,0,0,4632,0,2,28582,2,0,0,0,0,0,0,0,0,0,0,0,0,0,0,0,0,0,0,0,0,0,0,0,0,0,0,0,0,0,0,0,0,0,0,0,0,0,0,0,0,0,0,0,0,0,0,0,0,0,0,0,0,0,0,0,0,0,0,0,0,0,0,0,0,0,0,0,0
"XENACOELOMORPHA","Paratomella_rubra","SRR6375633",307208,6,0,39,3,0,0,1,0,0,517,0,0,0,0,0,0,0,0,0,0,0,12,11836,0,0,0,1002,193,0,0,0,471,0,0,0,0,793,0,49237,10696,0,111763,85,0,1,0,0,0,0,1835,0,0,18127,0,898,0,3924,0,0,11062,0,0,48815,2,0,0,0,0,0,0,0,0,0,0,0,0,0,0,0,0,0,0,0,0,0,0,0,0,0,0,0,0,0,0,0,0,0,0,0,0,0,0,0,0,0,0,0,0,0,0,0,0,0,0,0,0,0,0,0,0,0,0,0,0,0,0,0,0,0,0,0,0
"XENACOELOMORPHA","Pseudaphanostoma_variabilis","SRR8524599",561636,0,0,17,0,0,0,0,0,0,221,0,0,0,0,0,0,0,0,0,0,0,0,19239,0,0,0,17,10,0,0,0,59,0,0,0,0,552,0,39871,32175,0,185428,8,0,1,10,0,0,0,620,0,0,107852,1,1785,0,33,2,0,6165,0,0,149002,1,0,0,0,0,0,0,0,0,0,0,0,0,0,0,0,0,0,0,0,0,0,0,0,0,0,0,0,0,0,0,0,0,0,0,0,0,0,0,0,0,0,0,0,0,0,0,0,0,0,0,0,0,0,0,0,0,0,0,0,0,0,0,0,0,0,0,0,0
"XENACOELOMORPHA","Symsagittifera_roscoffensis","SRR8506641",0,0,0,0,0,0,0,0,0,0,0,0,0,0,0,0,0,0,0,0,0,0,0,0,0,0,0,0,0,0,0,0,0,0,0,0,0,0,0,0,0,0,0,0,0,0,0,0,0,0,0,0,0,0,0,0,0,0,0,0,0,0,0,0,0,0,0,0,0,0,0,0,0,0,0,0,0,0,0,0,0,0,0,0,0,0,0,0,0,0,0,0,0,0,0,0,0,0,0,0,0,0,0,0,0,0,0,0,0,0,0,0,0,0,0,0,0,0,0,0,0,0,0,0,0,0,0,0,0,0,0,0,0
"XENACOELOMORPHA","Xenoturbella_bocki","SRR8638116",28775,0,4,0,0,0,0,0,0,0,0,0,0,0,0,0,0,0,0,0,1,0,0,4,0,0,0,0,0,0,0,0,0,0,0,0,0,4,0,10341,596,0,9,0,0,0,0,0,0,0,0,0,0,123,0,88,0,49,0,0,0,0,0,33,0,0,0,0,0,0,0,0,0,0,0,0,0,0,0,0,0,0,0,0,0,0,0,0,0,0,0,0,0,0,0,0,0,0,0,0,0,0,0,0,0,0,0,0,0,0,0,0,0,0,0,0,0,0,0,0,0,0,0,0,0,0,0,0,0,0,0,0,0
