"accession","Ackermannviridae","Adenoviridae","Adintoviridae","Adomaviridae","Alloherpesviridae","Ascoviridae","Asfarviridae","Autographiviridae","Baculoviridae","Bicaudaviridae","Caulimoviridae","Chrysoviridae","Flaviviridae","Geminiviridae","Hepeviridae","Herelleviridae","Herpesviridae","Hytrosaviridae","Inoviridae","Iridoviridae","Lavidaviridae","Malacoherpesviridae","Marseilleviridae","Metaviridae","Microviridae","Mimiviridae","Myoviridae","Nairoviridae","Nimaviridae","Nudiviridae","Partitiviridae","Phycodnaviridae","Pithoviridae","Podoviridae","Polydnaviridae","Poxviridae","Reoviridae","Retroviridae","Salasmaviridae","Schitoviridae","Siphoviridae","Unclassified.viruses","Chuviridae","Coronaviridae","Fuselloviridae","Hepadnaviridae","Lipothrixviridae","Mitoviridae","Picornaviridae","Pseudoviridae","Secoviridae","Virgaviridae","Zobellviridae","Iflaviridae","Corticoviridae","Fiersviridae","Leviviridae","Ovaliviridae","Parvoviridae","Tobaniviridae","Closteroviridae","Marnaviridae","Nodaviridae","Dicistroviridae","Lispiviridae","Peribunyaviridae","Tombusviridae","Nyamiviridae","Astroviridae","Demerecviridae","Endornaviridae","Filoviridae","Pneumoviridae","Potyviridae","Totiviridae","Orthomyxoviridae","Circoviridae","Paramyxoviridae","Cystoviridae","Phenuiviridae","Tectiviridae","Mesoniviridae","Tymoviridae","Drexlerviridae","Hypoviridae","Bromoviridae","Caliciviridae","Rhabdoviridae","Atkinsviridae","Botourmiaviridae","Fusariviridae","Narnaviridae","Solemoviridae","Alphaflexiviridae","Cruciviridae","Mononiviridae","Picobirnaviridae","Solspiviridae","Yueviridae","Arenaviridae","Qinviridae","Bacilladnaviridae","Artoviridae","Togaviridae","Chaseviridae","Genomoviridae","Guttaviridae","Polycipiviridae","Bornaviridae","Mypoviridae","Bidnaviridae","Xinmoviridae","Mayoviridae","Polyomaviridae","Spiraviridae"
"SRR5353282",12.23263,486.462,585.901228278715,6.52903,81.67685,265.542730004173,68.0507,7.13059,5534.48431541,26.2609,42.10505,4.34189,1286.65443,9.18187,458.31642,175.57331,621.063707,251.70454,5671.777147,2371.1830237991,99.94635,18.05996,2802.298793,155.93271,353.607834,31607.0495944837,12824.1532087749,31.61545,15.15501,235.17094,86.93957,3922.83411656951,3236.593348608,5647.718156,1039.573584,3663.438652,111.66415,3132.9163619527,2354.907315,21.41779,25680.77526992,30971.489278106,0,0,0,0,0,0,0,0,0,0,0,0,0,0,0,0,0,0,0,0,0,0,0,0,0,0,0,0,0,0,0,0,0,0,0,0,0,0,0,0,0,0,0,0,0,0,0,0,0,0,0,0,0,0,0,0,0,0,0,0,0,0,0,0,0,0,0,0,0,0,0,0,0
"SRR14583829",59.184528,1.611711,11.18083,28.01467,464.764533,739.980438,95.10747,108.753483,8927.26081894,13.9261,39.27767,17.100198,2800.127171,0,1463.67316,241.329844,920.59477537542,96.663442,6515.9691125336,2020.0956236206,201.25906,27.246386,3124.384914122,177.854613,248.048509,32545.9646447993,12528.0701308258,110.52628,9.10129,210.646944655,234.889147000518,7170.95687341651,4001.31154728961,3340.75627763332,1574.244113,9882.14701439173,210.233053,4726.27029644805,78.44007,0,20804.8400257637,24197.2394210112,1.62844,1.29617,2.48468,1.3348,4.3459,260.27891,10.25301,14.93813,8.69649,3.50744,15.01846,0,0,0,0,0,0,0,0,0,0,0,0,0,0,0,0,0,0,0,0,0,0,0,0,0,0,0,0,0,0,0,0,0,0,0,0,0,0,0,0,0,0,0,0,0,0,0,0,0,0,0,0,0,0,0,0,0,0,0,0,0,0
"SRR5353274",0,0,9014.94518901445,0,843.94076,28.964135,189.8849,0,369.57664,4.30624,11.753617,0,1891.49205,0,112.6932,0,142.77048,0,151.565980066838,775.72739948324,9.83552,0,430.44373,178.835031,100.34814,3306.901663,1808.19738701554,16.7411,0,16.43153,7.54992,646.137972,418.98569,1832.41816,3353.728599,1737.823352,9.56068,1009.862204,397.64706,0,1982.53406,11041.328258,0,0,0,0,34.1763,3.7552,0,6.45806,0,0,0,79.28892,0,0,0,0,0,0,0,0,0,0,0,0,0,0,0,0,0,0,0,0,0,0,0,0,0,0,0,0,0,0,0,0,0,0,0,0,0,0,0,0,0,0,0,0,0,0,0,0,0,0,0,0,0,0,0,0,0,0,0,0,0
"ERR1147311",34.798029,6.900529,773.109195690093,15.45064859,374.19773,24.417895,44.66477082122,51.100252,846.0568771,8.775147,45.635674123,2.646413,1890.999814,2.38244,204.695453,163.407729,160.385914,3.333926,1338.11135204929,1833.13100305264,15.091976,12.426501,1468.6312953,344.85702495,75.7719263,7896.79884376066,6593.57819588494,48.99655,8.11089,72.45555,132.277792,1649.37845052134,1612.96540893,867.297389784191,788.390012715587,1811.64473331212,7.01537,4166.74967938164,45.608,0,8954.40744371878,11209.3069493249,1.63714,0,1.14674,0,5.712219,2.89423,0,7.772002,0,21.33652,0,0,1.181625,4.93421,1.01513,4.356434,1.410869,0.751449,0,0,0,0,0,0,0,0,0,0,0,0,0,0,0,0,0,0,0,0,0,0,0,0,0,0,0,0,0,0,0,0,0,0,0,0,0,0,0,0,0,0,0,0,0,0,0,0,0,0,0,0,0,0,0
"SRR6766872",34.06144,27.54989,172.890414,31.92522,83.749384,271.396718,66.09433,61.211093,1779.11126096244,10.40228,83.134913,5.04416,1397.362081,2.62954,255.492865,139.490016,927.033726069128,66.144792,1229.73447942001,1506.83566421326,136.182287,24.228335,2017.27637525865,171.788527,288.935536,16192.2933035115,6472.04260144412,95.896766,4.23377,207.033032,204.50288,4518.66711908834,1636.8432267329,1257.4892038261,1950.29300559363,5042.02818509814,232.734801,3428.19723605048,62.639324,0,11078.1250549688,11836.9425469173,0,0,0,2.66508,7.01353,106.960027,2.94172,3.6023,7.33402903181,0,0,6.42601,0,1.87844,0,3.29884,0,0,2.047339,2.49145,4.42153,0,0,0,0,0,0,0,0,0,0,0,0,0,0,0,0,0,0,0,0,0,0,0,0,0,0,0,0,0,0,0,0,0,0,0,0,0,0,0,0,0,0,0,0,0,0,0,0,0,0,0,0
"SRR9332008",0,3.104,4.443221,0,4.79345,69.67274,3.23835,4.3732,193.29808,0,47.276388,2.303218,128.218700014544,3.2198,17.1227,10.19906,81.290879,0,98.88621308327,212.2357503,1.06,0,382.119406046511,302.32986311,11.44331,1839.61932020048,484.245408067,19.15608,0,9.45603,20.409402,451.528259,273.159058,338.101911,499.44452387,920.696885,404.292773203696,644.196642329,11.17705,0,1028.37195,2452.40544513232,1.91493,0,0,0,0,2.635871,0,14.39678,0,0,0,1.42105,5.79277000333181,0,0,0,0,0,0,0,0,286.52017,2.32748,0,0,0,0,0,0,0,0,0,0,0,0,0,0,0,0,0,0,0,0,0,0,0,0,0,0,0,0,0,0,0,0,0,0,0,0,0,0,0,0,0,0,0,0,0,0,0,0,0,0
"SRR12687642",1.10005,518.18592,1574.910377,19.03724,368.82037,3043.527798,120.1662,72.70146,3671.17978482,8.4704,4.424053,0,912.86257,0,1592.462078,583.652109,780.099222,16.51359,8331.926949,10420.710549,436.26769,8.74887,5074.338577,162.053356,369.00489,29641.999060121,9057.59267978473,442.33447,16.73458,918.42727,243.347896,8456.104709,4499.269626,1823.0989423,4721.58831785516,6590.01822909215,17269.4416970006,2311.608886,425.72171,0,17727.168022786,21515.2444679703,0,0,0,0,15.47066,0,2.70121,29.2827,16.5403,36.47346,0,1.17542,0,31.3153,0,0,11.14616,0,0,0,0,1.37779,0,2.38092,22.93026,0,0,0,0,0,0,0,0,0,0,0,0,0,0,0,0,0,0,0,0,0,0,0,0,0,0,0,0,0,0,0,0,0,0,0,0,0,0,0,0,0,0,0,0,0,0,0,0
"SRR6998662",107.041,133.14162,616.130289,37.91158,56.80086,446.773389,60.13186,28.397737,2034.330059449,12.91004,46.61537,0,570.92174,4.83939,372.9278,360.93891,1350.28056,5.6387,1267.40087325842,2517.384401,76.89811,24.5698,2166.02763559092,531.993190000497,155.68541,20024.8978280983,9471.3252210824,270.83627,27.12933,266.13325,331.58748,4554.209415169,4119.1568281628,1643.786521,2373.127135,5670.66332367118,98.3572923,4726.43747726226,471.55492,0,18705.8502741277,20293.6327854185,94.96554,0,0,0,10.7419,5.86464,0,34.54269,9.29965,6.51904,0,0,13.3662,0,0,0,100.74147,0,0,0,0,0,0,0,41.4652,0,0,0,0,0,0,0,0,0,0,0,0,0,0,0,0,0,0,0,0,0,0,0,0,0,0,0,0,0,0,0,0,0,0,0,0,0,0,0,0,0,0,0,0,0,0,0,0
"SRR1972516",0,2092.09135,29.05151,11.1486,505.000821,101.03588,20.829468,24.29312,9017.41506,7.82093,19.34768,0,138.11773,0,723.786,129.33739,489.619873,13.19736,424.945371,2041.409299,26.31722,13.23948,2409.02532200328,176.664558,128.05228,13562.704254,5989.787636,312.79446,2.34534,89.922348,111.15825,4388.951302,4197.00798,957.22089,3779.40234309102,3956.7631,150.66338,1263.946422,59.93015,0,15501.1507652767,19904.634453134,2.23445,0,0,0,6.99846,1.2832,2.34785,11.67254,13.22317,6.99956,0,0,8.96766,0,0,0,5.43014,0,0,0,0,0,0,0,0,18.88747,0,0,0,0,0,0,0,0,0,0,0,0,0,0,0,0,0,0,0,0,0,0,0,0,0,0,0,0,0,0,0,0,0,0,0,0,0,0,0,0,0,0,0,0,0,0,0
"SRR1514880",0,399.52326,264.1385,40.4274,199.61844,2643.34632,94.02887,141.83678,9890.98209,35.7051,37.30674,8.73608,604.7485,0,685.91221,389.70498,4506.97723,12.5885,2647.36384,11383.4937550139,307.0234,0,5827.43091,138.72081441,318.7684,27143.7191001944,10779.06635,2390.64458,41.0468,1782.90413,305.56675,12606.79056,6339.68415,2520.1509022701,3646.83903,6177.82585,12072.21239,2516.337183,57.24681,0,26233.796817733,33966.7073469,0,0,0,0,23.29817,4.36964,0,40.66146,0,23.3668,0,0,5.36151,7.85737,0,0,19.54305,0,0,0,0,0,3.97904,0,0,0,0,0,0,0,0,0,0,0,0,0,0,0,0,0,0,0,0,0,0,0,0,0,0,0,0,0,0,0,0,0,0,0,0,0,0,0,0,0,0,0,0,0,0,0,0,0,0
"SRR8464846",21.724565,6.842971,93.346498,72.76314,528.27063701037,438.762237,81.958525,85.47154,2264.91035157911,17.66806,77.078203,0,618.1930673,0,406.346007,486.320403,2710.69164204336,98.011501,2154.972454,2969.35625183172,81.08161,14.6278,4196.3726994956,163.58164,203.577991,29180.832691054,14116.0530140607,144.727595,0,198.144669078543,345.566745,10117.442635994,3843.383899,2540.95001417925,1146.369694,4583.24329517121,503.2356702,8743.55162112162,0,2.89011,20158.2298374463,26120.8880319754,2.04113,0,5.011116,0,2.661259,7.768996,4.414066,4.11695,0,1.67293,9.06372,9.64458,12.20778,2.65918,0,0,0,0,11.20118717,0,0,0,0,0,0,0,2.5779,4.94982,2.630922,207.448989,48.364424,3.72537,0,0,0,0,0,0,0,0,0,0,0,0,0,0,0,0,0,0,0,0,0,0,0,0,0,0,0,0,0,0,0,0,0,0,0,0,0,0,0,0,0
"SRR9606756",290.3875,152.54365,13.26028,33.34578,361.742223,208.988692,42.37984,22.3645,5861.630884,12.89078,0,0,3509.9139192145,0,6820.05684,402.95188,490.301227,6.95496,1583.002603,2831.733132,16.5593,7.45472,4744.86982453349,17.73465,206.23086,35196.7437826881,12886.504841319,17.85333,0,105.868090011357,246.06223,6538.403043,5542.410237,6318.697733,2848.257566,9438.4116438,8745.234732,3600.701733,37.55053,0,26045.4220287048,31355.8142774545,0,0,1.51089,0,0,27.17756,0,0,0,0,0,0,0,0,0,10.65848,0,0,0,0,0,0,0,0,0,0,0,0,0,0,0,0,2.45545,0,0,0,0,0,0,0,0,0,0,0,0,0,0,0,0,0,0,0,0,0,0,0,0,0,0,0,0,0,0,0,0,0,0,0,0,0,0,0,0
"SRR8293935",36.20091,0,998.9751083,198.96379,437.822825,239.849201,89.13413,65.44151,1138.83205144629,89.414,736.13961232374,0,427.652182,4.565169,1410.981,339.382577,2529.7467653338,65.1234900375354,1995.8185982559,3960.60118869,48.549,22.45859,3498.84038159,1695.55113812954,169.220491021638,43322.4535685649,12602.9741849316,890.237942,7.07759,403.933891225087,406.12046676328,8973.20354207127,5097.20042949,2013.3086577,2517.57530790053,4971.3626112015,1068.744911,9775.1551256782,146.099072,10.18049,20481.1047689937,30121.2866298395,1.35903,1.87346,26.633004,0,13.997134,30.09768,6.73387,6.77711,0,8.04212,0,51.4531,0,0,1.41389,27.027855,8.4403,0,9.06677,0,0,0,0,0,0,0,0,0,0,0,2.694055,0,0,639.524,0,0,0,0,0,0,0,0,0,0,0,0,0,0,0,0,0,0,0,0,0,0,0,0,0,0,0,0,0,0,0,0,0,0,0,0,0,0,0
"SRR6512852",651.14998,49.1183,184.362978,56.39525,984.806084,233.171556,86.10041,176.366066,2630.0255879,28.7592,34.724503,0,1885.475564,0,762.2511,506.057765,890.471923,118.075488,1504.306339,2194.44543170591,42.24256,7.56805,3177.28598,107.424469,104.65563592,29580.8753434451,11355.8423582236,45.97804,0,96.017813,308.02891,9243.84813460468,3203.5397568,3039.942263,2005.924775,3716.308228,3416.45562100034,6621.1043187,67.633704,0,17610.9476339499,28699.9039620617,0,0,1.66091,0,0,12.43901,0,21.44113,0,0,0,0,0,0,0,35.3071,0,0,0,0,0,0,0,0,0,0,0,0,0,0,0,0,0,0,4.59887,0,0,0,0,0,0,0,0,0,0,0,0,0,0,0,0,0,0,0,0,0,0,0,0,0,0,0,0,0,0,0,0,0,0,0,0,0,0
"SRR8386112",31.347469,2.758914,526.2636738,40.710605,520.507587,136.76061,62.01693,40.678587,1488.67745702677,15.117781,123.060918609985,0,699.609626,7.47127,2281.978411,392.516481,1268.85921829872,37.123,5682.66294286,2404.08922250602,89.35822,9.150537,4287.53376494059,229.840119326573,250.305752,25689.0182638688,15051.2031837542,93.095564,18.330442,162.018064,271.8707471745,9106.80758815423,4259.49045754,3585.508517747,1004.493725,5108.85968840001,154.901071,4860.42916418997,50.8561,22.13283,20352.326314703,25340.9062517891,1.20171,0,2.946685,1.16539,8.355135,34.082016,0,2.489887,0,1.498441,0,0,1.07106,23.3045,0,0,1.91636,0,4.708051,0,0,0,0,0,0,0,0,0,2.71178,264.346848,93.073895,7.67437,0,0,0,0,0,0,0,0,0,0,0,0,0,0,0,0,0,0,0,0,0,0,0,0,0,0,0,0,0,0,0,0,0,0,0,0,0,0,0,0,0
"SRR15714765",11.55338,30.10673,46.452958,21.71748,601.796507,208.27378,60.387796,46.27756,958.078143128804,38.06491,18.20144,0,568.48785,0,1411.26818,126.05628,926.444916001058,79.69433,6268.986506,1316.26741,78.14202,15.31225,1218.300263,210.039763,145.103203,18711.0392581437,10414.7384393994,322.483561,15.61332,254.45507916,208.488358,3664.920797162,1676.675142,3318.1378006176,792.195541011263,5814.65596580001,96.01209,3692.8766763,736.29446,0,12038.8454651609,17752.0538960796,1.62629,0,10.638537,0,0,2.23694,0,5.33875,0,6.22626,0,2.58473,0,0,0,2.8139,0,0,0,0,0,0,0,0,0,0,0,0,0,23.6917,0,14.85645,0,0,0,38.05889,0,0,0,0,0,0,0,0,0,0,0,0,0,0,0,0,0,0,0,0,0,0,0,0,0,0,0,0,0,0,0,0,0,0,0,0,0
"SRR6023958",0.305114,5.574907,1205.41161298191,0.648277,24.0181637,61.1411169,5.1436906,1.423742,109.139361000432,0.619438,561.52343813779,0,29.930334,2.650841,13.5623,11.414207,74.0275268,4.313343,78.2487639384885,908.090218959892,13.84473,161.3448936188,205.133606200082,1661.08035262,1644.291633,925.956372471312,679.57387520467,62.538844,1.292127,12.2572815,16.487211,278.980803200111,115.19931521033,273.967775058075,311.04467743915,322.33330737,0,1598.98232393115,3.491968,0,1039.38898836,2770.26634686754,94.5528359,0,0,25.0300119,0,0,11.378677,26.844168,0,0,0,28.076936,13.471447,1.658227,0,0,0,0,0,0,0,0,0,0,0,0,0,0,0,0,0,0,0,0,0,0,0,0,0,0,0,0,0,0,0,0,0,0,0,0,0,0,0,0,0,0,0,0,0,0,0,0,0,0,0,0,0,0,0,0,0,0,0
"SRR15275182",78.9519,138.063981,236.847834,44.718307,563.833275,3464.6308863934,57.076553,82.232734,2988.401041,8.01599,126.028540278119,0,503.795315,0,916.03325,96.804869,662.5931544,55.234968,5701.65556018584,2246.81410650641,87.3375050516,3.60152,1181.3170755707,389.155527,116.122212,19309.8993796947,8392.24471052533,91.26399,7.04161,211.7494395905,95.559675,3150.60756792744,1512.6157671079,4549.031077,1055.46811512289,4453.016048,28.01941,7192.3104670921,222.03506,0,15319.0678643583,33158.5595626585,5.03101,0,0,10.05499,0,4.649388,5.239177,9.673021,0,4.32787,0,4.64712,83.168621,0,0,0,0,0,0,0,0,0,0,0,0,0,0,0,0,1.02283,0,0,0,0,0,0,1.73211,1.05349,0,0,0,0,0,0,0,0,0,0,0,0,0,0,0,0,0,0,0,0,0,0,0,0,0,0,0,0,0,0,0,0,0,0,0
"SRR7348691",7.97969,480.43982,138.3813206,28.65008,430.506684,205.59794,40.53764,137.98367,2524.06438488432,16.7839,58.33914,3.38323,1311.10593816,0,1577.03974,217.325919,1631.303865076,64.3999,951.818666,5415.298917,127.207162,11.21797,2073.677326,72.13601,308.238464,20681.8550096711,11575.2942484892,130.824,8.378325,392.309106,212.85025,5683.45603480991,2516.319286,3284.987378,762.4004584,6675.472733,10.42053,9048.5773764869,40.07407,0,9611.78233116316,33077.3420165579,0,0,0,0,4.24231,49.6827,6.06783,0,0,4.80867,0,0,0,0,0,0,0,0,0,0,0,1.99001,0,0,0,0,0,0,0,0,0,0,0,0,0,0,0,0,0,0,0,0,0,0,0,0,0,0,0,0,0,0,0,0,0,0,0,0,0,0,0,0,0,0,0,0,0,0,0,0,0,0,0
"SRR10957072",1.840731,142.349566,54.787907,5.28623,316.952154,153.954876,30.5535,46.026892,1065.19402221078,4.77678,88.161109,2.1432,825.7649,0,965.565177,85.125685,750.725179284144,44.65593,373.57185806324,1937.20831267848,101.446677,7.834886,1061.41840400583,120.547843,115.536023,12556.4988078838,5789.67598887113,21.31646,3.78881,162.491506,130.838893,3474.18021808976,1576.482731,4176.602558,1161.97799606552,6616.75314553933,966.066365,3472.6467879685,12.50073,0,5722.35974228033,14308.7319854914,28.701165,0,0,3.155025,0.942709,13.44419,0,0,0,1.3255,0.796342,0,0,0,0,0,0,0,1.92218,0,0,0,0,0,0,0,0,0,0,0,0,0,0,0,0,0,0,0,0,0,0,0,0,0,0,0,0,0,0,0,0,0,0,0,0,0,0,0,0,0,0,0,0,0,0,0,0,0,0,0,0,0,0
"SRR8784138",5495.593476034,263.4128,57.5868,93.967815,330.69247,326.315303,114.0872,169.231382,3402.10204,34.73802,0,0,1293.51131009861,0,674.83433,320.76674,993.74379,73.11154,1509.25956,1523.618106,444.700857,0,2888.688652,0,363.495677,25777.3449235561,28269.946223,120.75823,0,193.055419,380.45163,6873.35629976471,3893.519048,3403.24785,2615.2965216944,4723.9674664217,155.18395,4856.9845757289,409.096805,0,118409.1584299,22432.3177876556,0,0,12.009,0,15.9799,30.0469,0,0,0,0,0,0,6.09332,0,0,3.18815,0,0,0,0,0,0,0,0,0,0,2.92582,4.1488,0,4.603,0,0,113.105,0,0,0,0,0,5.35804,0,0,0,0,0,0,0,0,0,0,0,0,0,0,0,0,0,0,0,0,0,0,0,0,0,0,0,0,0,0,0,0,0,0
"ERR414137",22.423296,94.71784,61.429932,49.39138,234.566246,2363.77789,392.96166,45.6252,4486.53061322775,142.2762,3.19144,5.17517,3570.62025,0,858.49372,649.70880335499,1930.68442127407,211.216145,3724.87237803523,2912.84592517945,173.42581,0,5517.610638,13.836096,199.140649,43007.9790144033,15997.0629363074,363.048074,0,492.01714,1108.2345572495,14000.8802043608,4861.35989527289,3208.324591162,2629.90752765642,9745.2744335,497.751442004436,5686.55657615999,69.43808,96.90313,34931.5457593701,33933.1991220996,0,0,98.155118,0,0,63.19807,0,8.966505,0,1.32158,0,0,2.021565,361.66179,0,1.87573,0,0,2.30035,0,0,0,0,0,0,0,0,0,0,0,0,8.13459,0,0,0,0,0,0,0,0,0,0,0,0,0,0,0,0,0,0,0,0,0,0,0,0,0,0,0,0,0,0,0,0,0,0,0,0,0,0,0,0,0
"ERR146943",371.60711,1414.88495,0,186.7582,174.1707,1090.13109,558.6521,154.9619,7912.694525,3.84222,1.625935,0,3212.124315,0,3003.8045,429.73521,2022.502667,157.6592,2858.88187,2886.999197,1147.71139,7.77817,4613.375196,28.868327,725.85197,71496.2981484626,27302.3145231807,355.1319,0,500.96489,2013.92047,16969.1536499374,9434.499109,8546.75930351288,3898.44629,11533.617464,532.436406,9300.94482299999,679.5049542,0,41536.8359714963,54109.127746,0,0,0,0,0,1301.21933,0,0,4.2443,0,0,0,7.41986,0,0,0,0,0,0,0,0,0,0,0,0,0,0,0,0,0,0,52.6779,0,0,0,0,0,0,0,7.36727,0,0,0,0,0,0,0,0,0,0,0,0,0,0,0,0,0,0,0,0,0,0,0,0,0,0,0,0,0,0,0,0,0
"SRR10446422",58.1602,967.78739,5.33356,306.46144,521.61138,300.99754,60.80379,0,9479.679578083,69.8273,83.33850172118,0,1935.85459,0,73.2777,734.69846,2562.20852900993,113.84125,1221.930726,3499.385957,0,0,5320.710199,436.862877,57.16969,35072.3355922784,12968.2837346941,580.81219,0,658.36998,565.43842,10435.6917475511,4595.68579171115,2515.363257497,3418.493284,15009.49189589,2592.919142,11472.5093810855,17.13339,0,22063.3611288756,26761.3912350603,0,0,0,0,0,35.35704,0,59.34905,0,0,0,7.56449,0,0,0,0,0,0,0,0,0,0,0,0,0,0,0,0,0,0,0,75.81994,0,0,0,0,0,0,0,0,0,0,0,0,0,0,0,0,0,0,0,0,0,0,0,0,0,0,0,0,0,0,0,0,0,0,0,0,0,0,0,0,0
"SRR10446417",352.93238,667.8062,0,183.4197,392.23172,965.69825,176.6983,0,5756.23205,100.964,37.26713,0,3453.37163,6.90408,569.655,563.92865,2975.36287840516,119.43458,1932.272648,3193.15435712535,61.44837,0,7225.284793,229.970837,265.01896,44456.8684068798,12359.8915065384,312.72969,0,337.01892,751.35754,10710.3018742071,4595.89954,3274.86453,2371.233893,8969.409625,916.53059,10109.0077817293,0,0,23416.3674764,30642.3532971254,10.29175,0,0,0,0,75.5005,0,50.01342,0,0,0,0,0,0,0,0,0,0,0,0,0,0,0,0,0,0,0,0,0,0,0,145.179,0,0,0,0,0,0,0,0,0,0,0,0,0,0,0,0,0,0,0,0,0,0,0,0,0,0,0,0,0,0,0,0,0,0,0,0,0,0,0,0,0
"SRR11906528",128.75056,67.8781,257.947179,43.253988,1519.862913,178.176704,172.13712,215.29028,14129.279434,27.4806,118.243631,17.94667,1845.2190500011,0,3377.39657,111.029956,1242.66068811102,53.582332,804.604292,3533.51201548818,86.8985,0,3183.70232666415,416.4685628,38.19404,35961.129440402,10869.5717817641,162.513298,20.54597,1615.949407,390.82564,7328.0475759635,3925.63510642962,2199.63251200198,2015.64673752931,7770.01636996953,29530.191814,6310.44665008425,85.69077,36.9795,18781.6944240485,28641.5601242411,0,0,0,0,2.03283,0,0,24.69997,0,19.30078,0,0,1.15759,62.352705,0,11.9496,1.28904,0,0,0,0,0,0,0,0,0,0,0,0,0,0,0,0,0,0,0,0,0,0,1.14133,0,0,0,0,0,0,0,0,0,0,0,0,0,0,0,0,0,0,0,0,0,0,0,0,0,0,0,0,0,0,0,0,0
"SRR7687009",7.31179,7.18977,137.32460219,53.6308229,255.5300146038,49.462495,30.07819,29.923356,741.63499310377,51.703482,8.442189,3.28203,292.199135,1.313018,1085.23623,98.906728,436.62018274557,11.039513,975.868673155495,912.781715517074,16.80236,1.901499,1342.12335111687,80.38807854,45.830913,9824.69969777642,4164.60662953601,1052.55756,1.53642,70.22582,208.34262862084,2674.97731123445,891.3588417126,1121.33683233,754.168439257075,2552.9570931,48.439269,1488.47468760021,55.591218,0,7899.07180797734,9661.83736396102,0,0,1.323259,0,0,13.70569,0.552287,6.630353,35.5833000005463,0,0,0,0,0,0,13.239989,0.884027,0,0,0.793574,0,0,0,0,0,0,0,0,0,0,0,5.16081,0,0,0,0,0,0,0,0,0.352024,0,0,0,0,0,0,0,0,0,0,0,0,0,0,0,0,0,0,0,0,0,0,0,0,0,0,0,0,0,0,0,0
"SRR1505175",425.672567,138.2821,2587.81691656419,28.375228,107.359248,147.226811,22.68782,22.235005,2552.82024872942,0,74.886641,2.60442,1739.490664,1.86955,375.00855,64.875635,1125.70499775155,28.54297,1818.487232,1785.34741502359,9.544218,0,1308.50542134373,455.11661853,190.153389,11334.3017156627,4917.95091949044,2445.57362,10.04399,148.105495,149.116753,3288.92754366456,1196.230315,2802.13955625,1807.7693431,4968.80785038983,682.419619,4857.89157086276,218.87945,8.23458,7589.49021040285,11558.3258566884,2.304448,0,1.63267,0,0,49.37146,0,9.83459,3.33434,0,0,1.94477,0,0,0,2.802134,0,0,0,0,16.91065,0,0,0,0,0,0,0,0,0,0,0,0,0,11.14914,0,0,0,0,0,0,0,0,0,0,0,0,0,0,0,0,0,0,0,0,0,0,0,0,0,0,0,0,0,0,0,0,0,0,0,0,0,0
"SRR618507",0,13.057929,54.02472,43.448852,59.18766,379.472534,5.1848,36.675213,3648.355607,0,24.81194,0,344.920379,5.38791,494.2512,120.552982004603,292.444606,14.01044,3610.586766,514.989773,31.9307,8.42287,1552.61835816739,99.147614,82.91668,14319.6543658173,4108.51314820606,1028.34218,2.51481,60.808,132.93124,5325.85608124599,1444.1843094999,4090.686752,678.978428,4675.5126243447,2637.331621,1915.584633,361.16889,0,10363.9802783372,17539.729825301,3.77306,0,1.66207,0,0,3.98419,0,2.319816,0,2.23772,0,0,0,0,0,10.213244,0,0,0,0,2.36408,17.10925,0,0,0,0,0,0,0,0,0,0,0,0,0,0,0,0,0,0,0,5.92407,0,0,0,0,0,0,0,0,0,0,0,0,0,0,0,0,0,0,0,0,0,0,0,0,0,0,0,0,0,0,0
"SRR1797867",0,42.72575,57.068216,28.738502,136.0433781,62.00873,25.507742,74.376402,1492.268563,0,16.447615,7.04041,1561.400535,0,1084.1,95.022852,1583.20309418736,31.98992,5290.019316901,1504.8371506968,63.04242,7.04866,1345.1687974,192.0076338,124.956879,20301.941620022,8184.29557341591,393.29234,4.25706,140.894691,149.392339,4165.55843846073,2644.47582054502,4339.288606,1307.6199872,4960.22446863813,406.783169,3729.42682236497,19.2771,0,15547.8169323625,21988.0984343082,0,0,2.17019,2.39172,0,7.635477,19.3932,3.793889,0,2.37228,0,0,0,0,0,4.92505,0,0,0,0,3.28508,0,0,0,0,0,0,0,0,0,0,0,0,0,0,0,0,0,0,0,0,7.2267,0,0,0,0,0,0,0,0,0,0,0,0,0,0,0,0,0,0,0,0,0,0,0,0,0,0,0,0,0,0,0
"SRR1505100",29.13766,3.14427,850.640532,34.59183,85.947554,417.69684,9.87318,14.17565,2887.7625549712,6.0283,224.913552357071,4.97678,3810.783277,0,512.42949,66.22273,692.280691999999,29.63011,1385.603736,1196.05446634296,10.3576,30.70782,2762.49678935691,369.667384,69.11083,14626.6957870788,6524.01521781473,1627.69197,5.90729,145.733248,284.066924,11288.870887021,2676.055959,6242.5868036554,494.87894,5981.98665018509,2777.54474706403,2562.47694,116.29478,1.91506,11733.8520683232,15661.1067841468,3.30521,0,43.0853,2.39483,1.56949,2.34967,2.97623,15.89131,0,110.45074,0,3.9298,0,0,0,13.42871,0,0,0,0,0,0,0,0,0,0,0,4.13749,0,0,0,0,0,0,0,0,0,0,0,0,0,0,0,0,0,0,0,0,0,0,0,0,0,0,0,0,0,0,0,0,0,0,0,0,0,0,0,0,0,0,0,0,0
"SRR3581115",118.19293,6.25348,128.79851,35.18828,317.21662,342.47424,132.808,32.06038,5271.16235101169,18.83053,33.18834,4.01266,1131.787235,0,1249.56,210.073350261145,1775.82389070854,28.83765,1280.626514,2748.56286,102.78988,6.66609,4511.661788,184.71667,441.90796,28134.9833607741,8310.85757287,2093.0176,21.18412,303.64793,295.92244,6236.6287578788,5067.95423140233,4378.35536,1293.579303,8769.05592959626,2507.65083,6809.40662375851,8.34409,0,18088.5947424877,20621.9021192568,0,0,0,0,3.71572,7.52875,0,3.0142,0,5.05007,0,0,0,0,0,12.34538,0,0,0,0,8.07462,0,0,0,0,0,0,0,0,2.45664,0,6.36418,0,0,0,0,0,0,0,0,0,11.45244,0,0,0,0,0,0,0,0,0,0,0,0,0,0,0,0,0,0,0,0,0,0,0,0,0,0,0,0,0,0,0
"SRR3581106",0,0,320.54528394,47.773887,155.34118,247.031063,17.303388,28.49583,4371.88436763577,22.17604,20.083785,10.179448,1435.332581,0,816.453978,189.350749,1194.04723083788,34.244839,4506.96391365554,1358.5788948483,34.21395,17.064751,1786.4671840497,774.998738497884,522.281467,16823.9313319802,6143.14250604238,94.88281,3.52,177.241921,183.941542,4752.4935474398,1596.773959671,3088.89357200132,828.385880275802,5287.66330801438,1702.384952,2996.20977812334,12.7039,0,13279.7223632427,18432.6759301596,0,0,6.01269,2.025857,0.946152,4.00273,27.089677,22.083231,0,1.93999,0,0,0.807122,0,0,12.41729,0,0,0,0,2.16951,0,0,0,0,0,0,0,0,0,0,5.979279,0,0,0,0,0,0,0,0,0,0,0,0,0,0,0,0,0,0,0,0,0,0,0,0,0,0,0,0,0,0,0,0,0,0,0,0,0,0,0,0,0
"SRR1611560",0,69.1668,788.48662,167.6345006158,631.758920143047,1153.55569,77.515410374265,487.4022,3139.25023,0,195.30622,173.2836,887.569239,0,648.321,597.4329,1689.37635,73.6037,2154.132127,2156.18525,72.6754,8.26607,5643.189478,202.66149,179.90194,35031.6561022117,12011.4082233793,149.38414,19.00229,444.43577,1050.15975,8095.33015,5416.660117687,3853.36327,983.411166,4867.08475,255.93344,4723.74316,14.85759,0,25602.8719262451,37148.4031543106,0,0,0,0,21.986,136.116,0,102.38931,0,59.8607,0,0,0,0,0,8.34412,0,0,0,0,0,0,0,0,0,0,0,0,0,0,0,0,0,0,0,0,0,0,0,0,0,0,0,0,0,0,0,0,0,0,0,0,0,0,0,0,0,0,0,0,0,0,0,0,0,0,0,0,0,0,0,0,0
"SRR1508368",46.88746,14.6615,209.1403708,35.581779,279.60511,48.30372,42.42509,39.37071,938.077487,24.28159,17.505321,0,548.083589,16.81726,443.81711,245.298021,523.395476101656,26.830315527416,2180.277216,2159.222486,68.99828,1.68381,1954.76735,39.657268,61.38133,16922.7712090332,8065.47623250496,981.469596,14.02684,291.085450000683,145.507553,4906.115546286,2226.37257774013,1232.968234,1272.112463,5323.266092,103.3114,10878.417156768,39.14848,0,13089.4125525392,25921.6310752717,0,0,0,0,1.976478,1456.628,66.26091,1.93284,23.69699,9.258,0,0,0,0,0,0,0,0,0,0,2.3127,0,0,0,0,0,0,0,0,0,0,10.85232,0,0,0,0,0,0,0,0,0,0,1.58978,0,0,0,0,0,0,0,0,0,0,0,0,0,0,0,0,0,0,0,0,0,0,0,0,0,0,0,0,0,0
"SRR5811995",0,46.415476,319.473678492604,29.048832,133.348446,232.592233,48.2285,129.32549,2142.878375,9.28996,66.178407,8.198185,1203.472946,0,845.533,155.139941,1300.088648858,41.20049,4754.65464694665,1329.89976035,62.08228,5.915343,1847.00292402437,256.854030200501,497.424302,22180.3128503218,7261.09826680277,69.166352,15.31183,256.530804,165.03530062,4643.89817168705,1985.489033836,4425.303437,961.198025912736,5961.61054120681,390.783060558741,4459.4311847,16.0492,0,14753.3083258282,18502.2344058247,3.90227,0,6.67203,0,0,4.94128,8.57702,12.792546,0,0,0,0,0,0,0,4.31977,1.7338,0,0,0,0,0,0,0,0,0,0,0,0,20.57035,0,5.51127,0,0,0,0,0,0,0,0,0,12.297941,0,0,0,0,0,0,0,0,0,0,0,0,0,0,0,0,0,0,0,0,0,0,0,0,0,0,0,0,0,0,0
"SRR1611562",461.573,23.7497,844.231581,21.74467,419.0347,46.23027,247.170774,90.3583,8019.47432,44.1481,123.482007,0,2124.02272,0,1498.27,187.2902,843.1737054,48.56906,1446.07328,3674.11357,45.0742,3.94766,2324.94469002286,369.17354,226.99372,36840.5439637062,8425.2877023,62.92814,4.17738,200.48565,499.05095,4436.05318891183,2919.92383056,1766.31724317082,1337.810367,7592.02934922295,2882.98134,2892.5801974267,74.704,0,29491.7184905026,21157.0044270314,0,0,0,4.91029,0,7.16742,0,200.041616,0,28.71264,0,0,0,0,0,0,0,0,0,0,0,0,0,0,0,0,0,0,0,0,0,0,0,0,0,0,0,5.56471,7.07043,0,0,0,0,0,0,0,0,0,0,0,0,0,0,0,0,0,0,0,0,0,0,0,0,0,0,0,0,0,0,0,0,0,0
"SRR3581128",270.24213,6.71262,253.46818,45.02301,192.46083,390.51728,32.314,92.40337,5502.68740477178,34.39967,43.54639,12.15043,3210.307573,0,1984.48354,277.7679,1758.02039263713,60.15402,1930.594079,2221.259754,107.5001,31.37362,2603.402956,207.9495,498.853116,32708.3991652303,10183.3859735483,5051.70186,8.14741,281.63564,323.057535,6250.58730100078,3014.5658285851,5048.741827,1322.4056886846,9976.52172159048,3233.687,4466.72773587864,20.66651,0,26476.5316104315,24809.2150150388,3.39849,0,7.07238,0,0,16.76185,14.57572,6.07583,0,9.94917,0,11.12034,0,0,0,9.15183,2.81893,0,0,0,0,0,0,0,0,0,0,0,0,2.74022,0,13.7742,0,0,0,0,0,0,0,0,0,15.28391,0,0,0,0,0,0,0,0,0,0,0,0,0,0,0,0,0,0,0,0,0,0,0,0,0,0,0,0,0,0,0
"SRR1611583",146.1539,182.56217,340.569675,31.99186,156.12656,544.005496,30.74624,76.3434,5971.7094527252,33.57768,41.90031,12.74983,1112.53141052552,0,578.117,2582.29664,920.931548662,19.26861,38968.240007,3095.95008000382,294.71955,9.40878,5601.0093000302,277.15143,1363.89436,49806.4852772874,11995.9173659253,62.16598,5.04648,347.884481321,374.343588,5470.18174693,2060.93356760789,4972.879592,1203.42767,4755.21756087792,6437.57536,2650.073511,345.70877,11.3329,22195.6336993175,28192.6056480965,0,0,0,0,14.4584,8.6681,66.7014,35.45269,0,0,0,0,9.38577,0,0,0,0,0,0,0,12.1135,0,0,0,0,0,0,17.59501,4.52128,0,0,0,0,0,0,0,0,0,0,0,0,0,0,16.00899,0,0,0,0,0,0,0,0,0,0,0,0,0,0,0,0,0,0,0,0,0,0,0,0,0,0,0,0,0
"SRR14868528",3.43714,196.42849,9.85697,45.33878,186.671838,73.37773,42.0357,43.34902,1706.729815,6.60943,551.425487,3.08733,1349.61883,0,93.1549,224.92735,628.58702,90.74098,418.597019,2069.362588,13.22801,3.83554,1200.717259,2907.05945758764,83.778886,10376.71160694,3665.789435,108.09841,6.12779,73.81173,137.0265346,2014.407675,1791.217522,684.595126,1277.240792,4974.17453405819,9.51444,3359.82657914527,749.1893,0,5965.53101599999,10588.747892,38.88951,0,0,0,0,0,3.36998,20.11427,8.00369,0,0,0,27.36016,0,0,0,0,0,0,0,10.9044,0,0,0,0,0,0,0,0,0,0,0,0,0,0,0,0,0,0,0,0,0,0,0,0,0,0,0,0,0,0,0,0,0,0,0,0,0,0,0,0,0,0,0,0,0,0,0,0,0,0,0,0
"SRR14561348",4525.68,37.545434,1040.75548,17.71824,553.61564,222.24247,23.30087,37.442877,5558.458876,0,121.21951,4.591,3915.72187,0,202.78631,332.522768,1963.703873,243.899089,1257.898077,1628.228224,6.90774,3.38568,1998.081343,379.7435068799,196.365155,25092.3539005432,6344.817271,601.33644,17.6495,221.661464,235.219023,5805.54963734746,3145.57045499375,1067.999065,1006.3955257,11180.528518141,169.065816,2719.62177624942,754.19313,0,11731.84688166,22341.4036924571,0,7.59145,0,0,0,0,49.17131,12.99085,0,1.4912,0,0,11.299893,0,0,0,0,0,3.06622,0,0,0,0,0,0,0,0,0,0,0,0,0,0,0,0,0,0,0,0,0,0,0,0,0,0,0,0,0,0,0,0,0,0,0,0,0,0,0,0,0,0,0,0,0,0,0,0,0,0,0,0,0,0
"SRR13614426",14.9536,23.10306,7.75511,10.62848,23.71735,136.206192,26.144366,50.548118,893.8185174475,5.299,59.851383,2.8775,319.639753,1.26794,43.23708,94.337488,390.127106,35.102611167,434.383298,789.861541072,39.198387,4.45533,1021.62098513,186.132507,65.8642,7487.61275125873,2031.4125052,41.498632,0,149.543627,140.927181,1532.8488396,1105.3304977,513.2625924,458.654665,1483.49998162094,140.271659,1292.144,314.190707,0,5032.94061416616,6621.1145315828,0,1.0413,0.502734,0,7.420532,3.42627,0,0,5.56401,7.87422,0,0.696762,15.28692,0,0,0,0,0,0,0,1.2541,0,0,0,0,0,0,0,0,0,0,0,0,0,0,0,0,0,0,0,0,0,0,0,0,0,0,0,0,0,0,0,0,0,0,0,0,0,0,0,0,0,0,0,0,0,0,0,0,0,0,0,0
"SRR8320992",0,11.52791,14.43889,13.61196,34.650061,84.72231,19.097541,35.50331,519.050686035,4.654115,30.626389,0,275.554292034985,5.0116,17.40415,47.095611,505.491851,40.330871,390.023879357,522.517626110637,15.271663,1.534075,792.471087281799,173.518205,113.562581,6208.83676399633,1975.48187076786,19.474032,8.9667,86.657033,104.002312,1035.17101858112,707.60073852,471.791842,416.786346623,1351.71221827918,26.74932,977.878077571994,316.571394,0,4311.15903539068,5401.68836341331,0,1.809888,0,0,3.244096,0,0,0,3.272837,7.47346,0,3.13867,30.541069,0,0,2.8353,5.710847,0,1.09453,0,3.66282,0,0,0,0,0,0,0,0,0,0,1.88908,0,16.169054,0,0,0,0,0,0,0,0,0,0,5.60882,2.746539,0,0,0,0,0,0,0,0,0,0,0,0,0,0,0,0,0,0,0,0,0,0,0,0,0,0,0
"SRR13614433",6.82948,14.917486,6.380775,34.12044,36.80646,268.3441719209,22.98848,52.006511,1682.44822391819,4.27724,51.665624,0,302.858166,26.756356,91.0707,118.357523,430.064804,22.46953,410.62518,979.08338642278,14.9001,31.40075,1364.46515443,250.712455,159.329146,9551.84553003082,2855.334565257,27.79343,12.72673,55.274416,173.756731,1499.77098912834,1356.78422648,979.381819,564.948357012026,1913.951929,3.58084,1666.2844795069,784.269387973008,0,5548.54868968814,9570.35192454809,0,1.73455,0,0,0,379.352000005161,0,0,1.8215,8.68526,0,0,73.807139,0,0,0,0,0,0,0,1.12827,2.89801,0,0,0,0,0,0,0,0,0,3.11703,0,2.48215,0,0,0,0,0,0,0,0,0,0,0,0,0,0,0,0,0,0,0,0,0,0,0,0,0,0,0,0,0,0,0,0,0,0,0,0,0,0,0
"SRR13614432",32.080469,25.58358,8.02926,42.32475,26.927462,156.53582489,23.47171,46.844781,593.193491,4.41246,66.32168,0,217.5694307,6.57425,86.44109,57.503144291,401.624677,46.241862,404.797768,912.9027806064,20.04729,11.505908,1323.91486902169,326.5768139,171.305021,6992.27404831831,2611.719061728,81.749839,10.43246,137.54221743984,119.612564,1617.80452945618,833.125618327249,515.482888,560.333642,1249.699109,127.610839,1433.51337421,100.15051755,0,7091.43283951697,5954.92620830103,0,0,1.15328,0,1.372,37.03419,1.8242,0,4.6372,7.54447,0,11.94797,63.410985,0,4.45063,0.758158,0,0,1.4112,0,1.99688,0,0,0,0,0,0,0,0,0,0,0,0,6.412986,0,0,0,0,0,0,0,0,0,0,0,0,4.01246,2.46188,2.59895,0,0,0,0,0,0,0,0,0,0,0,0,0,0,0,0,0,0,0,0,0,0,0,0
"SRR13614431",1.58298,6.94936,7562.11528209413,13.04535,4.67962,125.630141,0,6.20898,221.59357,0,297.64528,0,51.86065,2.17065,9.47344,27.76267,165.53221,19.22782,104.77242,920.576677,0,0,219.63875,3062.03648925795,41.21127,2095.23962334,893.954739,155.90653,0,42.04527,25.51867,585.05236,261.17409,174.31853,1834.8370968802,1773.6175667,16.22592,1995.41199098642,184.85644,0,2835.06463329931,11469.0141823811,0,0,0,0,0,0,0,256.56405,0,0,0,772.73825,10.47301,0,0,3.67424,25.68428,0,0,0,0,0,0,0,0,0,0,0,0,0,0,0,0,0,0,0,0,0,0,1700.848,0,0,0,0,0,0,0,0,0,0,0,0,0,0,0,0,0,0,0,0,0,0,0,0,0,0,0,0,0,0,0,0,0
"SRR11128566",298.517927407,9.27353,15580.1411971383,3.81574,46.611799,190.269679,4.941071,26.924803,116.380499003288,0,203.245215,0.99601,68.408236,1.05839,3.32932,29.715198,353.074827,33.236219,81.995056,1609.87372614777,4.257899,1.39438,166.69025765,3909.25189538938,16.370612,1419.141143,745.948093,13675.501916,2.450335,25.302383,31.35457,317.167377,266.33211,107.557263,2590.895806113,1537.29488585,4.856857,1572.2570529497,76.8278,0,3764.5471414,8438.53879679273,1.987807,0,0,0,0,2.09603,1.04388,155.190038646465,0,1.28184,0,0,4.332622,0,0,0.880783,42.497591,0,1.30157,0,1.38745,0,0,0,0,0,0,5.201448,0,0,0,0.900559,0,5.72301,0,0,0,0,0,0,0,0,0,0,0,0,0,0,0,2.90415,0,0,0,0,0,0,0,0,0,0,0,0,0,0,0,0,0,0,0,0,0,0,0
"SRR13614430",0,18.737327,2506.99756319054,0,21.271268,166.289251,6.281128,8.01221,216.859073,1.58427,131.5041958,0,88.661773,4.378262,7.37487,19.299653,111.108108,7.767981899,167.447473,657.731682,4.20111,0,193.024575,1420.85504834184,59.982755,1970.9536502,753.99017665132,24.544145,0,27.687203,24.453881,440.4121046,226.354720431,152.144588,869.9154127931,907.274852345,24.146296,968.835757706225,46.133247,0,1134.27994868532,2954.58744998005,1.20971,0,0,0,0,3.65858,0,10.471101,0,0,0,0,1.89954,0,0,0,13.009167,0,0,0,0,0,0,0,0,0,0,0.97152,0,0,0,1.96059,0,0,0,0,0,0,0,0,0,0,0,0,0,0,0,0,0,0,0,0,0,0,0,0,0,0,0,0,0,0,0,0,0,0,0,0,0,0,0,0,0
"SRR13614429",3.43557,13.93196,9.782291,15.661145,16.58439,46.09292,5.541317,15.1002,762.027850172763,1.92497,117.92354184,1.42456,112.800236,2.73314,32.43135,49.490122,189.93869347683,25.397917,138.489147,398.388361,5.817281,7.2278,395.872497,341.157779,32.313905,3300.02333249095,1153.3829134052,34.724996,4.408457,38.717718,50.784357,758.072178511001,428.6343353,300.320762,204.436909004041,808.510223516599,70.059883,683.0535342,195.752598,0,2219.58887206816,3176.66637039969,0,2.84079,0,0,0.734997,0,0,0,0,2.88085,0,2.053124,21.5463457,0,0,0,0,0,0,0,1.42062,1.71196,0,0,0,0,0,0.588353,0,0,0,0,0,0,0,0,0,0,0,0,0,0,0,0,0,0,0,0,0,0,0,0,0,0,0,0,0,0,0,0,0,0,0,0,0,0,0,0,0,0,0,0,0
"SRR13614428",0,7.8772,11.24316,49.09906,16.10471,44.96444,4.770439,39.22239,728.723292275765,5.28647,46.039396,0,370.69684770006,7.84602,107.3829,34.6677,314.778604,19.78838,364.983066,425.746483,15.43932,0,1130.316445,178.3441,26.67808,6759.9665390906,2342.66256328023,75.33378,8.22858,50.58055,117.593867,1235.263956548,964.58888418072,913.46139,397.071687,1167.361356,7.51063,1130.547897,618.3533436,0,5642.54368286481,6367.18107488901,0,0,0,0,0,1.16983,0,0,11.94046,22.5879,0,67.274441,78.0837,0,0,0,0,0,0,0,0,0,0,0,0,0,0,0,0,0,0,1.56239,0,21.10031,0,0,0,0,0,0,0,0,0,0,0,0,0,0,0,0,0,0,0,0,0,0,0,0,0,0,0,0,0,0,0,0,0,0,0,0,0,0,0
"SRR13614424",0,308.928540009181,1807.72528950779,26.78156,55.71805,330.917964,7.54786,33.36957,1499.13987717,3.62246,128.315148,5.73827,570.411378,20.2325,45.43147,136.23947,539.156585,45.46123,912.1204446209,786.17981299263,54.97202,2.69485,1155.17249599,748.271379,172.732467,11383.665472396,4574.27632325811,379.740590604191,7.80499,150.156210744,110.27584,3018.19602450074,1740.080197,799.271514,1194.22730603035,1997.28739702026,285.817934,1546.3399629374,949.19699,0,7578.36230830527,10090.2577302078,26.29809,0,0,0,14.23112,0,0,6.22249,5.87046,3.66526,0,10.11161,0,0,0,4.81821,12.246,0,0,0,0,10.16536,0,0,0,0,0,0,0,0,0,0,0,194.113932,0,0,0,88.1051,0,0,0,0,0,0,0,0,0,0,0,0,0,0,0,0,0,0,0,0,0,0,0,0,0,0,0,0,0,0,0,0,0,0,0
"SRR13614423",0,49.210971,1374.52432139629,1.44689,19.47762,104.337387,4.37771,9.45894,679.804924,2.18738,104.525024,2.77669,140.868911,3.166546,5.0833,48.400076,227.278932,34.741359,224.131589,671.09518018,15.643916,1.33033,437.5978682039,893.055854039094,82.438602,3763.976067,1213.363296,29.0962,1.84602,25.798626,36.270214,701.120033999999,618.85107582,227.289602,743.126846903979,1205.86496100762,151.69218,759.845524,192.778326,0,2069.904476,3724.3368832043,0,0,0,0,0,2.0613,0,29.620099,0,2.04816,0,1.32532,0,0,0,0,3.12302,0,0,0,0,0,0,0,0,0,0,2.065423,0,0,0,0,6.17091,1.78474,0,0,0,0,0,0,0,0,0,0,0,0,0,0,0,0,0,0,0,0,0,0,0,0,0,0,0,0,0,0,0,0,0,0,0,0,0,0,0
"SRR13614447",7.98492,12.0522,1704.60512875747,11.7987,11.78213,11.78293,0,0,448.94788,0,505.42055,4.92487,323.74515,0,10.7731,13.416196,72.27502,26.41967,189.94969,2119.496713148,0,11.96364,335.59902,2868.16831,55.34258,3302.978639,917.58982,257.601,5.41824,46.02438,23.72704,634.23123,463.562044797,161.71497,1710.14591757513,1905.43120015311,0,74294.875149624,40.5077,0,1530.1120927,9929.93015642874,0,0,0,0,0,9.52747,2.5854,142.67816,0,0,0,4.60507,25.23808,0,0,5.8311,12.58949,0,0,0,7.29189,0,0,0,0,8.08184,0,0,0,0,0,0,0,8.78506,0,0,0,0,0,5.15564,0,0,0,0,0,77.37638,0,0,0,0,0,0,0,0,0,0,0,0,0,0,0,0,0,0,0,0,0,0,0,0,0,0,0
"SRR8318947",7.06191,178.06119,1255.4735886723,11.25086,54.51835,227.49048,11.9281,22.47787,3932.24198164728,2.45698,377.102374,1.17262,187.500104,0,25.89984,89.439221,399.097865,106.167581079,821.089625005838,2098.63141739182,51.58098,2.65153,689.839154513876,2209.10035770872,105.983713,10689.2209895724,3297.60118872121,118.25863,12.37074,149.887134,81.096456,3441.97234827401,1801.24109422646,605.7980152,1833.594064081,2584.62163904347,906.531485,2240.69860362018,940.633101,0,6451.58549536404,11936.468576575,1.42437,5.16861,2.51986,0,2.74618,20.28296,4.14792,46.940482,0,0,0,0,25.135391,0,0,0,30.715916,0,2.95038,0,9.352007,0,3.47037,0,0,12.44857,0,0,0,0,0,1.90569,0,12.58094,0,0,0,4.35061,0,0,0,0,0,0,0,38.54092,0,0,0,0,0,0,0,0,0,0,0,0,0,0,0,0,0,0,0,0,0,0,0,0,0,0,0
"SRR13614446",0,38.38261,10.9919,32.92159,184.0963,115.93681,64.67604,65.51929,4114.8081664037,0,37.42473,0,583.778872,33.14422,218.13877,123.19917,564.402308053383,98.1267,611.347058,1146.55701,4.24495,1.33591,2137.4818322,171.431925,192.9484,12446.5145764623,5013.2719384843,376.3089,13.57017,123.54252,230.72882,3162.0653862,1667.589091103,2314.11707842319,672.3111095461,2236.9269903282,107.47314,3643.58158,1297.291708,0,9616.68061799295,13010.6026813392,0,0,0,0,4.67303,8.11049,0,4.97976,0,13.16102,0,0,12.22762,0,0,0,0,0,0,0,0,0,0,0,0,0,0,0,0,0,0,0,27.73859,0,0,0,0,0,0,0,0,0,0,0,0,14.98258,0,0,0,0,0,0,0,0,0,0,0,0,0,0,0,0,0,0,0,0,0,0,0,0,0,0,0
"SRR13614445",3.74523,11.53113,10.22768,6.5495,8.57861,10.85816,0,20.48354,1334.2236592,4.38877,14.552779,0,324.35320025705,2.93801,79.965786,15.09191,226.7971521,4.89715,678.551494,501.301960006369,5.63632,6.15444,1105.99721782609,100.81918,136.17574,5351.79423926328,1797.03386524188,292.37868,6.43939,19.19686,65.88114,1241.79572592268,423.099481,532.198207,496.79148,1593.93363762761,15.93941,977.230872815,154.60381,0,3374.2510596224,4593.27419559915,0,0,0,0,0,43.50312,2.17079,4.12356,0,0,0,0,18.11879,0,0,0,0,0,0,0,0,0,0,0,0,0,0,0,0,0,0,0,6.1548,0,0,0,0,0,0,0,0,0,0,0,0,19.67874,0,0,0,0,0,0,0,0,0,0,0,0,0,0,0,0,0,0,0,0,0,0,0,0,0,0,0
"SRR13614443",0.906022,130.18955,8.658327,4.673333,5.49573,97.215925,9.338878,37.618377,479.412135832,6.81113,120.2932485,2.09668,166.7450539,7.317632,45.264514,40.58579647,214.6031651,20.873375,395.505488002881,601.744123581663,53.188646,3.4315,585.3011797,638.584689400001,124.008577,3952.79148412345,1442.93882853008,39.5092,3.675987,65.984032,43.115699,887.768554233338,430.625843,310.077886000621,471.672276765149,1073.33044739,118.740172,945.019304690081,9.953178,0,2743.90741062857,3711.88457943462,0,0,0,0,0,22.908282,0,0,2.12568,4.03497,0,3.711063,16.120064,0,0,0.456787,0.760213,0,0,0,0,115.5905703,0,0,0,0,0,0,0,0,0,0,0,18.023311,0,0,0,2.37202,0,0,0,0,0,0,3.20667,6.100391,0,0,0,0,2.797906,0,0,0,0,0,0,0,0,0,0,0,0,0,0,0,0,0,0,0,0,0,0
"SRR13614440",1.49306,128.76844,2290.90705370268,5.467003,19.549456,174.736008,2.728607,12.27355,723.4604662,1.60762,130.175307,0,89.725682,1.61134,23.817267,46.407722,179.67997,21.729906,481.38858188,567.20445,18.942619,1.83512,332.859465,996.9749491199,99.284878,3280.8146547396,1322.31850850793,118.734342,5.15422,37.12085,33.5516120087768,1047.99333482,433.17514,245.187092007692,1038.10963339,1219.716734463,281.410261,934.308113626999,85.3180700001294,0,2012.19941449607,4302.99597088597,1.14453,0,0,0,0.938683,2.173585,0,31.696487,0,1.8005,0,0,3.502134,0,0,5.79979,14.166886,0,0,0,2.02365,0,0,0,0,0,0,0,0,0,0,0,0,1.0608,0,0,0,0,0,0,0,0,0,0,0,0,0,0,0,0,0,0,0,0,0,0,0,0,0,0,0,0,0,0,0,0,0,0,0,0,0,0,0
"SRR13614438",1.03427,17.548895,4907.64902256151,17.12641,105.260746,139.64338,17.152295,19.531662,1085.5672340029,0,239.842609,2.01459,308.79745,28.99054,96.87541,164.229043,735.944168361275,70.5455596,489.106855002169,1976.84761963188,9.89869,0,1333.51834744,2288.25795059575,160.405858,11115.7020782577,4088.19303981065,186.50688,6.530917,92.297941,216.076401,3186.550762,1468.133126,741.432087,1637.13687563407,4020.99123320816,39.652548,2158.01538922904,457.57088,0,6022.19895754088,10865.0854663303,0,0.864382,5.37965,0,2.81995,1.95702,3.21191,13.993743,0,0,3.71506,0,0,2.46493,0,0,12.698258,0,0,0,9.03486,0,0,0,0,0,0,0,0,0,0,0,0,0,0,0,0,3.222416,0,0,0,0,0,0,0,12.959677,0,0,0,0,5.2167,0,0,0,0,0,0,0,0,0,0,0,0,0,0,0,0,0,0,0,0,0,0
"SRR1145776",21.5551,84.68129,2485.47853038907,5.69885,14.363911,115.640634,9.250151,7.735847,980.497058,0,129.823737,0,218.2849,3.1779,187.02748,93.979616,182.46910787031,20.76575,319.142295,1453.221575176,28.507151,7.335466,972.686056,1170.4054336,70.478667,5939.51396663833,2071.109429,2652.01972,7.7482,95.24048,61.542462,1461.328901,746.838993,440.431129,1378.44366602888,5960.922221,156.485561,1076.76179397658,251.04388,0,3733.5572913,7331.41717778747,0,1.87219,1.49296,0,0,0,3.112507,22.24616,0,4.13784,0,4.35258,4.15246,0,0,5.7086,0,0,0,0,0,0,0,0,0,0,0,0,0,0,0,0,0,0,0,0,0,0,0,0,0,0,0,0,0,2.0548,0,0,0,0,0,0,0,0,0,0,0,0,0,0,0,0,0,0,0,0,0,0,0,0,0,0,0
"SRR13614435",1.9922,135.514,2.72535,28.48294,6.74847,227.66813,42.95182,4.96765,2020.76483248556,6.23913,20.17287,0,400.24248,29.92265,52.19983,115.09104,499.43263,7.23379,747.51831,1306.64223601232,15.32639,11.47627,1758.978443546,66.7500600197703,388.09195,12138.5218916265,5160.27761043839,297.03641,15.3747,115.22041,212.75035,2375.61300291844,2269.7031456343,1576.5842982,427.48679,2250.00662736934,36.45736,2601.83432222295,2493.06834,0,13059.6468305606,16903.6631785038,0,0,0,0,0,37.60378,0,0,0,13.6516,0,0,0,0,0,0,12.0935,0,0,0,0,0,0,0,0,0,0,0,0,0,0,7.02822,0,0,0,0,0,0,0,0,0,0,0,0,0,0,0,0,0,0,0,0,0,0,0,0,0,0,0,0,0,0,0,0,0,0,0,0,0,0,0,0,0
"SRR13614434",8.275753,19.92385,12.16971,19.69042,6.473571,49.63111,17.396199,42.91045,826.05244,8.01647,24.266593,0,187.63040150701,11.321223,66.86397,43.488137,207.144676,52.998,291.24706,334.633561,1.97585,48.164834,769.275701176188,160.315686216919,97.813393,5425.31224176586,1390.9460694442,60.385001,4.43898,76.577471,148.976895,1225.64371941569,589.21706407,381.52429719,230.2344213,1674.0846339921,31.769909,852.266713,292.547937,0,3190.39078814409,4549.95952032281,0,0,0,0,0,84.47102,0,0,0,69.534855,0,102.27799,9.772531,0,0,1.49921,0,0,0,0,0,2.46128,0,0,0,0,0,0,0,0,0,6.42069,0,30.04305,0,0,0,157.66247,0,0,0,0,0,0,0,0,0,0,0,0,0,0,0,0,0,0,0,0,0,0,0,0,0,0,0,0,0,0,0,0,0,0,0
"SRR13614437",127.02353,33.00767,0,0,5.25577,91.28197,13.92683,76.76258,2165.64844001165,11.983,17.79915,0,459.485564,22.03705,58.12809,501.6885,608.08849724858,27.06833,649.029055,888.834856,14.5982,16.44943,1967.555936978,181.02222,165.76764,12838.1361841065,3964.66960101006,161.42661,0,83.53237,226.96187,3027.6391182,1157.07011138,1448.98101,349.06289,1376.88961,2.66372,2640.735848,865.750706,0,8258.01919521088,12644.2608616824,0,5.15678,0,0,0,67.34118,0,0,0,0,0,0,7.24399,0,0,0,0,0,0,0,4.45855,0,0,0,0,0,0,0,0,0,0,0,0,0,0,0,0,0,0,0,0,0,0,0,0,3.49846,0,0,0,0,0,0,0,0,0,0,0,0,0,0,0,0,0,0,0,0,0,0,0,0,0,0,0
"SRR14868533",18.56331,483.7174,49.18411,123.48828955,83.84465,533.063414,96.3647,92.85085,7538.322244651,27.68192,57.55004,21.92679,4364.82137,0,226.627,603.19287,1824.87684,81.31566,937.97333,2768.77632,70.5545,34.85148,4386.627842,708.942022,208.27214,25183.9266655015,8760.32553100001,88.4912,26.67248,483.44907,457.00556,5384.820065,2545.64213,1410.70347020157,1700.9083547,6679.42676241556,4370.93605,5168.575189907,694.1112082,0,19326.2980713,24585.2706630182,0,0,10.77822,0,0,0,4.81588,0,32.3866,63.37182,0,0,135.89753275361,0,0,0,0,0,23.23636,0,82.6337,0,0,0,0,0,0,0,0,0,0,0,0,48.73152,0,0,0,0,0,0,0,0,0,0,0,5.03389,0,0,0,0,0,0,0,0,0,0,0,0,0,0,0,0,0,0,0,0,0,0,0,0,0,0,0
"SRR5031247",425.647364,4.09559,31.08255,226.5151,231.2343,51.82429,599.82054,0,2129.5133,13.53227,57.96606,0,5897.693882,9.6192,861.20193,116.345037,2127.97684,40.5189207,1944.72273,2981.34833,205.326679,0,24920.206145,147.14851,159.92328,38315.4569046071,10327.604385,675.449695,0,574.21715,438.144608,42720.5614468718,3490.592251,1833.905821,39283.05861,7238.506988,0,2835.1355037,7.03453,8.20901,15059.1838708075,48768.6492035574,0,0,3.34264,0,0,26.84452,0,10.22363,0,8.38156,5.59525,0,0,0,0,5.02359,0,0,0,0,2.80351,0,0,0,0,0,0,0,0,17.1331,0,8.07053,0,0,0,0,0,0,0,0,0,15.9867,0,0,0,9.63464,0,0,0,0,0,9.44422,4.20069,0,0,0,0,0,0,0,0,0,0,0,0,0,0,0,0,0,0,0,0
"SRR5811960",33.37634,109.897727,150.935186,45.85997,865.835551,1012.062938,51.31666,86.381938,3927.8516742,16.1605,89.978299,0,730.107332,0,1267.050965,190.542043,1792.84388322497,58.296379,1534.906846,2192.3747614785,154.984929,12.425592,3221.06083880153,291.4361264,147.69022,35236.6545604888,15709.0041686367,62.424097,18.88201,316.79208,296.48286,8144.1369203535,3058.42186217109,5063.71330168292,1164.83964812112,6456.14601442128,6974.172572421,6927.16599797945,663.8121,0,30492.1860169195,22740.271059167,1.73245,1.307588,0.716606,0,0,4.40575,0,5.948743,0,6.72929,0,0,0,0,0,13.77324,7.83508,0,0,8.598575,17.5147,0,0,0,0,0,0,0,0,32.7847,0,2.043821,0,0,0,0,0,0,0,0,0,48.086844,0,0,0,0,0,0,0,0,0,0,0,0,0,0,0,0,0,0,0,0,0,0,0,0,0,0,0,0,0,0,0
"SRR1611565",0,115.551396,236.05209074848,68.1832836,363.3331891,560.248857663,46.46761,87.2518,1551.9320383,30.35937,65.66927,7.70371,873.815337,0,200.666,272.22079,1902.2574257462,28.43953,1216.44442308043,2386.644558,106.162583,9.80717,1746.0071344,258.72816326,223.744805,24310.3654696005,11352.9886800062,69.96726,2.93256,535.64497,419.04493,7199.01198158165,3912.82799758792,4935.051113,951.577127322,3589.8262738615,168.410366,5193.74931205803,64.24534,0,13106.2831960591,22146.9046311283,0,36.27944,3.56444,0,0,26.14199,5.42887,50.9831,0,5.31272,0,0,0,0,0,0,0,0,0,0,0,0,0,0,0,0,0,0,0,0,0,22.59009,0,0,0,0,0,0,0,0,0,0,0,0,0,0,0,0,0,0,0,0,0,0,0,0,0,0,0,0,0,0,0,0,0,0,0,0,0,0,0,0,0
"SRR1611566",1.37371,62.9812,129.382674021991,8.140553,268.47757,109.998896,51.998657,34.329653,1057.34713908842,12.99227,101.231542,0,358.365321,0,29.4834,171.522608,965.210923,26.423759,487.834331,1989.71837965418,98.465191,25.58701,1210.634406,562.5613743657,226.277684,14046.2040844217,4988.5527238944,19.354981,3.41128,205.85256,85.486559,3158.66065451389,1494.76406062027,1040.885036,1186.3267059502,3614.65932534919,270.326328,3206.45255292424,90.53633,0,7791.90442444,10101.4997832294,1.60707,15.83042,0,0,1.79624,12.50127,0,20.447106,0,4.09331,0,12.71481,0,0,0,0,0,0,0,0,0,0,0,0,0,0,0,0,0,6.95733,0,0,0,0,0,0,0,0,0,0,0,0,0,0,0,0,0,0,0,0,0,0,0,0,0,0,0,0,0,0,0,0,0,0,0,0,0,0,0,0,0,0,0
"SRR2131255",97.6364,36.91913673437,310.717234669026,91.25646,127.421082,131.734612,37.0336175,19.812095,709.283154002243,8.57893,93.806241,9.692028,646.186107,8.78879,515.6126,74.719488,1849.665314,22.24483,625.22299,1117.44714673872,20.47144,15.65158,2537.0496259065,247.126548002625,154.783768,11012.6412063166,6210.23599240135,46.218428,6.13148,164.450555,196.612202,3459.1014088,1499.5091293076,1066.606693,1691.84596935,3663.61304300143,180.850717,2931.19981488138,95.3649,0,9153.00232310255,10839.7177152985,0,1.0944,4.74722,0,0,15.17413,0,9.05993,0,0,0,0,0,0,0,3.23225,59.37906,0,0,0,0,0,0,0,0,11.72293,0,0,0,0,0,6.61941,0,0,0,0,0,0,0,0,0,0,0,0,0,0,0,0,0,0,0,0,0,0,0,0,0,0,0,0,0,0,0,0,0,0,0,0,0,0,0,0,0
"SRR5311041",108.41173,1.15894,0,79.658696,330.0752,2187.0329834,30.37942,298.464159,17606.2452970614,59.397353,14.66409,0,1407.73546800033,0,1539.7115,1089.545161,3662.37888601831,431.985003,3831.22206100022,6310.11870296741,736.296336,16.9396777,5531.45412160891,156.257551,992.6098132,62824.8360418641,22669.1364200413,247.8852392,0,424.493684,1147.60641726346,18778.3605891704,5264.9813708,7335.435928,2775.29526018,10400.641799869,192.146002,11810.0181125,100.017549,2.404446,37586.7481614949,44923.1613092354,0.505437,0,13.16037,0,0,166.12584,0,0,0,0,0,0,9.4532,0,1.06403,132.638991,0,0,0,0,0,0,0,0,0,0,0,0,0,0,0,85.418565,0,0,0,0,0,0,1.39764,0,0,0,0,0,0,0,0,0,0,0,0,0,8.053185,0,0,0,0,0,0,0,0,0,0,0,0,0,0,0,0,0,0,0,0
"SRR8674649",100.94919,0,0,40.88737,57.42979,6263.25995872097,30.30846,145.05483,33958.13159,43.55707,0,0,6224.64653,15.0874,2663.99,666.439419,1576.56837,246.24669,2353.936378,4621.84576,677.81838,8.91595,4503.230793,14.80303,563.41231855,38146.926608432,15899.5837770523,103.81784,18.9204,228.92258,318.26448000195,20051.91882,3493.030285,4559.86977,1652.72391,4978.10637,180.010226,6833.01053799999,60.9612,0,29086.9060501433,32387.91312297,0,0,7.28153,0,5.68214,57.13264,0,0,0,0,0,0,50.58655,0,0,45.0929,0,0,0,0,0,0,0,0,0,0,0,0,0,0,0,23.84854,0,0,0,0,0,0,0,0,0,0,0,0,0,95.9975,0,0,0,0,0,0,3.27197,0,0,0,0,0,0,0,0,0,0,0,0,0,0,0,0,0,0,0,0
"SRR5819939",25.486231,0,0,40.99983,108.25622,4115.043428,12.8997,386.605509,28153.829275,81.4874,0,0,2098.25288,21.6684,1861.78,1458.836738,2904.80308,287.96906,4071.672315,6445.68852,724.77676,10.20785,5317.27588,4.99634,867.78072,55135.6748573755,23051.0243357887,178.74216,28.9099,566.81363,634.74846,25376.0515196621,5133.5111921464,7897.479294104,1990.45283562,6478.707962,465.73447,7225.92249732335,61.48435,0,42725.9531647007,41775.3782850583,0,0,9.25269,0,0,6.58855,0,0,0,0,0,0,104.12619,0,6.14626,30.8786,0,0,0,0,0,0,0,0,0,0,0,0,0,0,0,47.24928,0,0,6.20998,0,0,0,0,0,0,0,0,0,0,0,0,0,0,0,0,0,0,0,0,0,0,0,0,0,0,0,0,0,0,0,0,0,0,0,0,0,0
"SRR11928673",1462.0003,36.8902,741.728036400307,13.911569,1056.74996,399.045112,144.38982,46.5413,3046.50124037363,27.41843,56.25605,0,2080.30513,7.37077,697.39936,103.7846336,626.164078511,61.216862,1475.578515,1595.3557714735,83.7173,19.39353,2550.680526,443.653349,102.1298497,25082.3590798267,7635.40343042163,85.32389,9.9275,77.824183,331.160442,7457.28556826102,2608.84687115743,1430.765595,1072.72666800685,5744.5366354241,2147.349561,3488.11835716374,123.37253,0,13841.279086955,23452.855431437,0,0,0,14.351502,1.96617,4.32507,3.50702,2.02031,0,0,0,1.82765,0,7.07642,0,11.5149,0,0,0,0,0,6.48038,0,0,0,4.30303,0,0,0,0,0,13.53456,19.26616,0,0,0,0,0,0,0,0,0,0,0,0,0,0,0,0,4.03647,0,0,0,0,0,0,0,0,0,0,0,0,0,0,0,0,0,0,0,0,0,0,0
"SRR11928790",0,45.9474,464.191158,0,1089.92323,358.12817,112.713,0,1926.54919,0,12.75636,0,4198.87136,0,1425.518,13.61072,443.73766,20.7772,389.71708,2671.926183,24.6176744007,0,2897.091468,565.04442,3.38222,23506.927523515,2885.763331,124.92753,0,92.42328,8.77973,8740.3003352054,2752.1245349442,408.0366407,939.80350607562,2175.344712,656.471055,1637.417503,0,0,4741.039006851,17548.9663769811,42.6246,0,0,0,0,11.76863,5.90677,0,0,0,0,0,0,0,0,3.33987,0,0,0,1.87453,0,0,0,0,0,12.3986,0,0,0,0,0,5.99208,0,0,0,0,0,0,0,0,0,0,0,0,0,0,0,0,0,0,0,0,0,0,0,0,0,0,0,0,0,0,0,0,0,0,0,0,0,0,0,0,0
"SRR11928785",0,0,421.8498042502,6.83015,699.043366,595.372765,193.42108,10.61801,3241.1107007,0,70.27411,0,502.3571,0,431.11,103.85189,1578.21618083674,189.50756,740.806919,1622.72968379405,249.80078,12.25672,3148.8056557306,447.433967,104.3598,23262.4963269961,4189.264227,36.0385,44.987825,105.11893,234.70018,5332.89325101032,2006.5746043,984.416181,1200.319789,3512.913268,1020.50474,2515.14940300624,0,0,9427.09339608962,22680.92414806,0,0,0,2.71886,0,8.62119,0,0,0,0,0,0,0,0,0,11.298,0,0,0,0,0,0,0,0,0,13.06371,0,0,0,0,0,0,4.82843,0,0,0,0,0,0,0,0,0,0,0,0,0,0,0,0,0,0,0,0,0,0,0,0,0,0,0,0,0,0,0,0,0,0,0,0,0,0,0,0
"SRR1980045",0,0,580.57822,13.1053,156.99513,122.45021,61.6054,98.76676,1076.91614,15.1529,58.34992,0,881.08553,0,211.941,121.01756,1256.45419,31.51895,1286.93734,2058.53913,80.75514,25.81406,3201.313276725,232.00141,139.841,27045.920333,8400.340922,135.11666,10.1508,129.21999,371.39748,5788.9144,2205.58541,1636.06788,1141.05271,3542.951916,12.3617,3591.329855,41.9518,0,16201.4406943467,20145.5288341232,0,0,0,0,12.9135,37.72912,0,0,0,0,0,0,0,27.9361,0,9.64032,0,0,0,0,0,0,0,0,0,0,0,0,0,0,0,0,0,0,0,0,0,0,0,0,0,0,0,0,0,0,0,0,0,0,0,0,0,11.1987,0,0,0,0,0,0,0,0,0,0,0,0,0,0,0,0,0,0,0
"SRR8592701",0,0,495.05331,0,240.90878,80.3582,155.5942,0,1610.80325,0,33.9748,0,590.10255,37.8948,366.396,122.41433,887.44585,45.192,754.99714,1570.30963,204.95242,18.6783,2922.37772,115.88965,2770.80897,24092.91546,6935.39667999999,223.2772,6.94011,237.55415,172.418,6835.03309,1922.417,1370.69239,1049.80281,2687.43204,1965.27656,4230.71503,33.53045,0,10460.45535,16633.051964049,0,25.3828,0,0,0,0,0,0,0,0,0,0,0,7.43891,0,101.212,0,0,0,0,0,0,0,0,0,0,0,0,0,0,0,78.6781,0,0,0,0,0,0,0,0,0,0,0,0,0,0,0,0,0,0,0,0,0,0,0,0,0,0,0,0,0,0,0,0,0,0,0,0,0,0,0,0,0
"SRR8886798",726.821284,0,34.8973,88.766226,2487.252992,407.536132,491.955862,172.079943,788.557426195,23.5814,61.70224,13.76813,3119.822055,28.4284,183.50271,272.93974,1001.075135,73.54313,2128.4494014,3322.98524911134,324.769801,26.273652,4581.47307621,146.22875,573.118712489,40271.1756120779,13299.7253815522,98.353326,30.4334,318.786631,786.566792516,8770.35561707059,4002.187085,3923.13520114626,2337.36736104067,4494.016199,31.11378,9029.04237264842,128.1569,0,36045.442883629,33480.0610046567,2.33296,25.78183,10.02505,0,22.409383,2.81005,0,10.79978,0,0,0,4.97664,0,0,0,7.23052,0,0,0,6.76587,7.89782,0,0,0,0,0,4.21783,0,0,0,0,21.08492,10.92129,0,0,0,0,0,0,0,0,0,0,0,0,0,0,0,0,0,0,0,0,0,1.46423,0,0,0,0,0,0,0,0,0,0,0,0,0,0,0,0,0,0
"SRR10992330",1410.7665689048,0,0,29.70122,69.685809,68.7719,20.813,23.013562,237.867752,47.235433,36.592169,0,349.67168,15.382137,39.70529,614.634957,342.356173159,2.686842,2087.458144,879.059186,40.0898,8.24392,1032.074698,60.21422,534.384245,8653.01040333563,42232.6443255791,69.22361,5.08311,40.19152,143.49633938858,2034.98152002021,1133.96909366,4239.9862096422,1080.93873416221,1289.5892655,16.74829,2595.60935,3.26512,11.78898,114457.467360779,23317.3584203192,0,0,2.53817,0,48.402907,8.99728,0,2.82651,0,0,20.7635613,0,8.01456,0,0,12.41989,0,0,0,0,0,0,0,0,0,0,0,0,0,0,0,0,5.33781,0,9.0393,0,0,0,10.94269,0,0,2.3486,0,0,0,0,0,0,0,0,0,0,0,0,3.76595,0,0,0,0,0,0,0,0,0,0,0,0,0,0,0,0,0,0
"SRR2394941",85.49135,0,5.292697,6.547338,214.346518441,41.485341,71.436825,12.798621,383.4308809,9.985034,484.367787200185,0,266.832224,30.668445,247.49011,147.291936,614.145024,0,464.235698,868.8251506,30.393707,4.028574,1202.113253,1168.51224316,75.02047,11784.5421162619,4009.88070148681,85.14506,14.18045,104.799594,95.400131,2996.0007691,1376.96562234241,644.74424596,928.578667206538,2663.19084550654,246.698218,6497.42014172891,9.89713,2.20646,6714.27832956582,13241.4130137409,9.74744,8.9072,1.73801,0,10.71478,4.62485,0,12.98891,0,0,0,0,12.78891,0,0,1.99748,0,0,0,5.8638,0,0,0,0,0,0,0,0,0,0,0,0,0,0,0,0,0,0,0,0,0,0,0,0,0,0,0,0,0,0,0,0,0,0,0,0,0,0,0,0,0,0,0,0,0,0,0,0,0,0,0,0,0
"SRR1166532",0,267.685,48.7418,16.66,640.1293,180.24284,198.0257,69.168,1062.1456,0,14.7026,0,1628.5447,115.0949,852.126,181.2914,1240.695686,118.2989,1239.39334,4107.24777,246.05424,0,2646.95179,0,247.424,25549.796369604,9236.31375552081,153.07882,0,123.4582,255.1926,7171.18754,3060.73188,1855.66066,1957.80307,6203.71835,603.3324,9294.40518366,89.6387,0,16564.64459,24967.8048710423,0,14.0551,0,0,0,0,0,0,0,0,0,0,0,0,0,0,0,0,0,0,0,0,0,0,0,0,0,0,0,0,0,0,0,0,0,0,0,0,0,0,0,0,0,0,0,0,0,0,0,0,0,0,0,0,0,0,0,0,0,0,0,0,0,0,0,0,0,0,0,0,0,0,0
"SRR4423080",836.4044593178,1.10382,10.4978,25.422406,286.229629,197.903613,149.68556,502.048751,1115.473264,81.0314300754665,16.0138,0,4074.254207,74.96904,230.701889,1024.093886,1631.3362559,55.78425,2825.2210300437,2957.417726,51.39513,13.163349,5176.6453978,198.771578,617.012294,44465.5408131399,22674.8836440639,160.83061,2.87071,264.084165,744.660116,8870.69753059233,5133.2473818183,4306.749026,3402.262832,4711.55368822803,0,15581.4958681606,159.2984,3.7664,35510.2808951152,39684.8581508708,26.19313,21.1666,12.5528,0,12.95997,0,0,15.318584,0,0.486874,0,0,12.088537,0,0,1.20816,0,0,0,0,0,0,0,0,0,0,0,1.40428,0,0,0,4.06185,0,0,0,0,0,0,0,0,0,0,0,0,0,0,0,0,0,0,0,0,0,0,1.91434,0,0,0,0,0,0,0,0,0,0,0,0,0,0,0,0,0,0
"SRR9670664",17.8411080143449,67.5116,1977.90673465,13.591143,7.575376,32.52407,1.40213,0,4375.075028,1.82919,4.09501,0,357.076601,0,37.083861,124.11156,417.255675,0,9664.395876,1006.8802594,0,0,2131.405463,240.550971,274.356476,13719.8593413259,8063.765802,6.646921,1.62756,36.90233,180.80222,3510.1675388,1201.8338,984.129716607607,2321.24997601758,4435.922915,1635.791036,1962.206391,708.964993,0,6310.07862756704,15173.3009037906,0,0,0,0,0,4.8272,0,53.432844,0,0,0,0,0,0,0,0,0,0,0,0,0,2.50918,0,0,0,103.556084442519,0,0,0,0,0,0,0,0,0,0,0,0,0,0,0,0,0,0,0,1938.984692,0,0,0,0,0,0,2.99327,0,0,0,0,0,0,0,0,0,0,0,0,0,0,0,0,0,0,0,0
"SRR1611567",3954.07281,32.91606,0,0,76.09763,389.03629,3.8637,22.38845,508.8209,0,22.29755,0,1068.37016,0,77.84938,69.94615,131.37224,0,1116.539266,428.828529,34.11487,10.3382,948.9717,118.91173,184.7989,12981.1460663865,7726.31886,32.64968,10.989,39.5089,55.18578,4202.63852,1116.6412,2078.53786,483.12866,1537.77244,237.755747,1900.38640654852,84.32815,0,30480.4750369668,35529.4492972229,28.87787,0,0,0,0,5.20383,0,3.74823,0,0,0,0,4.61464,0,0,0,12.60175,0,0,30.28705,2.98098,0,0,0,4.44235,17.2114,0,0,0,0,0,0,0,0,0,0,0,0,0,0,0,0,0,0,0,11.14831,0,0,0,0,0,0,0,0,0,3.91158,0,0,0,0,0,0,0,0,0,0,0,0,0,0,0,0,0
"SRR2131688",40.92861,0,264.34126,0,95.2906,107.71163,30.5478,0,2168.38016565,7.27381,136.0491,0,339.34232,0,145.478,99.544,442.23772,15.2261,527.8524,1179.88181,0,0,1093.76504004925,216.98334,51.69808,9147.15521,4013.11559,75.9035,0,300.28189,88.37827,17003.66649121,2045.8298739774,836.64392,660.634,1875.6443,113.03451,3146.83784,137.06792,0,8941.2532898,8377.498633356,0,22.984,0,0,0,13.14,0,29.12804,0,0,0,21.1951,0,0,0,0,0,0,0,0,21.39,0,0,0,0,0,0,0,0,0,0,0,0,0,0,0,0,0,0,0,0,0,0,0,0,0,0,0,0,0,0,0,0,0,0,0,0,0,0,0,0,0,0,0,0,0,0,0,0,0,0,0,0
"SRR7962072",153.178182,162.42597,2.05498,129.362057,926.988688,1264.549536,138.63541,199.6710641,7952.238974,60.8335,0,0,5671.922972,263.5745,741.1465,755.71512,2199.371153,147.76757,3250.830517,3746.733548,164.171764,37.3398,6948.9709884,122.464949,506.81697821,63109.367015188,17176.48081284,162.954406,32.41953,293.350824,763.809347204085,12666.7116561681,5109.957266,3841.585897,2482.6236632,9966.8850208711,688.276816,8538.394714,318.122295,0.731185,32030.8793900337,38577.4759356639,0,0,8.107814,0,3.756043,740.609932,3.994029,0,0,0,0,0,3.33003,0,0,6.93723,0,0,0,0,0,0,0,0,0,0,0,0,47.504022,0,0,0,0,0,0,0,0,0,0,0,0,0,0,0,0,0,0,0,0,0,0,0,0,0,0,0,0,0,0,0,0,0,0,0,0,0,0,0,0,0,0,0,0
"SRR12686548",23.858342,879.95158,3.42403,147.0208,1412.37865,1486.81707,150.5561,54.99838,15003.214075,105.487,2.93442,0,2941.81343,182.92,1769.1679,648.04421,1545.06361,118.0113,1955.31741,4571.903444,26.56424,67.44491,5361.763231,15.6241,147.438596,55735.3313589999,24349.318026,268.03101,16.0232,1469.545082,937.8014,14624.64130404,8463.371495,6162.572581,2454.565521,10661.728055,628.55192,8109.723147,390.3886,0,38454.3725608934,47292.5939339707,0,0,14.79883,0,0,34.0182,0,0,0,0,0,0,39.6427,0,0,0,0,0,0,0,0,0,0,0,0,0,0,0,1.63178,0,0,3.03394,0,0,0,0,0,0,0,0,0,0,0,0,0,0,0,0,0,0,0,0,0,0,0,0,62.0158,0,0,0,0,0,0,0,0,0,0,0,0,0,0,0,0
"SRR10426064",0,441.226,34.336496,157.95839,866.862044,980.320158103744,173.9313,704.15498,10950.844432,71.9071,10.345794,0,3579.4475,71.9216,2278.68317,1368.2145,1361.644799,91.668969,2186.432161,3750.695921,4.464215,33.2726,7363.796919,96.326058,239.7027,47065.843657043,19428.9862020035,185.277599,33.0875,364.638127,784.857196,9707.54583199999,9300.98729195,6031.522368,2439.5200431692,7287.08703723699,1023.647403,7529.379661,1227.576632,0,36562.0013988178,46656.2612450879,4.034734,0,16.14321,1.42584,3.4862,24.02494,0,0,0,0,0,0,15.527347,26.9144,0,0,0,13.7255,0,0,0,0,0,0,0,0,0,0,0,0,0,0,0,0,0,0,0,0,201.914,0,0,0,0,0,0,0,0,0,0,0,0,0,0,0,0,0,0,0,0,0,0,0,0,0,0,0,0,0,0,0,0,0,0
"SRR10426062",0,493.13019,47.153348,119.06865806,536.8475,705.997384418,182.277089,211.598542,4521.92567,43.6378,44.385354,0,3889.2743,0,1999.10434,728.693013,1179.961517,99.360289,1500.236417,2589.57557407,0,30.81908,4341.133481,218.896112,170.689041,44226.8083537086,14931.7683832,188.2256,31.7555,372.380401,595.513307,7772.817618,5411.5602082,4249.990757,2480.6759611,5028.84518853832,267.32983,5477.109288,1091.1568,0,31304.665590641,30905.4189094361,2.634742,0,35.331726,2.26173,5.36339,15.455922,0,0,0,0,0,0,9.095136,0,0,0,0,22.0826,0,0,0,0,0,1.64436,0,0,0,0,0,0,0,0,0,0,0,0,0,21.18382,0,0,0,0,0,0,0,0,0,0,0,0,0,0,0,0,0,0,0,0.771817,0,0,0,0,0,0,0,0,0,0,0,0,0,0,0
"SRR5197741",0,30.79806,0,7.11404,857.30141,262.57348,32.3434,44.1221,1288.880355,6.27157,4.3679,0,583.40983,124.0866,753.0412,84.298741,467.715657,62.144148,475.51526,1422.592273,0,62.9042,1180.02999,45.90928,66.196366,10876.57817,5497.432852,26.82577,41.4328,229.0013,91.1907,6006.793182,1090.98130746019,1744.693136,1525.3573896,3406.901948,161.39998,1898.727663,48.83999,0,8081.80878246465,8523.3698450959,0,0,0,0,0,0,0,0,0,0,0,0,0,2.2388,0,0,0,0,0,0,0,0,0,0,0,0,0,0,0,0,0,0,5.94809,0,0,0,0,0,13.98514,0,0,0,0,0,0,0,0,0,0,0,0,0,0,0,0,0,0,0,0,0,0,0,0,0,0,0,0,0,0,0,0,0,0
"SRR13452041",412.316,464.17165,0,92.816445,1020.537897,1669.785652,294.95712,103.214574,10308.0500159095,71.03347,33.715388,0,3352.391254,12.9359,489.66411,569.843615,1860.67169741235,877.392802,2998.178081,4846.1781972,0,0,5866.037981,96.24954,365.064748,51687.6785750252,22215.26647682,167.7048,34.9127,509.668489,692.093932,12944.8503326636,6779.054566,4829.991152,2916.86165760033,9316.01429875,1128.229254,5718.80545818275,230.854889745,0,42984.0316048125,41752.8600243546,2.523268454257,0,10.1987,2.36608,0.900734,20.226009,0,0,0,0,0,0,2.373278,0,0,0,0,0,0,0,0,0,0,0,0,0,0,0,0,0,0,0,0,0,0,0,0,0,177.7985,0,0,0,0,0,0,0,0,0,0,0.873035,0,0,0,0,0,0,0,0,1.66478,0,0,0,0,0,0,0,0,0,0,0,0,0,0
"SRR15184123",212.89021,162.25607,0,45.74447,660.80552,988.895424,302.13685,47.958514,4795.74854,23.5302,8.29498,0,3157.324889,10.30126,2260.73344,1201.71121,702.912796,125.365355,1997.68984,4579.90179,60.797166,4.99981,5497.236777,81.059754,182.50544,36656.32539433,17492.31402515,91.66902,11.33408,250.336975,241.58495,10378.617837,7824.21845710001,7072.140784,3292.709672,8324.338625,356.418129,4861.127941,177.640997,0,31719.83762599,33387.6813251,1.87958,0,2.94777,88.504145,0,9.90327,2.08815,0,62.502327,0,0,0,2.4426,0,0,0,0,0,0,0,0,0,0,0,0,0,0,4.043,0,0,0,5.26308,0,0,0,0,0,0,376,0,0,7.34019,0,0,0,0,0,0,0,15.87796,0,0,0,0,0,0,0,0,0,1.59754,0,0,0,0,0,0,0,0,0,0,0,0,0
"SRR11747658",79.29916,279.7248,14.01546,83.154967,976.098409,1333.142668,179.58155,124.882629,8511.24757568647,15.00003,15.9801,0,5199.686026,50.599227,3723.06345,3282.81156682843,1350.21050735205,146.163648,2335.43938395956,5383.78569886837,1.39143,30.094750812447,4809.04129537875,305.519810739518,1401.332246,53147.1973922744,18484.1719175974,306.799270752,58.6761,565.888372,816.671736607404,11231.356004618,6948.99539296684,5238.01701794152,2387.71030993279,8693.655950087,567.266333,7035.86883430884,326.21017,0,41397.2422933992,41753.5725015367,1.11322,0,1.74871,0,0,30.29398,0,0,0,0,0,0,18.2309,0,0,0,0,0,0,0,0,0,0,0,0,0,0,0,0,0,0,8.61998,0,0,0,0,0,0,0,0,0,0,0,0,0,0,0,0,0,0,0,0,0,0,0,0,0,0,0,0,0,0,0,0,0,0,0,0,0,0,0,0,0
"SRR1976570",72.5832,0,0,0,136.392,89.0007,0,0,1555.51370057824,0,0,0,784.19331,80.4017,869.847,0,58.58961,0,851.0645,522.8582,0,0,1071.8551,0,0,12849.3202,8446.9935,0,0,0,199.9716,3211.41649,2267.6229,1363.7637,349.5648,2545.6951,305.2332,762.1766,225.7416,0,16803.2720247298,13693.23603,0,0,0,0,0,47.2211,0,0,0,0,0,0,0,0,0,0,0,0,0,0,0,0,0,0,0,0,0,0,0,99.4024,0,0,0,0,0,0,0,0,0,0,0,0,0,0,0,0,0,0,0,0,0,0,0,0,0,0,0,0,0,0,0,0,0,0,0,0,0,0,0,0,0,0,0
"SRR2429147",89.7274,0.96799,0,38.792677,183.87554,181.25583,81.44335,209.561922,4446.203166,55.6783,0,0,4072.11462,10.052,1458.683,319.6215,424.000414,11.47179,1484.76641,3850.965149488,48.11501,1.81877,5207.4559659,38.273833,381.67355,31010.5344653638,9109.85147094952,60.436064,46.64527,119.37833,184.091326029586,6483.969293,2539.573188,1503.971086,5091.936447,4656.1301304295,929.82569,4949.06552779,92.68734,0,14171.0936464366,19702.319624937,0,0,0,0,0,13.29459,2.2747,0,7.36532,4.490799,0,0,0,0,0,0,0,0,0,0,0,1.41329,0,0,0,0,0,0,5.3037,0,0,0,0,0,0,0,0,3.82502,0,0,0,34.3626,0,0,0,0,0,0,0,0,0,0,0,0,0,0,0,0,0,0,0,0,0,0,0,0,0,0,0,0,0,0,0
"ERR454505",98.585543,0,0,147.06629,139.8611,588.241033,103.23112,194.1516,7896.2117611862,33.0322,0.81409,0,2518.448805,55.656,644.170678,486.68522,559.231218,58.437459,1814.038512,2683.568102,115.40022,44.12469,4643.75854,120.57254,675.30689,36357.3675029713,11460.448688658,36.8402,99.6428,103.412431,418.99727,7568.88979807327,3003.5197911,2283.458963,1850.802412,5033.925279,1933.530194,5509.890099,240.956639,0,25262.2996635236,23300.5839832223,0,0,0,0,0,147.775745,0,0,25.81815,0,0,0,6.86227,0,0,0,0,0,0,0,0,0,0,0,0,0,0,0,0,0,0,0,0,0,0,0,0,0,0,0,0,0,0,0,0,0,0,0,0,0,0,0,0,0,0,0,0,0,0,0,0,0,0,0,0,0,0,0,0,0,0,0,0
"SRR2430028",2.78091,0,0,31.933593,50.86839,157.389003,49.56834,209.69534,8460.036636,173.767,0,0,7176.583404,16.57405,971.42705,494.691934,401.497903,21.1595,1764.182922,4835.347134,30.948552,0,6405.677626,24.33238,340.3602,39111.0589619926,6305.21715,44.84667,20.993369,139.97008,183.136861,9268.938418,2909.471756,1016.3760278,2360.710035,6712.221188,871.3467,4509.5081631,70.25825,0,13840.6770070023,20743.4692514124,4.42397,0,0,0,0,4.1077,0,0,20.9225,4.79367,0,0,11.64475,0,0,0,0,0,0,0,0,0,0,0,0,0,1.31206,0,0,0,0,0,0,0,0,0,0,0,0,0,0,0,0,0,0,0,0,0,0,0,0,0,0,0,0,0,0,0,0,0,0,0,0,0,0,0,0,0,0,0,0,0,0
"SRR2430030",20.7279,55.6948,0,45.426637,360.599489,963.117411,83.94874,84.53239,14000.7218301929,10.7966,0,16.9857,4111.32696,27.04434,236.9519,353.610175,710.516826,85.74091826,990.36984978,6001.2762084,59.287332,10.8006,3122.147526,92.03784,347.99718,36075.2319119249,11086.3943026593,68.96614,5.712049,101.700758,188.74046,5780.03112548163,2107.63328,3726.504363,3952.401878638,3893.8636518918,2234.454345,6645.7359729,1082.877874,0,27699.8878634159,27040.7106358734,0,0,1.99721,0,0,75.9432,6.5959,0,0,0,0,0,20.068153,0,0,0,0,0,0,0,0,0,0,0,0,0,0,0,14.997556,0,0,0,0,0,0,0,0,0,0,0,0,0,0,0,0,0,0,0,0,0,0,0,0,0,0,0,0,0,0,0,0,0,0,0,0,0,0,0,0,0,0,0,0
"SRR2430032",8.3269,39.404394,19.91898,35.592171,291.902404,1006.102386,70.31592,90.914314,13553.890505272,11.2255,0,0,4696.271634,29.68051,375.562805,209.5142674,523.57854,77.043374,729.839587598049,5767.819436,54.372678,13.025771,3684.388073909,96.284689,252.618797,41359.7850089244,10652.4326955529,45.497084,6.9481,107.55825917,169.117817,9200.05665841167,1856.0259238245,2113.68589700995,1192.177026,7433.55764829005,3022.970102,7206.25866804011,466.2460066,12.47418,27268.7693580979,25061.35403404,0,0,1.56606,11.4377,0,232.107089,1.53827,0,3.59547,0,0,0,16.19367,0,0,0,0,0,0,0,0,0,0,0,0,0,0,0,0,0,0,0,0,0,0,0,0,4.10029,0,0,0,0,0,0,0,0,0,0,0,1.60417,0,0,0,0,0,0,0,0,0,0,0,0,0,0,0,0,0,0,0,0,0,0,0
"ERR5430763",294.674686,0,0,161.890073,1469.948897,934.845662,234.97401,148.30606,3228.652785,57.2831,26.960323,0,1387.31742,0,1519.87585,177.286816,1553.929823,79.88502,1650.332077,2880.55257071958,176.0804,0,6796.87902853,322.096534004404,362.496866,55530.9412442371,17219.0064135734,161.55755000603,0,441.834661,1495.380545,10842.3567032198,6532.125431,4991.020236,4778.151831,5447.58658091414,309.778629,4912.277467,340.84252,2.4292,29200.3979726324,36236.0717112135,0,0,0,0,2.67338,1.56871,10.119708,0,0,5.95794,0,0,0,0,0,0,0,0,0,0,2.12693,3.387,0,0,0,0,0,0,2.32219,0,0,0,131.865009,0,0,0,0,1.17429,0,0,0,0,0,0,0,44.43823,0,0,0,0,0,0,0,0,0,0,0,0,0,0,0,0,0,0,0,0,0,0,0,0,0,0,0
"SRR7309271",6.331495,0,47.917433,61.19205,201.20437,1251.540548,405.8776,245.0144522,4063.999141,3.45195,5.01069,0,2869.144868,0,464.27292,524.255643,1307.26768200314,80.17339,2290.270581359,3532.92354291155,339.13591,24.4651,6701.924954,113.10317,414.71141,45586.0717243557,14417.5865115546,207.38041,0,852.644317,977.31694,11646.0197469394,3501.240532,3007.67084603974,2929.778623,8673.21903290007,933.214635223604,3307.9137578747,6.91463,667.108,25746.1243498783,29913.2596144051,2.74506,0,0,0,0,3.0565,36.8848,0,0,2.53003,0,0,0,0,0,0,0,0,0,0,0,0,0,0,0,2.8442,0,0,0,12.254605,0,31.0548,0,0,0,0,0,0,0,0,0,0,0,0,0,1.34803,0,0,0,0,0,0,0,0,0,0,0,0,0,0,1.32655,19.83892,0,0,0,0,0,0,0,0,0,0,0
"SRR8354803",34.9263,0,34.38961,6.42057,45.98864,387.02816,56.39513,42.54654,1298.48217,0,0,0,975.8582657,9.84227,127.65002,213.8034,773.6903,2.85487,1870.77743177,1319.52735,218.9276681416,24.8439,2611.2546674783,12.69739,390.89262,19498.7379798176,6086.03416188769,115.83604,0,207.90789,240.16423,3849.96237181913,2500.57987496,1994.4467603,1864.51442360553,3607.65435778047,319.25799,2256.480740701,243.526,0,13017.3167112194,13471.0134709052,0,0,0,0,9.9819,39.20198,0,0,0,0,0,0,0,0,0,0,0,0,0,0,0,0,0,0,0,0,0,0,0,0,0,16.68311,0,0,0,0,0,0,0,0,0,0,0,0,0,0,0,0,0,0,0,0,0,0,0,0,0,0,0,0,0,0,0,0,0,0,0,0,0,0,0,0,0
"SRR5218243",0,4.35047,55.55337,164.73353,342.7335930224,1160.7450010085,383.11823,13.90924,7605.61910633225,27.91697,0,0,1261.04502,0,720.91257,929.13637,2706.22290000593,54.407892,2327.57499,2754.8587351,352.186822,0,6681.1117342341,14.05907,291.8135012,47549.906737101,15844.0836183488,332.76519,0,646.043107,387.90044,12946.13521134,5461.4570035,3045.75413,3431.90929100087,8751.999565781,1374.39220608823,7736.37131188023,191.54131,21.26415,32560.191104011,33274.5167636466,0,15.9995,12.26003,0,0,5.33922,13.09862,0,51.13541,0,0,0,16.74627,0,0,41.823,0,0,0,0,0,0,0,0,0,0,0,29.5859,0,0,0,0,0,0,0,0,0,0,0,0,0,0,0,0,0,0,0,0,0,0,0,0,0,0,0,0,0,0,0,0,0,0,0,0,0,0,0,0,0,0,0,0,0
"SRR14868527",58.41082,0,32.40179,99.05226,378.2741833955,1880.00644200059,501.99202,88.6677,14114.885001,62.7942,0,0,2313.028809,0,761.679,974.03394,3469.08223800561,139.89424,2881.7921595,3468.47795992,329.70023,0,6759.93023571507,31.22237,358.468546,57454.1463656623,19879.3755785244,384.250857,0,813.3569,495.69466,13706.5934172051,6808.23684885595,3498.99572580107,2508.5936821818,8167.68852510233,2193.76641515219,10539.405489705,1125.22309,31.868,41720.4864272661,38819.6030012177,0,0,0,0,1.20803,54.772399,0,0,59.5187,0,0,0,41.21805,0,0,62.8547,0,0,0,0,0,0,0,0,0,0,0,34.2468,0,0,0,0,0,0,0,0,0,0,0,0,0,0,0,0,0,0,0,0,0,0,0,0,0,0,0,0,0,0,0,0,0,0,0,0,0,0,0,0,0,0,0,0,0
"SRR8294673",49.1079,0,21.55071,25.0269,790.0471,447.28523,193.3246,163.57285,5995.74025055305,14.9302,0,0,1916.45231,0,924.51715,502.18386,1959.20625,37.7605,876.73082,2087.996736,206.52896,0,5771.10285201402,22.1033,157.262,32505.4889794562,12684.9149388733,147.9619,0,576.835589,247.75233,13986.584553486,5616.731716,3758.748468,2069.96841,8126.14441799601,3050.64371,4521.24206010559,1.59702,0,19370.6922349635,40043.868668185,0,0,0,0,0,0,0,0,35.8639,0,0,12.18711,0,0,0,0,0,0,0,0,0,0,0,0,0,0,0,0,0,0,0,23.2108,0,0,0,0,0,0,0,0,0,0,0,0,0,0,0,0,0,0,0,0,0,0,0,0,0,0,0,0,0,0,0,0,0,0,0,0,0,0,0,0,0
"SRR5367860",5.96096,0,90.906518,10.495463,252.481751,864.55011337727,429.53656,134.316896,8342.1262746247,26.731443,10.88626,2.92311,2608.175966,2.67194,348.45059,524.201882,1739.5291176,37.466958,1547.658696,3473.83453939542,140.43987,2.97253,5314.56607709593,98.569393,506.382055,35217.4928254613,13566.3623908013,192.97294,0,700.808793,557.710691,8375.84326778654,4405.29934343444,2749.0838766,2927.608718,5617.59905160177,2346.34409301271,3775.23729509131,177.10354,0,26946.2621117953,26427.5595427482,1.47859,2.43308,14.4986,0,1.45776,1.58142,0,31.27361,30.34366,7.56925,0,0,5.62153,0,0,8.7846,0,0,0,0,0,0,0,0,0,0,0,2.64335,0,0,0,5.14907,0,0,0,0,0,0,0,0,0,0,0,0,0,0,0,0,0,0,0,0,0,0,0,0,0,0,0,0,0,0,0,0,0,0,0,0,0,0,0,0,0
"SRR7340056",0,0,111.994759,58.21706,242.419144,1552.984927,288.42793,59.26337,7001.82444557315,69.57011,27.39384,0,1141.829195,0,229.25479,758.268059,3115.928252,47.18087,1693.573157,2472.49037,404.07041,0,7611.87394922154,333.464458,108.44314,42333.7629811291,16028.081125,305.60339,0,663.17842,703.745593,10209.6746155,4695.677047,3702.9180085,3310.4644453229,6206.72694000084,7312.496747,5263.631448,695.66471,0,30597.862925847,34552.5672687463,12.6502,0,0,0,0,2.14272,1.14184,0,78.75096,10.86146,0,0,0,0,0,47.1866,0,0,0,0,0,0,0,0,0,0,0,0,0,0,0,22.7972,0,0,0,0,0,9.9683,0,6.364902,0,0,0,0,0,0,0,0,0,0,0,0,0,0,0,0,0,0,0,0,0,0,0,0,0,0,0,0,0,0,0,0,0
"ERR6745738",51.115747,16.51581,251.720407,112.220374,54.60862,362.859937,244.98293,120.302421,2648.86754313485,38.86829,17.30359,0,323.362537,6.02964,2493.5111,1070.2087,1352.09214751964,142.396262,2882.00960735256,2576.0917223,81.883524,1.69006,5539.973762,147.938011,91.7364,37864.1310705886,14525.639436737,131.78791,3.63113,209.707049,595.9497534539,14213.99911672,3717.25840154,2259.94842957,1539.8079166601,4777.43879319734,103.30742,4039.984826,81.76782,1.92515,23286.6014626026,28029.9097508077,0,0,32.64065,0,21.1732,6.16286,7.54715,4.58297,0,0,0,0,11.63078,0,0,6.71391,0,0,1.05916,0.96177,0,2.45436,0,0,0,0,0,0,0,423.088,0,1.39516,0,0,0,4.09373,0,0,0,0,0,0,0,0,0,0,0,0,0,0,0,0,0,0,0,0,0,0,0,0,0,0,0,0,0,0,0,0,0,0,0,0,0
"SRR10352205",993.80183,33.73983,263.408733,96.832477,94.412463,172.514134,109.33094,33.435236,1236.834165591,1.05512,28.723483,0,819.21869,86.5658,2497.56065,287.095862,1781.73770332677,10.74928,1138.35141874997,2149.10993949831,35.285264,39.065363,7162.71797623971,393.46766100504,740.071615,23359.1434597948,9714.39722966249,173.992719,0,432.95394203238,341.128337,6130.0108550822,2584.59732123672,2216.33121100573,1644.08064430817,4712.21041589946,58.687727,9446.07037252043,71.08644,11.81082,29031.4874764314,24344.9399568698,0,0,3.25844,0,0.735384,3389.373674,98.852998,1.52678,0,48.7652793,23.792422,2.204486,10.80509,0,2.87867,5.0849,110.599912,0,5.558,0,0,0,0,0,2.256484,0,0,3.19752,0,0,0,5.44272,0,0,32.455466,69.072449,0,0,0,0,0,2.64807,0,0,0,0,0,0,0,1.06737,0,0,7.540721,0,0,0,0,0,0,0,0,0,2.02746,3.49334,3.4452798,4.84824,0,0,0,0,0,0,0
"SRR10743033",0,625.62271,55.5182961,99.323944,476.749096,732.090704,152.35163,23.8555,5125.01020111989,82.6492,7.77449,0,2964.3093306,8.26774,10560.88876,492.22794447923,3031.63165641195,168.653701,3074.8975393115,5039.8837980126,358.72826,12.74914,5412.68861620019,29.0727624,136.4414181022,45519.5435778442,18714.4258998508,172.1809244,3.24213,393.05826,511.612625,11192.422212406,5318.6574786882,4370.595594067,1566.07739840327,10920.4005823668,2343.47943786624,12529.4744806695,231.22805,0,28477.2534894013,34343.5110660927,0,0,12.801768,0,0,9.7297,107.32014,0,0,12.7659,0,0,0,0,0,0,0,0,0,0,0,0,0,0,0,0,0,0,0,0,0,52.3091,0,0,0,0,0,0,0,0,0,0,0,0,0,0,0,0,0,0,0,0,0,0,0,0,0,0,0,0,0,0,0,0,0,0,0,0,0,0,0,0,0
"SRR1199268",0,28.8118,38.92052,103.62663,788.8661573495,3442.606794,258.77879,101.68769,5767.43615233947,0,24.862113,120.93784,3883.110399,0,781.988,491.58191,3404.140745058,291.8929,3321.598034,3860.053386,425.59435,158.69102,10528.640332993,212.807398,168.6687,49074.0229696687,19533.2454615733,304.09766,0,674.806877,448.85327,13757.4187717304,5376.9360661204,3761.187013,1437.06085130524,10400.479642213,81.620612,7674.04880186042,144.19541,0,26389.1893284205,42344.1787006737,10.398589,0,32.07523,0,8.05483,0,6.84048,66.830265,0,99.36593,0,4.02286,0,192.8205,0,0,0,0,0,0,0,0,0,0,0,0,0,0,0,0,0,0,0,0,0,0,0,0,0,0,0,0,0,0,0,0,0,0,0,0,0,0,0,0,0,0,0,0,0,0,0,0,0,0,0,0,0,0,0,0,0,0,0
"SRR1197522",282.99985,68.23355,96.01878,203.6172,205.46818,3873.4376,203.28473,219.71985,7673.4757,0,74.43462,77.71435,5991.36905,0,2061.58008,384.27546,3235.762431,306.66629,3153.342583,4707.985283,636.89734,81.00029,8591.604985,192.650693,91.14788,49370.2698602033,24518.6293,312.4628,0,1030.469873,886.64009,13845.493884,6702.91905,6011.493151,1295.390064,13015.2788118685,759.42747,10585.8334735514,302.85334,43.39653,33450.036751407,51987.2633184429,26.19646,0,46.21764,0,0,4.62821,18.88495,13.46678,0,77.2242,0,0,0,0,0,0,0,0,0,0,0,0,0,0,0,0,0,0,0,0,0,0,0,0,0,0,0,0,0,0,0,0,0,0,0,0,0,0,0,0,0,0,0,0,0,0,0,0,0,0,0,0,0,0,0,0,0,0,0,0,0,0,0
"SRR4072794",71.52114,0,6.78706,39.668,57.51451,182.57188,61.70821,2.94884,1815.4293,59.7568,22.627976,0,389.641835,2.11324,828.561,137.94925,1905.5442998155,30.8816,1389.73085,2250.04409748101,85.22257,12.22817,3345.32535266588,95.03499,130.30349,20425.0044305333,11360.056181015,159.291257,5.56859,585.28968,412.96654,8386.90486130061,5992.634616,4782.769012,802.671665,5070.65353057595,500.353707,3509.00507188,244.7868,0,17045.8525369409,25732.686060206,0,0,0,0,0,5.10199,0,5.97923,0,0,0,0,0,77.8593,0,0,0,0,0,0,0,0,0,0,0,0,0,0,0,0,0,0,0,0,0,0,0,0,0,0,0,0,0,0,0,0,0,0,0,0,0,0,0,0,0,0,0,0,0,0,0,0,0,0,0,0,0,0,0,0,0,0,0
"SRR8599817",11.183216,26.37543,25.37996,171.976821,328.1170093,7109.59614,130.26335,43.60001,5087.021087,0,27.036417,107.083301,1565.912567,1.35914,1324.45077,308.957412,2788.31153974128,121.8248468,3028.9519936,4827.9190500675,128.20405,8.474,7302.88800770365,28.231656,110.150088,30212.6528238083,14754.6285551694,229.85018,17.06048,800.766434007443,534.448416,7552.802170201,6202.24898938317,4898.2196484873,1080.43800335,8372.39380745138,174.713821,7370.93058663778,251.825503,0,19697.8044202098,37646.6321407395,0,0,1.15205,0,0,54.614352,26.21036,16.49193,0,56.2162,0,0,0,0,0,0,0,0,0,0,0,0,0,0,0,0,0,0,0,0,0,0,0,0,0,0,0,0,0,0,0,0,0,0,0,0,0,0,0,0,0,0,0,0,0,0,0,0,0,0,0,0,0,0,0,0,2.29185,0,0,0,0,0,0
"SRR3105702",0,0,65.29143,158.25951,559.44068,507.53215,20.277632,52.60551,1654.803421,13.30031,0,0,7116.22520701041,0,26.5215,574.93882,1232.711745,94.3033,1756.434057,2550.936055,0,10.24811,4432.859685,44.237,328.46644,37677.9815865203,15507.6911290042,58.78661,0,362.93442,873.94476134361,6197.6797876335,2756.21492527821,4068.869515,1745.3458105688,5169.8297388,34.19326,4999.57136310565,37.91268,0,25097.026358465,28454.1630852863,5.4471,0,12.3851,61.62677,23.37052,1411.91276,45.10786209436,26.23948,0,0,0,0,0,0,0,0,0,0,0,0,0,0,0,0,0,0,0,0,0,0,0,0,0,0,0,0,0,0,0,0,0,0,0,0,0,0,0,0,0,0,0,0,0,0,0,0,0,0,0,0,0,0,0,0,0,0,0,4.71478,0,0,0,0,0
"SRR3105703",57.99483,0,30.51999,22.82847,2883.573482,243.32019,23.2602,6.60027,2755.739298,24.4623,95.15937,0,2338.371854,0,1234.8169,1275.94516,468.025871,5.61869,2855.44749,2743.634226,794.86554,0,1219.466549,1132.4263992621,415.973019,36083.2836190295,24914.096534444,24.58706,0,191.22619,431.91982,3453.34633177281,2764.60506398318,1265.165318159,2402.692493,3390.4576413,0,4285.33538000283,61.3201,0,35736.4994198528,70987.4760707,0,0,0,0,0,7.90188,0,155.95367,0,0,0,0,0,0,0,0,0,0,0,0,0,0,0,0,0,57.7134,0,0,0,0,0,0,0,21.3244,0,0,0,0,0,0,0,0,0,0,0,23.8414,0,0,0,0,0,0,0,0,0,0,0,13.8572,0,0,15.2402,0,0,0,0,0,0,0,0,0,0,0,0
"SRR3105704",0,31.319844,11.71107,199.012224,160.897601,177.31183385463,2.962366,167.9539,1867.14942433,14.13978,135.83239,43.3827,20567.8610325154,4.88457,91.80309,237.103847,2370.02553421344,191.842185,2474.50661183496,2240.200809,243.914854,3.289704,3670.667493,1158.096141,219.479381,44869.6737658577,15334.4828782268,119.93659,0,527.1728837,707.71736779,7038.76404886112,3340.87381662481,4332.8345584182,2507.116264,7078.04925148107,14.88024,7393.5749758748,0,82.360210682,27854.6638617876,36086.9080463166,12.33752,4.88139,44.7276,16.77269,29.94274,90.562677,17.97618,59.181257,0,40.09569,0,0,0,0,0,0,0,0,0,0,0,0,2.71559,2.35226,0,10.83884,0,3.15811,0,0,0,33.73615,0,0,1.89385,0,0,0,0,0,0,0,0,0,0,23.547618,0,0,0,0,0,0,0,0,0,0,0,0,462.60181,0,0,0,0,0,0,0,0,0,0,0,0,0,0
"SRR3105705",0,0,0,0,294.9747,0,39.518,0,1604.823367,102.9314,0,0,5377.76368801244,36.1868,116.28336,153.52478,681.4755,0,4348.0350857,1576.63836,390.9529,0,4689.718698,0,344.493668,42774.9214539274,14869.105409346,8.47847,0,223.2062,803.52439,6117.9182855,2489.10655,9326.681034,1842.78636,6891.250101,22.1077,5622.72092392328,0,0,24148.7138363956,26438.673835829,0,0,0,0,0,299.246,7.50837,0,0,3.24213,0,0,0,0,0,0,0,0,0,0,0,0,0,0,0,0,0,0,0,0,0,0,36.753,0,0,0,0,0,0,0,0,0,0,0,0,0,0,0,0,0,0,0,0,0,0,0,0,0,0,0,0,0,0,0,0,0,0,0,0,0,0,0,0
"SRR8641368",0,0,1027.044777,0,347.33434,0.85634,0,0,2754.889045,0,0,0,501.947792,0,22.1463,0,16.456749,0.722728,30.887158,166.764509,0,1.45431,12528.2245139,105.551008,29.635401,21245.3412226,8819.029987,0,1.05316,0,1.27657,7319.854338,797.000319,3312.291273,10630.35261,3494.083754,0.547537,6617.4390029133,0,0,1937.057447,16008.3507510012,0,0,0,0,0,0,0,11.734973,0,0,0,0,0,0,0,0,0,0,0,0,0,0,0,0,0,0,0,0,0,0,0,0,0,0,0,0,0,0,0,0,0,0,0,0,0,0,0,0,0,0,0,0,0,0,0,0,0,0,0,0,0,0,0,0,0,0,0,0,0,0,0,0,0
"SRR8454196",7.66287,39.67406,913.922524902356,95.19363,1533.563975,797.40728,93.3623,41.44963,2568.9481947,22.3864,56.658684,48.91572,2582.193053,76.7907,518.487,255.25044,1677.6765287,272.44445,1802.22697,3419.426311,394.976181,2.71315,5620.54511955,280.304528,184.50069,49406.3965054614,13491.7272141822,139.77451,9.68761,221.051852,706.545490210492,10830.9929330249,4103.13916164246,4396.1512984342,2530.6773303,7302.208366,13.40134,6676.06394858168,64.42183,0,26980.9299681619,35101.1218579127,2.93315,0,0,0,0,515.06275,0,0,0,32.59,0,0,0,2.97723,0,0,26.10638,0,16.38407,0,0,0,0,0,0,0,0,0,0,0,0,0,0,0,0,0,0,0,0,0,0,0,0,0,0,0,0,0,0,0,0,0,0,0,0,0,0,0,1.47478,0,0,0,0,0,0,0,0,0,26.46342,0,0,0,0
"SRR12179257",306.668296,0,35.379409,59.9329,477.65604,116.494922,124.92296,186.996786,1074.467118,99.346981,0,0,4070.562968,0,916.080771,258.424546,1058.781556,74.771454,2008.243554,4299.6945777,140.001377,34.8332,5228.3725347,138.98677,476.668869,29318.6411227417,12752.2894819036,224.053047,0,110.627704,408.81382,5502.735437,3164.096507,2828.513863,1109.277776,5826.007725851,0,3351.9092474426,122.53203,0,20037.9395464667,24334.69543606,3.068999,0.848774,7.82979,0,0,0,1.64525,50.812202,0,0,0,0,16.784605,0,0,0,0,0,54.8262,0,0,0,0,0,0,1.837637,0,0,0,1.5295,0,1.561033,0,0,0,0,0,0,0,0,18.7369,0,0,0,0,0,0,0,0,0,0,0,9.79908,0,0,0,0,0,0,0,0,0,0,0,0,0,0,0,0,0.668898,0,0,0
"SRR2681155",73.612624,0,6.263485,19.90372,218.831639,361.003199,82.56151,32.562305,2839.32906495669,1.68068,201.672727,0,530.14971606363,0,519.397,46.345167,1367.02898639813,86.246096,1567.52575816933,3011.74015970765,51.87253,15.0341,3248.69612457979,714.675215659756,314.677216,30219.8509152047,9243.14701538112,145.745673,0,61.883196,422.569054,6472.19973625656,2346.20328088163,1595.78648337112,3773.49328080673,5060.91325676118,1933.20510685,4593.8114897269,91.23148,0,14138.0596405046,21607.9645597731,1.598175,0,0.563215,0,0,45.596756,0,13.8824,0,0,0,0,23.1473124784,0,0,0,0,0,0,0,2.10733,0,0,0,0,0,0,0,0,0,0,0.88416,0,0,0,0,1.22899,0,0,0,0,0,0,0,0,0,0,0,0,0,0,0,0,0,0,0,0,0,0,0,0,0,0,0,0,0,0,0.469354,0,0,0,0,0
"SRR8491950",8.460633,0,311.871319,0,17.98945,60.19991,17.943,0,16884.1416356,1.76449,39.5395,0,53.55478,0,1358.10482,67.83556,153.817264,0,1284.671461,806.577718,0,10.62396,1116.211463,100.21638,950.096885,10761.605150967,5961.19325097627,71.08394,6.53146,44.534256,222.54288,3865.17742192668,325.63677,1277.816817,248.117416,3878.407434,1249.331012,3040.799972,3.51318,0,10512.7640130581,23507.6806601,0,0,0,0,0,14.2527,0,0,0,0,0,0,2.43911,3.35774,0,13.9324,0,0,0,0,0,0,0,0,0,0,0,0,0,0,0,32.09448,0,0,0,0,0,0,0,0,0,0,0,0,0,0,0,0,0,0,0,0,0,0,0,0,0,0,0,0,0,0,0,0,0,0,0,0,0,0,0,0,0
"SRR8617822",202.37356,29.72395,161.84939,81.74254,152.95717,178.89558,35.54952,92.0783,2354.617479,23.10784,18.9726,0,5845.128179,0,173.309808,449.77522,836.742785006887,174.895385,1730.1351819363,1863.1285932,175.4532,2.30931,3572.58494937676,341.266013,286.771843,31159.2349341551,11810.8664925233,190.608705,0,259.49927,480.514472,5347.723618217,2822.52685761708,5335.59141302614,1975.186644,6369.22281024279,30.45514,5474.47681977781,64.43845,0,23099.0664042511,25299.1779658024,20.064412,0,0,0,52.21629,0,13.33703,19.707349,0,38.34266,4.87691,0,2.48395,0,0,0,0,0,0,0,0,0,0,0,0,0,0,0,0,0,0,0,4.1564,0,0,0,0,0,0,0,0,0,0,0,0,179.95815,0,0,0,0,0,0,0,0,0,0,0,0,10.02028,0,0,0,0,0,0,0,0,0,0,0,3.94967,0,0
"SRR6375633",16.771887,111.2158,57.31376,62.474110188938,269.652031,418.10837,42.135307,285.89265,3021.352177,0,32.041527,0,5394.79103,0,384.67558,234.835297,1367.931144,106.41907,3101.92561,4096.0009461,331.83204,1.6319,5457.309627,367.668242,242.43526,56851.02551162,13678.9056739276,242.84502,0,251.402083,675.39111,8784.0301896,4387.896279,4661.589771,3031.9424007421,7590.339892,25.20528,8236.60213700176,314.3604,0,23775.3738011386,35768.0796603291,0,0,5.50396,0,0,4.78346,0,27.119232336,0,39.5515,0,0,6.728072,0,0,0,0,0,0,0,0,0,0,4.070367,0,0,0,0,0,0,0,1.0921,0,0,0,0,0,0,0,0,0,0,0,0,0,57.70357,0,0,0,0,1.36213,0,0,0,0,0,0,0.534521,0,0,0,0,0,0,0,0,0,0,0,0,0,0,0
"SRR8524599",588.170733,3.4209,6277.015437,19.06647,1462.058862,26.17486544834,20.36768,9.20306,1879.3022402411,0,8.08068,0,5862.839913,0,1484.555071,107.475443,174.707685,18.263744,445.249772,1144.26571201,115.263,0,1281.8771,17.716388,418.325106,31069.8664458,5944.1685505,416.011336,1.5662,204.72739,119.224584,5798.867753,4362.803159,3778.709668,355.302379,15022.08062615,1.5289,5044.085692,2.62286,0,12446.9954826,30821.1979209321,0,2.27752,0,0,1.16946,2.848876,0,58.751302,0,4.46132,0,0,6.06529,0,0,0,0,0,0,0,0,0,0,0,0,0,0,0,0,0,0,9.12092,0,0,0,0,0,0,0,0,0,0,0,0,0,0,0,0,0,0,0,0,0,0,0,0,0,0,0,0,0,0,0,0,0,0,0,0,0,0,0,1.30445,0.64604
"SRR8506641",106.0868,0,182.41303,190.4273,371.49132,1020.02296,125.3643,88.36479,3036.217961,48.5421,0,0,5182.2472139,0,660.11078,344.09627,2098.99109,194.17825,2458.09395,4615.61973,79.22481,0,7663.520704296,5.07366,468.34325,46704.9666458152,14529.187196,218.79189,0,380.92555,765.56856,8494.45120000919,6680.012704,4622.717209873,2064.50097,8956.02168,99.53251,7823.892118,238.48811,0,27723.267875857,34663.6109484703,0,0,25.422,0,0,6.77228,6.41378,15.16931,0,83.001,0,0,0,0,0,0,0,0,99.7561,0,0,0,0,0,0,0,0,27.8407,0,0,0,58.1253,0,0,0,0,0,0,0,0,0,0,0,0,0,0,0,0,0,0,0,0,0,0,0,0,3.67513,0,0,0,0,0,0,0,0,0,0,0,0,0,0,0,0
"SRR8638116",0,0,8656.00969,0,0,0,0,0,3.0924646,0,1.531798,0,3.32609,0,0,2465.39439,2.92618,0,1511.0699728,1620.720048,2.78739,0,389.4174,950.643542,81.5856,4260.970496,54768.7336321,53.687042,0,0,0,274.350487,329.065741,1170.548449,243.163616,20.31428,0,1297.51833,0,0,48711.8216384,18300.112497,0,0,0,0,0,2.64597,0,0,0,0,0,0.850085,0,0,0,0,0,0,0,0,0,0,0,0,0,0,0,0,0,0,0,0,0,0,0,0,0,0,0,0,0,0,0,0,0,0,0,0,0,0,0,0,0,0,0,0,0,0,0,0,0,0,0,0,0,0,0,0,0,0,0,0,0
