"accession","Ackermannviridae","Adenoviridae","Adintoviridae","Alloherpesviridae","Ascoviridae","Asfarviridae","Autographiviridae","Baculoviridae","Bicaudaviridae","Caulimoviridae","Flaviviridae","Geminiviridae","Hepeviridae","Herelleviridae","Herpesviridae","Hytrosaviridae","Inoviridae","Iridoviridae","Lavidaviridae","Malacoherpesviridae","Marseilleviridae","Metaviridae","Microviridae","Mimiviridae","Myoviridae","Nairoviridae","Nimaviridae","Nudiviridae","Partitiviridae","Phycodnaviridae","Pithoviridae","Podoviridae","Polydnaviridae","Poxviridae","Reoviridae","Retroviridae","Salasmaviridae","Schitoviridae","Siphoviridae","Unclassified.viruses","Adomaviridae","Chrysoviridae","Chuviridae","Lipothrixviridae","Mitoviridae","Pseudoviridae","Secoviridae","Virgaviridae","Ovaliviridae","Parvoviridae","Closteroviridae","Marnaviridae","Nodaviridae","Dicistroviridae","Peribunyaviridae","Tombusviridae","Corticoviridae","Nyamiviridae","Picornaviridae","Lispiviridae","Astroviridae","Demerecviridae","Endornaviridae","Filoviridae","Fuselloviridae","Iflaviridae","Pneumoviridae","Potyviridae","Totiviridae","Orthomyxoviridae","Paramyxoviridae","Fiersviridae","Hepadnaviridae","Cystoviridae","Phenuiviridae","Tectiviridae","Mesoniviridae","Tymoviridae","Circoviridae","Drexlerviridae","Hypoviridae","Bromoviridae","Coronaviridae","Caliciviridae","Rhabdoviridae","Atkinsviridae","Botourmiaviridae","Leviviridae","Narnaviridae","Solemoviridae","Alphaflexiviridae","Cruciviridae","Zobellviridae","Picobirnaviridae","Solspiviridae","Yueviridae","Arenaviridae","Tobaniviridae","Qinviridae","Bacilladnaviridae","Artoviridae","Togaviridae","Chaseviridae","Genomoviridae","Polycipiviridae","Bornaviridae","Bidnaviridae","Mypoviridae","Mayoviridae","Spiraviridae"
"SRR5353282",12.23263,486.462,566.362188278715,47.12606,265.542730004173,68.0507,7.13059,5397.26921541,26.2609,34.92511,1267.09485,9.18187,198.46902,154.98654,556.567817,251.70454,4372.328127,2088.7968477991,99.94635,18.05996,2659.916563,139.20991,310.700654,30125.8558954837,11807.1555456429,31.61545,15.15501,223.12299,86.93957,3577.59602448399,3067.085518608,4356.158206,820.835403999999,2957.925757,111.66415,2893.1737359527,181.5863,21.41779,19193.16271392,21941.860011116,0,0,0,0,0,0,0,0,0,0,0,0,0,0,0,0,0,0,0,0,0,0,0,0,0,0,0,0,0,0,0,0,0,0,0,0,0,0,0,0,0,0,0,0,0,0,0,0,0,0,0,0,0,0,0,0,0,0,0,0,0,0,0,0,0,0,0,0,0,0
"SRR14583829",59.184528,0,0.964668,374.510308,737.287748,95.10747,58.775583,8768.15430694,13.9261,32.61723,2796.486651,0,1099.40416,212.663354,825.40413987542,92.311822,1408.8619405336,1874.4835616206,180.56627,27.246386,2789.760285222,164.893181,245.157589,30535.7062085153,9756.53368248861,110.52628,8.01117,209.816957655,229.508217000518,6148.25025341651,3926.32399228961,3206.95320463332,1254.895334,9141.02689639173,210.233053,4481.82945506805,78.44007,0,18491.8514397629,20105.4176702129,25.04375,17.100198,1.62844,2.06623,260.27891,14.93813,8.69649,3.50744,0,0,0,0,0,0,0,0,0,0,0,0,0,0,0,0,0,0,0,0,0,0,0,0,0,0,0,0,0,0,0,0,0,0,0,0,0,0,0,0,0,0,0,0,0,0,0,0,0,0,0,0,0,0,0,0,0,0,0,0,0,0
"SRR5353274",0,0,7073.34622211445,3.35476,25.050405,35.44798,0,259.57835,4.30624,0.490817,1885.47409,0,80.9361,0,65.8739,0,144.193710066838,563.46887948324,9.83552,0,367.0519,178.835031,100.34814,2905.190133,694.034237015539,0,0,16.43153,7.54992,555.485392,274.85848,1819.31606,2434.148283,1480.602802,9.56068,928.686204,3.2502,0,1646.8374,9889.690401,0,0,0,34.1763,0,6.45806,0,0,0,0,0,0,0,0,0,0,0,0,0,0,0,0,0,0,0,0,0,0,0,0,0,0,0,0,0,0,0,0,0,0,0,0,0,0,0,0,0,0,0,0,0,0,0,0,0,0,0,0,0,0,0,0,0,0,0,0,0,0,0,0
"ERR1147311",34.798029,1.65082,691.681803690093,367.069688,19.735391,44.40901082122,50.207183,760.4037323,8.775147,35.587668123,1890.322204,2.38244,204.695453,135.382549,146.471248,3.333926,1240.93855204929,1491.95284005264,15.091976,9.850494,1302.0658737,320.96350195,56.106645,7232.15048776065,4849.89320155494,48.99655,8.11089,71.649655,129.208175,1497.66695852134,1565.82049093,694.337630784191,604.453020171503,1591.14775271212,7.01537,4035.32925908164,18.3973,0,7435.9845600298,9394.59121922485,3.5138948,0,0,5.712219,2.89423,7.772002,0,18.227,4.356434,1.410869,0,0,0,0,0,0,0,0,0,0,0,0,0,0,0,0,0,0,0,0,0,0,0,0,0,0,0,0,0,0,0,0,0,0,0,0,0,0,0,0,0,0,0,0,0,0,0,0,0,0,0,0,0,0,0,0,0,0,0,0
"SRR6766872",34.06144,25.95912,135.959634,44.635894,189.497109,51.96965,35.77947,1642.82824596244,10.40228,70.831816,1271.834591,2.62954,171.272265,122.47569,674.366844,37.2208,1131.90254142001,1384.62402921326,118.224667,22.101045,1862.77714425865,152.865987,249.188376,14303.0636575115,5457.44482688413,84.412874,4.23377,191.710205,196.415888,4014.19622195323,1486.4778697329,991.9305438261,1541.44702558328,4479.729499091,191.332224,2952.60319115048,61.6544,0,9640.93252076081,9612.90881836676,0,2.40974,0,7.01353,104.125457,2.10815,0,0,0,0,0.776639,2.49145,4.42153,0,0,0,0,0,0,0,0,0,0,0,0,0,0,0,0,0,0,0,0,0,0,0,0,0,0,0,0,0,0,0,0,0,0,0,0,0,0,0,0,0,0,0,0,0,0,0,0,0,0,0,0,0,0,0,0,0
"SRR9332008",0,0,4.443221,4.79345,60.16281,3.23835,2.29457,172.77437,0,43.251168,113.450119014544,2.09579,17.1227,4.60245,69.983349,0,80.06755308327,165.8676623,1.06,0,310.400946046511,240.12829111,2.03901,1541.48291920048,347.6841,15.90501,0,9.45603,20.409402,404.711249,233.643699,211.442065,351.82031787,716.45346,224.230693203696,458.947429329,11.17705,0,801.91866,2019.74305013232,0,0,0,0,0.604621,7.32884,0,0,0,0,0,0,0,143.39297,0,0,0,0,0,0,0,0,0,0,0,0,0,0,0,0,0,0,0,0,0,0,0,0,0,0,0,0,0,0,0,0,0,0,0,0,0,0,0,0,0,0,0,0,0,0,0,0,0,0,0,0,0,0,0,0
"SRR12687642",0,232.21442,1555.384867,358.76335,3002.412339,120.1662,1.77138,2765.65492582,8.4704,4.424053,912.86257,0,1190.517078,561.239999,714.510842,8.87466,3488.027679,10059.740918,436.26769,8.74887,4679.426762,142.898666,369.00489,27159.5052781211,8073.61182778473,442.33447,16.73458,811.66427,243.347896,7904.056029,4436.734496,1764.4360723,4613.57258685516,5594.29842809215,17248.8513670006,2220.03727,203.63546,0,15345.025900786,19074.6413435316,0,0,0,15.47066,0,22.07612,0,36.47346,0,8.86621,0,0,0,1.37779,2.38092,22.93026,0,0,0,0,0,0,0,0,0,0,0,0,0,0,0,0,0,0,0,0,0,0,0,0,0,0,0,0,0,0,0,0,0,0,0,0,0,0,0,0,0,0,0,0,0,0,0,0,0,0,0,0,0,0
"SRR6998662",107.041,127.2496,228.283099,44.83156,437.113319,60.13186,3.1102,1675.027999449,12.91004,41.1464,566.97754,4.83939,136.3631,302.95636,1179.83344,0,1200.13540325842,2195.156381,69.09415,24.5698,1752.07143559092,439.393900000497,146.99369,17661.5644500983,8020.6380710824,267.13556,27.12933,224.22181,268.983,3867.495793169,3869.0653681628,1525.333045,1886.368931,5095.73551947118,98.3572923,4431.59760726226,255.0359,0,16483.0626322427,17686.5192044107,7.52959,0,93.35129,10.7419,5.86464,34.54269,0,6.51904,0,100.74147,0,0,0,0,0,41.4652,3.03354,0,0,0,0,0,0,0,0,0,0,0,0,0,0,0,0,0,0,0,0,0,0,0,0,0,0,0,0,0,0,0,0,0,0,0,0,0,0,0,0,0,0,0,0,0,0,0,0,0,0,0,0,0
"SRR1972516",0,2092.09135,21.3693,502.423221,95.87502,20.829468,4.15492,8967.10797,7.82093,15.12686,138.11773,0,326.568,116.2215,474.651433,10.20239,399.250911,1751.726229,15.15982,13.23948,1495.565903,157.819838,123.46869,12200.366454,5701.606202,312.79446,2.34534,87.804038,108.20354,4229.415739,3708.76174,891.9851,3733.17483309102,3775.62523,149.08522,1193.325882,55.5848,0,12453.9637252767,19111.332833,5.40848,0,0,6.99846,1.2832,8.47482,0,4.47484,0,5.43014,0,0,0,0,0,0,7.40906,17.44362,2.34785,0,0,0,0,0,0,0,0,0,0,0,0,0,0,0,0,0,0,0,0,0,0,0,0,0,0,0,0,0,0,0,0,0,0,0,0,0,0,0,0,0,0,0,0,0,0,0,0,0,0,0
"SRR1514880",0,399.52326,212.42199,187.64105,2612.60317,94.02887,54.84108,9293.99359,35.7051,21.7302,498.3425,0,280.459,369.09627,4345.32536,7.64679,2522.72958,11161.5001050139,307.0234,0,4295.31732,93.13513441,276.8535,23862.77518692,10326.04599,2390.64458,41.0468,1358.90657,299.14763,12350.04778,5746.49389,1834.79457,3536.0398,5319.57524,12072.21239,2356.135053,30.52351,0,24186.105777733,31122.523608,13.65658,0,0,23.29817,0,15.19973,0,23.3668,0,19.54305,0,0,0,0,0,0,5.36151,0,0,3.97904,0,0,0,0,0,0,0,0,0,0,0,0,0,0,0,0,0,0,0,0,0,0,0,0,0,0,0,0,0,0,0,0,0,0,0,0,0,0,0,0,0,0,0,0,0,0,0,0,0,0
"SRR8464846",21.724565,1.765101,85.268928,196.945155,425.319777,81.01735,49.322946,1997.56768957911,17.66806,40.042182,606.9934873,0,405.4001,457.393914,2145.56677004336,98.011501,2010.107114,2719.95671383172,38.43353,14.6278,3811.18754049559,134.269088,200.715371,26057.3903824552,11647.7344377262,105.022565,0,159.049635078543,344.804341,9533.71532430195,3339.246769,2325.84611112925,1027.20672,3991.97942117121,486.0329392,8179.09871012164,0,2.89011,17431.327325927,22554.0376453754,13.94581,0,1.01208,2.661259,7.768996,0,0,0,0,0,10.26996517,0,0,0,0,0,1.06608,0,2.795816,0,2.5779,4.94982,1.01543,201.847629,5.011116,9.64458,48.364424,3.72537,0,0,0,0,0,0,0,0,0,0,0,0,0,0,0,0,0,0,0,0,0,0,0,0,0,0,0,0,0,0,0,0,0,0,0,0,0,0,0,0,0,0
"SRR9606756",279.7221,96.95375,13.26028,345.639203,199.865062,42.37984,14.78095,5812.558114,12.89078,0,3509.9139192145,0,6820.05684,349.54288,440.964969,4.5873,1553.052723,2701.077132,16.5593,7.45472,4167.59688600249,14.5044,192.67072,32223.3151796881,12043.983408319,12.60773,0,99.0883400113569,246.06223,6069.776728,4982.755477,6115.593205,2797.110137,9310.8629038,8724.903357,3527.355291,37.55053,0,14460.2283007048,29454.4974200268,23.50392,0,0,0,27.17756,0,0,0,8.69375,0,0,0,0,0,0,0,0,0,0,0,0,0,0,0,0,0,0,0,2.45545,0,0,0,0,0,0,0,0,0,0,0,0,0,0,0,0,0,0,0,0,0,0,0,0,0,0,0,0,0,0,0,0,0,0,0,0,0,0,0,0,0
"SRR8293935",36.20091,0,860.682396999999,387.343485,191.889671,89.13413,59.69876,974.142652446288,89.414,672.04671832374,409.482072,4.565169,1410.981,274.066447,2115.8597363338,55.9240400375354,1918.5177372559,3412.50729469,48.549,22.45859,2983.40571959,1653.77370912954,157.353887002638,40247.5413921715,11083.5857759316,889.9051,7.07759,375.374022225087,406.12046676328,8197.9554262151,4630.36939049,1593.4851837,2289.15634500423,4324.0680425125,1044.237401,9291.04137209392,146.099072,10.18049,17776.749196944,26989.9020896973,5.814592,0,1.35903,1.09786,30.09768,6.77711,0,0,0,8.4403,9.06677,0,0,0,0,0,0,0,6.73387,0,0,0,0,0,0,0,2.694055,0,0,639.524,0,0,0,0,0,0,0,0,0,0,0,0,0,0,0,0,0,0,0,0,0,0,0,0,0,0,0,0,0,0,0,0,0,0,0,0,0,0,0,0
"SRR6512852",649.1444,49.1183,161.719128,930.519234,201.719236,86.10041,19.822936,2542.2118709,28.7592,19.622143,1883.276584,0,762.2511,500.678345,768.214683,113.396348,1416.51158,2032.88728870591,1.79976,7.56805,2607.89948,66.408087,88.023089,27003.1120924405,10364.4458342236,45.97804,0,89.250193,304.5401,8475.29516460468,2694.0363988,2523.438003,1928.122615,3349.821733,3376.06962100034,6394.1143617,59.99216,0,13671.9273489499,26785.3935434617,44.98802,0,0,0,12.43901,19.08591,0,0,0,0,0,0,0,0,0,0,0,0,0,0,0,0,0,0,0,0,0,0,0,0,0,0,0,0,0,0,0,0,0,0,0,0,0,0,0,0,0,0,0,0,0,0,0,0,0,0,0,0,0,0,0,0,0,0,0,0,0,0,0,0
"SRR8386112",26.638409,0,439.8448278,63.450384,113.119,62.01693,35.689565,1317.24310402677,15.117781,37.971068609985,690.399806,7.47127,2281.978411,375.430065,1131.47960629872,37.123,2262.96644586,2139.34440250602,83.3031,9.150537,3929.55455194059,149.337080326573,195.168462,23430.2284435587,11310.9575956882,90.071674,18.330442,155.727697,271.8707471745,8413.97517915424,4025.56543754,3333.729662747,929.202743,4365.4532994,130.807721,4644.21208748998,50.8561,19.39462,16319.2527826919,22972.8587358398,14.99402,0,1.20171,8.355135,26.777846,1.49702,0,1.498441,0,1.91636,2.410831,0,0,0,0,0,1.07106,0,0,0,0,0,2.71178,264.346848,2.946685,0,93.073895,5.76285,0,0,0,0,0,0,0,0,0,0,0,0,0,0,0,0,0,0,0,0,0,0,0,0,0,0,0,0,0,0,0,0,0,0,0,0,0,0,0,0,0,0
"SRR15714765",11.55338,30.10673,27.19517,15.54348,205.75078,60.387796,40.16206,803.762212128804,36.1111,16.08689,568.48785,0,1411.26818,98.50547,883.006836001058,79.69433,708.508156,1172.21324,75.09801,15.31225,985.670748,173.637333,133.37691,17340.5442421437,8695.52314439935,57.743751,12.11004,254.45507916,208.488358,3454.030197162,1578.439722,3110.0471806176,702.634811011264,5148.39652180001,93.81504,3150.9573463,518.42776,0,9332.19412676093,15247.7105990748,11.92807,0,1.62629,0,2.23694,5.33875,0,6.22626,2.8139,0,0,0,0,0,0,0,0,0,0,0,0,0,0,23.6917,0,0,0,14.85645,0,0,38.05889,0,0,0,0,0,0,0,0,0,0,0,0,0,0,0,0,0,0,0,0,0,0,0,0,0,0,0,0,0,0,0,0,0,0,0,0,0,0,0
"SRR6023958",0.305114,4.782377,877.90357798191,13.708271,60.7637579,4.9423206,1.186759,80.541521200432,0.619438,406.35712503779,17.665174,2.437141,13.5623,10.1455996,63.8405218,2.639668,68.0239029384885,565.05266703997,13.84473,147.8587906188,138.954654400082,1296.0478985,1644.100842,721.503685839188,499.821135304669,3.590517,0.963732,6.6546275,16.487211,189.083618000111,95.6492082103299,221.184670058075,188.20337243868,204.35229577,0,1169.53671593115,2.270097,0,806.582288750001,2087.86081597506,0.648277,0,34.2783919,0,0,23.479727,0,0,0,0,0,0,0,0,0,0,0,0,0.324577,0,0,0,0,0,0,20.397558,0,0,0,0,0,1.658227,16.1271929,0,0,0,0,0,0,0,0,0,0,0,0,0,0,0,0,0,0,0,0,0,0,0,0,0,0,0,0,0,0,0,0,0,0,0,0,0
"SRR15275182",71.4651,138.063981,182.838394,66.08558,3412.867164,57.076553,33.91526,2935.465389,8.01599,110.675426278119,503.795315,0,916.03325,94.111399,523.0868604,52.107648,1202.46903118584,2078.66632650641,87.3375050516,3.60152,1077.8873075707,359.440025,99.97386,18229.4251876947,5193.87966912489,62.55149,7.04161,210.1948895905,90.742775,3028.92994092744,1362.1792711079,1611.769003,952.06709012289,3460.226357,26.10125,6976.61149109211,219.2364,0,13196.9414640583,30861.4247976585,6.86284,0,1.51138,0,4.649388,3.06425,0,0,0,0,0,0,0,0,0,0,2.56077,0,0.648697,0,0,0,0,1.02283,0,1.65758,0,0,0,0,0,0,7.79164,1.73211,1.05349,0,0,0,0,0,0,0,0,0,0,0,0,0,0,0,0,0,0,0,0,0,0,0,0,0,0,0,0,0,0,0,0,0,0,0
"SRR7348691",7.97969,476.051,76.3133406,162.119501,204.54148,40.53764,133.90321,2377.13809288432,16.7839,54.07587,1300.22213816,0,1577.03974,169.503419,1498.251165076,59.34904,929.917326,2698.751237,125.369062,11.21797,1557.439812,56.85633,308.238464,19122.3081606711,6595.05572248919,96.5306,8.378325,365.360539,212.85025,5280.3542748099,2362.272106,2561.480248,666.720459,6286.11853500001,10.42053,8817.0148864869,0,0,8019.23308016318,30973.7691815579,2.62497,0,0,4.24231,49.6827,0,0,4.80867,0,0,0,0,0,1.99001,0,0,0,0,6.06783,0,0,0,0,0,0,0,0,0,0,0,0,0,0,0,0,0,0,0,0,0,0,0,0,0,0,0,0,0,0,0,0,0,0,0,0,0,0,0,0,0,0,0,0,0,0,0,0,0,0,0
"SRR10957072",1.840731,137.18755,44.6833,309.41089,149.47246,30.5535,43.471976,998.02861121054,4.77678,49.863747,819.03511,0,390.519177,71.656874,487.341860070024,35.58097,367.68714006324,1721.42847266771,100.94255,7.834886,950.848182005828,117.715443,114.510533,11466.0433861933,4178.423166756,21.31646,3.78881,146.114349,130.838893,3360.91499508976,1532.612448,3242.960456,1022.31219856572,6351.86983804538,966.066365,3316.2259249685,4.84581,0,4837.03844128033,11807.9366435419,3.95903,0,28.701165,0.942709,13.44419,0,0,1.3255,0,0,1.92218,0,0,0,0,0,0,0,0,0,0,0,0,0,0,0,0,0,0,0,0,0,0,0,0,0,0,0,0,0,0,0,0,0,0,0,0,0,0,0,0,0,0,0,0,0,0,0,0,0,0,0,0,0,0,0,0,0,0,0
"SRR8784138",5453.608876034,263.4128,26.6473,330.69247,273.252803,114.0872,121.578052,3206.51654,34.73802,0,1289.97936009861,0,674.83433,239.10274,847.171180000001,67.96418,1350.18347,1231.61353,434.231287,0,2788.175548,0,294.543037,23822.5692085561,19548.443148,120.75823,0,154.627979,380.45163,6362.22898976471,3439.746848,3016.17679,2463.8058916944,4007.5528904217,152.62849,4276.4351254789,22.3134,0,96934.1077139,19231.0857766556,77.410515,0,0,15.9799,30.0469,0,0,0,0,0,0,0,0,0,0,0,0,0,0,0,2.92582,0,0,4.603,0,0,0,0,113.105,0,0,0,0,0,0,5.35804,0,0,0,0,0,0,0,0,0,0,0,0,0,0,0,0,0,0,0,0,0,0,0,0,0,0,0,0,0,0,0,0,0,0
"ERR414137",22.423296,0,53.348212,234.566246,2315.3313,360.70797,45.6252,4346.148503686,142.2762,1.57258,3570.62025,0,858.49372,427.12637335499,1583.08401227407,208.964995,3664.38451803523,2799.1183791,173.42581,0,4825.497588,13.836096,149.384209,39379.351124271,14355.8429157075,363.048074,0,399.33719,1104.1676872495,13111.5651683608,4480.88077027289,2983.327741162,2283.11067165618,8438.6240595,439.107498004436,5392.03552416,0,0,31810.3700854298,29838.0956150612,47.75481,0,0,0,4.82977,7.461945,0,0,1.87573,0,0,0,0,0,0,0,2.021565,0,0,0,0,0,0,0,0,0,0,8.13459,0,0,0,361.66179,0,0,0,0,0,0,0,0,0,0,0,0,0,0,0,0,0,0,0,0,0,0,0,0,0,0,0,0,0,0,0,0,0,0,0,0,0,0
"ERR146943",371.60711,473.191,0,174.1707,1090.13109,558.6521,154.9619,7715.748169,3.84222,1.625935,3212.124315,0,3001.50231,112.24788,1873.409414,157.6592,2592.50763,2801.322801,1065.0113,7.77817,4166.944626,23.257817,650.00787,66884.1138334626,23559.9313861701,355.1319,0,500.96489,1910.60969,15911.4050919374,7524.979669,8421.67918551288,3809.1482,10329.288024,528.670148,8656.716812,328.9369542,0,37376.5604441963,51337.148673,56.5834,0,0,0,1301.21933,0,0,0,0,0,0,0,0,0,0,0,5.46582,0,0,0,0,0,0,0,0,0,0,52.6779,0,0,0,0,0,0,0,0,7.36727,0,0,0,0,0,0,0,0,0,0,0,0,0,0,0,0,0,0,0,0,0,0,0,0,0,0,0,0,0,0,0,0,0
"SRR10446422",51.345,158.64453,0,512.78523,137.10619,60.80379,0,9212.123908083,69.8273,19.93340172118,1935.85459,0,73.2777,465.32203,2422.43962900992,113.84125,1128.029366,3028.335277,0,0,4103.784501,426.435277,57.16969,32087.4712746558,11619.2843698341,574.53173,0,606.24633,561.23995,9369.20123755104,3923.6936319,2245.928407497,3053.982824,11406.0181801,2588.136372,10775.0489410855,0,0,19534.0465078742,23567.4639715375,22.11315,0,0,0,23.43054,59.34905,0,0,0,0,0,0,0,0,0,0,0,0,0,0,0,0,0,0,0,0,0,75.81994,0,0,0,0,0,0,0,0,0,0,0,0,0,0,0,0,0,0,0,0,0,0,0,0,0,0,0,0,0,0,0,0,0,0,0,0,0,0,0,0,0,0
"SRR10446417",352.93238,159.6367,0,392.23172,809.43484,176.6983,0,5192.89856,100.964,0,3453.37163,0,569.655,227.20265,2761.01564840516,119.43458,1809.835188,2773.42028712535,61.44837,0,6035.935633,160.461607,180.73079,40269.8807268798,9085.42016653836,312.72969,0,337.01892,751.35754,9185.9288342071,3362.69843,3201.55971,2310.843733,5975.263736,916.53059,9765.31667172928,0,0,20627.5193444,27905.8292681254,56.03748,0,10.29175,0,75.5005,44.08089,0,0,0,0,0,0,0,0,0,0,0,0,0,0,0,0,0,0,0,0,0,145.179,0,0,0,0,0,0,0,0,0,0,0,0,0,0,0,0,0,0,0,0,0,0,0,0,0,0,0,0,0,0,0,0,0,0,0,0,0,0,0,0,0,0
"SRR11906528",96.80436,48.5312,234.012495,214.377573,127.734564,172.13712,29.32957,13561.796424,27.4806,62.424451,1845.2190500011,0,1654.33657,111.029956,1140.52005811102,53.582332,745.130472,2739.10318800015,86.8985,0,2882.59403066415,402.0347028,38.19404,34102.541238514,9779.8456078159,162.513298,20.54597,1607.075917,390.82564,7154.5726709635,3854.19864742962,2055.681288,1653.54668652931,5999.37519196953,24546.226714,6182.47277208425,0,0,16617.8656189485,25175.4293237707,5.14895,17.94667,0,2.03283,0,24.69997,0,3.25871,0,1.28904,0,0,0,0,0,0,0,0,0,0,0,0,0,0,0,0,0,0,0,0,0,62.352705,0,0,0,0,1.14133,0,0,0,0,0,0,0,0,0,0,0,0,0,0,0,0,0,0,0,0,0,0,0,0,0,0,0,0,0,0,0,0,0
"SRR7687009",5.12822,7.18977,109.16432219,118.5333236038,33.505202,30.07819,1.37989,481.33135510377,51.703482,2.430707,290.179395,1.313018,1085.23623,91.484592,396.82378774557,7.717575,763.585202055495,821.753033514436,12.31956,1.901499,1019.17638251687,74.18857554,41.510931,8882.06567445258,3667.94872978878,105.69423,1.53642,64.296335,208.07912962084,2527.52669161445,854.7251657126,1000.51339433,620.835923256983,2295.6862061,23.366477,1393.40267160021,52.69292,0,6556.3514021467,8790.73782014053,9.9963209,0,0,0,13.70569,6.630353,0,0,7.84846,0.884027,0,0.793574,0,0,0,0,0,0,0.552287,0,0,0,0,0,0,0,0,5.16081,0,0,0,0,0,0,0,0,0,0.352024,0,0,0,0,0,0,0,0,0,0,0,0,0,0,0,0,0,0,0,0,0,0,0,0,0,0,0,0,0,0,0,0
"SRR1505175",425.672567,138.2821,2211.01697701969,43.229528,128.530601,22.68782,22.235005,2491.54764072942,0,57.673995,1739.490664,1.86955,365.066,62.014795,1014.44255856,28.54297,523.375442,1465.53415602359,9.544218,0,1124.96225134373,389.44783053,166.244599,10319.6793090613,4256.70601671141,2443.40837,10.04399,107.927715,144.405064,3116.58741466456,1151.567463,1375.856081,1506.7020141,4059.44693638982,661.720609,4588.89305786276,0,8.23458,6652.21362170286,10470.9601446884,7.89377,0,0.934688,0,49.37146,6.677,0,0,0,0,0,0,6.85849,0,0,0,0,0,0,0,0,0,0,0,0,0,0,0,0,0,0,0,0,0,0,0,0,0,11.14914,0,0,0,0,0,0,0,0,0,0,0,0,0,0,0,0,0,0,0,0,0,0,0,0,0,0,0,0,0,0,0
"SRR618507",0,6.58201,34.42834,55.38625,345.530024,5.1848,11.189373,3434.653819,0,18.14317,344.920379,5.38791,494.2512,108.919802004603,261.838446,14.01044,702.217216,445.467093,31.9307,8.42287,1403.28964016739,80.837674,71.76628,13571.2575578173,3865.58006420606,201.848878,2.51481,54.45781,132.93124,5220.79630262339,1330.0517994999,2707.331902,633.050276,4084.7382183447,2617.654501,1845.186193,8.38311,0,8228.2927763372,16590.5138353977,14.805767,0,1.35714,0,3.98419,2.319816,0,2.23772,0,0,0,0,2.36408,17.10925,0,0,0,0,0,0,0,0,0,0,0,0,0,0,0,0,0,0,0,0,0,0,0,0,0,5.92407,0,0,0,0,0,0,0,0,0,0,0,0,0,0,0,0,0,0,0,0,0,0,0,0,0,0,0,0,0,0
"SRR1797867",0,39.77335,41.012006,129.2581521,62.00873,25.507742,72.958612,1375.332827,0,12.108153,1560.73808,0,1084.1,67.925072,1386.44855518736,29.82807,5255.247406901,1298.3761736968,46.34212,5.2629,1174.1072424,183.9793978,124.00878,18463.8331039898,7293.28871637345,393.29234,4.25706,140.894691,147.997709,3914.66326246073,2580.77764254502,1967.52561,1183.9210572,4149.81066303813,368.923139,3499.33871636497,0,0,12922.0398326425,20623.7024354353,2.71269,7.04041,0,0,7.635477,3.793889,0,2.37228,0,0,0,0,0,0,0,0,0,0,19.3932,0,0,0,0,0,0,0,0,0,0,0,0,0,2.39172,0,0,0,0,0,0,7.2267,0,0,0,0,0,0,0,0,0,0,0,0,0,0,0,0,0,0,0,0,0,0,0,0,0,0,0,0,0,0
"SRR1505100",22.79946,0,732.119362,63.799152,417.69684,9.87318,7.03763,2740.6575549712,6.0283,147.834172,3799.002967,0,512.42949,55.99573,564.021861,29.63011,1308.17253,997.193122342957,2.2685,30.70782,2545.07831935691,336.478504,66.21231,13623.2951000788,5912.44880781473,23.20968,5.90729,136.678978,284.066924,8464.95655702096,2569.401189,4293.6700936554,413.70524,5558.35166318509,2455.57614106403,2390.142348,51.79328,1.91506,8836.09017632322,14549.3223177948,13.07329,0,3.30521,1.56949,2.34967,10.9903,0,110.45074,4.04569,0,0,0,0,0,0,0,0,0,2.97623,0,0,0,0,0,39.25108,0,0,0,0,0,0,0,0,0,0,0,0,0,0,0,0,0,0,0,0,0,0,0,0,0,0,0,0,0,0,0,0,0,0,0,0,0,0,0,0,0,0,0,0,0
"SRR3581115",118.19293,0,105.2766,151.30511,314.53632,132.808,32.06038,4504.84292101169,18.83053,19.24741,1108.656165,0,1249.56,145.004360261145,1543.19201070855,28.83765,1267.126434,2321.48113,102.78988,6.66609,4201.839715,178.13486,419.30758,25953.7851176894,7384.48583887,2093.0176,13.27904,287.74774,285.80253,5893.56429787881,4643.53994140233,2255.42203,1177.493043,7762.40505659626,2456.76824,6531.1589687585,0,0,12640.1190635977,17796.6547002568,13.7009,4.01266,0,3.71572,7.52875,3.0142,0,0,0,0,0,0,0,0,0,0,0,0,0,0,0,0,0,0,0,0,0,6.36418,0,0,0,0,0,0,0,0,0,0,0,0,0,0,0,0,0,0,0,0,0,0,0,0,0,0,0,0,0,0,0,0,0,0,0,0,0,0,0,0,0,0
"SRR3581106",0,0,302.51933084,133.756573,198.560113,17.303388,21.67023,3757.97563163259,22.17604,17.255139,1435.332581,0,815.465,169.475629,1143.33909383788,33.170179,1207.95350065554,1088.098357,34.21395,17.064751,1500.69586204971,736.515384497884,518.900647,15764.3328546422,5477.42939904238,35.87564,3.52,165.426621,180.933264,4271.8433284398,1512.734744671,2342.51270100132,751.149980275802,4372.13200850188,1699.180074,2891.88320712334,0,0,11660.9012044257,15851.6478563596,18.99087,3.16455,0,0.946152,4.00273,22.083231,0,0,0,0,0,0,0,0,0,0,0,0,26.50506,0,0,0,0,0,0,0,0,0.633209,0,0,0,0,2.025857,0,0,0,0,0,0,0,0,0,0,0,0,0,0,0,0,0,0,0,0,0,0,0,0,0,0,0,0,0,0,0,0,0,0,0,0,0
"SRR1611560",0,69.1668,701.50293,225.23509,1132.50146,77.515410374265,163.4218,2600.13999,0,123.39152,887.569239,0,648.321,597.4329,1572.8522,61.4877,1937.521077,1957.96913,43.2424,8.26607,5130.563741,184.63282,171.44817,32770.1293520597,10822.7899133793,149.38414,19.00229,418.00737,1050.15975,7844.40732,5335.172637687,3614.77577,766.048956,3919.03667,242.35843,4099.33403,0,0,21405.4597562451,35139.3444243106,72.7171854158,11.8346,0,21.986,136.116,93.52167,0,0,0,0,0,0,0,0,0,0,0,0,0,0,0,0,0,0,0,0,0,0,0,0,0,0,0,0,0,0,0,0,0,0,0,0,0,0,0,0,0,0,0,0,0,0,0,0,0,0,0,0,0,0,0,0,0,0,0,0,0,0,0,0
"SRR1508368",46.88746,0,175.0569308,30.32882,45.8978,42.42509,39.37071,454.832304,12.59879,9.584251,548.083589,16.81726,443.81711,234.28434,440.831912,21.485626527416,2126.448136,1771.570524,55.0069,1.68381,1710.356113,37.191918,51.52493,15306.4062320332,7522.32912401432,26.644856,14.02684,287.208770000683,145.507553,4717.015498286,2176.20912674013,1181.63507,1185.236523,4811.556994,84.31943,10695.930562768,34.60354,0,11432.5898615392,24041.7153410017,5.57642,0,0,0,1456.628,0,0,4.98622,0,0,0,0,0,0,0,0,0,0,66.26091,0,0,0,0,0,0,0,0,10.85232,0,0,0,0,0,0,0,0,0,0,0,0,1.58978,0,0,0,0,0,0,0,0,0,0,0,0,0,0,0,0,0,0,0,0,0,0,0,0,0,0,0,0,0
"SRR5811995",0,29.213054,279.676697492604,105.332533,232.592233,48.2285,74.47289,2008.735061,9.28996,53.679719,1094.057982,0,845.533,145.344251,1091.62329546,41.20049,1459.9339068,1049.20785435,62.08228,5.915343,1657.85067202438,234.782850200501,354.897682,20130.6432451118,6403.18811080036,69.166352,15.31183,248.815564,165.03530062,4487.93741768705,1906.003269836,2481.949471,885.744856912736,5460.52691520681,381.739970558741,4378.3721007,0,0,12770.2742119574,16550.5061828247,12.525862,2.00383,0,0,4.94128,10.424356,0,0,0,1.7338,0,0,0,0,0,0,0,0,0,0,0,0,0,20.57035,0,0,0,5.51127,0,0,0,0,0,0,0,0,0,0,0,0,0,0,0,0,0,0,0,0,0,0,0,0,0,0,0,0,0,0,0,0,0,0,0,0,0,0,0,0,0,0
"SRR1611562",461.573,23.7497,677.662621,144.73225,35.11677,247.170774,90.3583,4810.35053,44.1481,105.157977,2124.02272,0,638.882,134.73352,650.5665554,45.8449,1343.23333,3263.87927,45.0742,3.94766,2066.72036002286,341.77522,215.84128,34309.2205767062,7504.5295323,62.92814,4.17738,181.73944,495.90102,4236.17696691183,2895.86633056,1570.87981612106,1146.246572,5743.71609922295,2878.47103,2767.7248074267,0,0,27807.120342268,20026.3439293314,7.68019,0,0,0,7.16742,195.398236,0,0,0,0,0,0,0,0,0,0,0,0,0,0,0,0,0,0,0,0,0,0,0,0,0,0,0,0,0,7.07043,0,0,0,0,0,0,0,0,0,0,0,0,0,0,0,0,0,0,0,0,0,0,0,0,0,0,0,0,0,0,0,0,0,0
"SRR3581128",234.31982,2.98321,196.14304,151.30941,375.92237,32.314,87.64326,4471.52568477178,32.3472,30.38004,3210.307573,0,1316.54454,237.35411,1651.28528263713,60.15402,1923.818559,1621.764274,107.5001,31.37362,2369.087805,183.65156,486.633226,30873.3432234303,8966.57856054828,5031.13486,8.14741,281.63564,323.057535,5735.86790000078,2909.577864872,3096.794761,1167.3298486846,7259.12233359046,2936.0556,4208.85740587864,0,0,18003.7870564314,21414.9407770388,21.6535,12.15043,0,0,16.76185,2.54936,0,0,0,2.81893,0,0,0,0,0,0,0,0,4.76564,0,0,0,0,2.74022,5.06047,11.12034,0,13.7742,0,0,0,0,0,0,0,0,0,0,0,0,0,0,0,0,0,0,0,0,0,0,0,0,0,0,0,0,0,0,0,0,0,0,0,0,0,0,0,0,0,0
"SRR1611583",127.651,156.99947,282.098845,133.58472,498.623916,30.74624,27.88255,5914.3997827252,33.57768,35.69687,1112.53141052552,0,369.853,2554.40261,772.411008662,11.09712,38880.935307,2906.41600000382,232.03106,0,5408.7380800302,244.75893,1312.63809,47092.1880228208,10794.6877159253,51.77168,5.04648,347.884481321,335.937428,5067.13688693,1999.5689476079,3077.431046,1111.92403,4064.53474087791,6394.46072,2467.674621,19.76277,0,19636.0668086436,26351.0923380965,19.40899,5.29267,0,14.4584,8.6681,20.80719,0,0,0,0,0,0,0,0,0,0,9.38577,0,66.7014,0,0,0,4.52128,0,0,0,0,0,0,0,0,0,0,0,0,0,0,0,0,0,0,16.00899,0,0,0,0,0,0,0,0,0,0,0,0,0,0,0,0,0,0,0,0,0,0,0,0,0,0,0,0
"SRR14868528",3.43714,189.7983,4.2796,186.671838,54.40982,38.5248,31.75831,1463.233295,6.60943,240.033468,1344.48725,0,81.0674,191.83502,567.43002,85.39982,377.838049,1470.030861,11.67516,3.83554,1109.379512,2125.07662058765,80.738976,9093.94144594,3215.545917,108.09841,6.12779,66.86444,137.0265346,1847.905061,1638.098162,595.59681,1065.149813,3489.6838204982,9.51444,2444.58674314527,749.1893,0,4875.33473699999,9180.825112,20.46721,0,0,0,0,20.11427,0,0,0,0,0,0,10.9044,0,0,0,13.88056,0,3.36998,0,0,0,0,0,0,0,0,0,0,0,0,0,0,0,0,0,0,0,0,0,0,0,0,0,0,0,0,0,0,0,0,0,0,0,0,0,0,0,0,0,0,0,0,0,0,0,0,0,0,0
"SRR14561348",4525.68,31.55159,14.555,553.61564,214.41494,23.30087,28.900537,5245.109924,0,96.48939,3915.72187,0,202.78631,326.181568,1547.423293,228.106409,1040.632136,1224.130973,6.90774,3.38568,1344.360398,287.7009708799,181.811615,22113.8582335395,5675.470668,599.2779,17.6495,213.54032,235.219023,5269.44233306647,2998.71678699375,912.545075000001,891.3873457,8146.88281214099,164.706516,2007.13603924942,754.19313,0,9660.85992265999,18267.8981733657,11.291432,0,0,0,0,3.91973,0,0,0,0,0,0,0,0,0,0,0,0,49.17131,0,0,0,0,0,0,0,0,0,0,0,0,0,0,0,0,0,0,0,0,0,0,0,7.59145,0,0,0,0,0,0,0,0,0,0,0,0,0,0,0,0,0,0,0,0,0,0,0,0,0,0,0
"SRR13614426",14.9536,14.97663,4.8025,19.73544,115.346638,26.144366,14.96042,771.714284447501,5.299,27.965311,317.145473,1.26794,42.01885,79.012161,344.180607,32.970531167,336.548755,601.797983072,35.080359,4.45533,933.073480129999,137.337162,55.95078,6518.20968225874,1713.5910142,41.498632,0,128.78592,140.927181,1269.3597776,994.7866937,445.1942734,345.431393,1296.12062062094,127.261369,1056.235325,314.190707,0,3490.85268881864,5522.69168805649,6.34814,0,0,3.333042,1.52417,0,0,7.87422,0,0,0,0,1.2541,0,0,0,7.09107,0,0,0,0,0,0,0,0.502734,0,0,0,0,0,0,0,0,0,0,0,0,0,0,0,0,0,0,0,0,0,0,0,0,0,0,0,0,0,0,0,0,0,0,0,0,0,0,0,0,0,0,0,0,0
"SRR8320992",0,10.998831,2.75284,32.524376,73.46893,19.097541,9.195635,424.939911035,3.797995,14.13507,275.087899034985,0,17.40415,40.741201,437.267164,30.017171,315.156360357,413.482411110637,13.626973,1.534075,713.915283,99.157067,104.457645,5286.873964169,1714.62621841786,18.530918,7.85715,72.573505,102.558384,922.944366581117,634.79284152,422.7112,347.020113983,1030.75042602018,26.74932,829.945707571993,316.571394,0,3657.35338039069,4704.98068971331,8.75568,0,0,3.244096,0,0,0,0,2.8353,5.710847,1.09453,0,3.66282,0,0,0,10.60926,0,0,0,0,0,0,0,0,0,0,1.22916,0,15.120014,0,0,0,0,0,0,0,0,0,0,0,0,0,5.60882,2.746539,0,0,0,0,0,0,0,0,0,0,0,0,0,0,0,0,0,0,0,0,0,0,0,0,0
"SRR13614433",5.96497,3.704586,5.119845,32.50859,256.0589019209,22.98848,15.563551,1538.58421611819,4.27724,17.56638,296.442216,26.756356,91.0707,82.586363,378.759146,18.64037,318.114516,612.929985404629,9.09304,28.90373,1195.75887243,196.187002,135.437946,8528.85831403081,2464.395114,23.87868,12.72673,55.274416,170.534691,1418.43485912834,1239.470522,811.663834,456.110096012025,1603.123912,0,1461.5350575069,784.269387973008,0,4610.20015836876,8403.2557255481,19.88204,0,0,0,379.352000005161,0,0,4.58034,0,0,0,0,1.12827,2.89801,0,0,47.112869,0,0,0,0,0,0,0,0,0,0,3.11703,0,2.48215,0,0,0,0,0,0,0,0,0,0,0,0,1.73455,0,0,0,0,0,0,0,0,0,0,0,0,0,0,0,0,0,0,0,0,0,0,0,0,0,0,0
"SRR13614432",4.98094,14.76008,3.21751,22.844172,144.67248489,23.47171,18.611601,512.194441,4.41246,15.288785,208.1413007,6.57425,84.46735,48.676459,371.749047,43.012062,354.298818,572.0997230264,20.04729,11.505908,1156.98875302169,146.2185819,158.303576,5456.38786489397,2015.003572558,81.749839,10.43246,124.60602843984,109.342656,1387.83742061918,707.560353327249,446.479997,488.684557,1059.012358,125.463409,1271.22015621,98.54865755,0,5019.88414551695,4604.39601030103,23.40938,0,0,0,37.03419,0,0,7.54447,0.758158,0,1.4112,0,1.99688,0,0,0,30.526998,0,1.8242,0,0,0,0,0,1.15328,0,0,0,0,6.412986,0,0,0,0,0,0,0,0,0,0,0,0,0,0,0,4.01246,2.46188,4.45063,0,0,0,0,0,0,0,0,0,0,0,0,0,0,0,0,0,0,0,0,0,0
"SRR13614431",1.58298,0,6272.64454409414,0,125.630141,0,6.20898,181.87832,0,117.1312,51.86065,2.17065,9.47344,19.16106,60.4677,19.22782,84.65349,741.623767,0,0,161.63318,2463.16792725795,41.21127,1698.72146934,753.150009,155.90653,0,12.0468,22.34251,489.09791,216.79308,150.87194,1470.8426868802,1588.7258867,16.22592,1439.170588,158.8509,0,1975.95402329931,9730.61901938113,0,0,0,0,0,229.04248,0,0,3.67424,19.86556,0,0,0,0,0,0,0,0,0,0,0,0,0,0,0,772.73825,0,0,0,0,0,0,0,0,0,0,720.289,0,0,0,0,0,0,0,0,0,0,0,0,0,0,0,0,0,0,0,0,0,0,0,0,0,0,0,0,0,0,0,0,0
"SRR11128566",298.517927407,5.54115,13638.9673941568,37.822824,181.621214,4.941071,26.924803,94.1284050032881,0,117.229944,67.197606,1.05839,3.32932,19.300201,163.357819,29.839559,76.303486,1246.86172614777,0.765311,1.39438,138.603125,3419.08108038938,8.826289,1133.906586,509.488795,14.819588,2.450335,24.598783,29.8588,274.687163,220.353459,78.480334,2132.38694816,1221.34759185,4.856857,1087.9767567497,76.8278,0,3456.2326924,7346.95092185986,2.11517,0,1.397359,0,2.09603,104.383578646465,0,1.28184,0.880783,37.305432,1.30157,0,1.38745,0,0,0,3.510625,0,1.04388,0,0,5.201448,0,0,0,0,0,0.900559,0,5.72301,0,0,0,0,0,0,0,0,0,0,0,0,0,0,0,0,0,0,2.90415,0,0,0,0,0,0,0,0,0,0,0,0,0,0,0,0,0,0,0,0,0
"SRR13614430",0,3.897497,1972.21793208054,17.884794,157.766812,6.281128,0,174.43196,1.58427,77.7770428,88.661773,4.378262,5.23843,10.266323,83.128999,5.732715,137.229377,452.046961,4.20111,0,151.049228,1100.49859189601,54.851755,1540.8901693,571.78777765132,22.770175,0,25.502831,24.453881,353.8905936,180.741371431,123.260874,633.1573398931,629.56310557,22.931766,623.1506037,43.990907,0,920.366100685323,2369.83186758005,0,0,1.20971,0,2.32812,8.507971,0,0,0,6.077368,0,0,0,0,0,0,0,0,0,0,0,0.97152,0,0,0,0,0,1.96059,0,0,0,0,0,0,0,0,0,0,0,0,0,0,0,0,0,0,0,0,0,0,0,0,0,0,0,0,0,0,0,0,0,0,0,0,0,0,0,0,0,0
"SRR13614429",2.40677,13.93196,3.535212,16.58439,37.168455,4.753449,5.15267,705.509566172763,1.92497,55.13659584,110.842697,2.73314,32.43135,45.820722,168.41679447683,16.783077,105.729439,277.599661,1.84612,7.2278,335.974986,193.728813,30.540251,2902.55613549095,950.382659405195,34.724996,4.408457,32.609748,49.522067,595.232088511,357.9896273,255.669364,172.073605004041,677.9154805166,67.168273,488.6378347,195.752598,0,1517.29435426816,2478.32828387969,4.42533,0,0,0.734997,0,0,0,0,0,0,0,0,1.42062,1.71196,0,0,3.4101127,0,0,0,0,0,0,0,0,0,0,0,0,0,0,0,0,0,0,0,0,0,0,0,0,0,0,0,0,0,0,0,0,0,0,0,0,0,0,0,0,0,0,0,0,0,0,0,0,0,0,0,0,0
"SRR13614428",0,7.8772,2.84805,7.11508,43.60883,4.770439,20.3202,644.388133006196,5.28647,24.18843,363.44123770006,7.84602,107.3829,20.65767,249.064104,8.91921,308.204406,345.607364,6.06068,0,997.501114,43.22958,17.83315,5851.9609497906,1928.53893428023,72.13461,0,38.36305,89.784079,1020.104626548,841.83411418072,861.882871,292.65281,924.059812,4.71273,887.918389,595.3596736,0,3962.3827438144,5280.2297509512,14.82894,0,0,0,0,0,0,0,0,0,0,0,0,0,0,0,25.55665,0,0,0,0,0,0,0,0,60.310191,0,1.56239,0,18.26148,0,0,0,0,0,0,0,0,0,0,0,0,0,0,0,0,0,0,0,0,0,0,0,0,0,0,0,0,0,0,0,0,0,0,0,0,0,0,0,0
"SRR13614424",0,37.37243,1550.0232492278,51.94358,327.882254,7.54786,24.69182,1361.72412017,3.62246,75.088288,536.366878,11.25506,38.19733,118.190615,460.128825,13.17212,887.52113781,558.74988609705,48.68375,2.69485,1005.5990097,538.310501,131.763277,10041.418857396,4106.7524756,376.586330604191,5.76225,144.131330744,110.27584,2684.28860150074,1446.52885,699.853593,976.07949503035,1618.08819702026,285.817934,1270.95392989282,847.36299,0,6633.45236630527,8832.52901720779,12.32079,0,16.9628,11.99866,0,1.15281,5.87046,0,4.81821,9.30046,0,0,0,10.16536,0,0,0,0,0,0,0,0,0,0,0,10.11161,0,0,0,189.936242,0,0,0,0,55.09716,0,0,0,0,0,0,0,0,0,0,0,0,0,0,0,0,0,0,0,0,0,0,0,0,0,0,0,0,0,0,0,0,0,0,0
"SRR13614423",0,12.2926,1073.62058539629,14.58145,104.337387,4.37771,1.88245,341.645694,2.18738,74.847266,138.852961,3.166546,3.61806,41.048876,164.56139,17.526326,208.340309,409.05198008,12.157996,1.33033,288.9852842039,668.140836039094,78.68066,2840.583401,967.902867,29.0962,1.84602,22.025926,36.270214,583.930773,555.35507382,159.881132,551.165572903979,969.703596007623,145.52934,578.194078,186.66944,0,1788.456112,2886.5564832043,0,0,0,0,2.0613,13.165267,0,0,0,1.36777,0,0,0,0,0,0,0,0,0,0,0,1.28188,0,0,0,0,0,0,6.17091,0,0,0,0,0,0,0,0,0,0,0,0,0,0,0,0,0,0,0,0,0,0,0,0,0,0,0,0,0,0,0,0,0,0,0,0,0,0,0,0,0
"SRR13614447",7.98492,12.0522,1461.29364875747,0,11.78293,0,0,384.06414,0,301.65601,295.0669,0,10.7731,8.552256,67.83917,16.95783,163.12029,1365.750449,0,11.96364,226.7914,2245.64222,55.34258,2556.138209,711.38757,0,2.36916,35.23348,23.72704,561.50148,276.974064797,132.50223,1264.12925197513,1574.5647892536,0,1416.975220624,40.5077,0,1156.5491327,8128.95102933201,0,0,0,0,9.52747,92.32146,0,0,0,0,0,0,7.29189,0,0,0,6.46447,0,2.5854,0,0,0,0,0,0,4.60507,0,0,0,5.14844,0,0,0,0,0,0,5.15564,0,0,0,0,0,0,0,77.37638,0,0,0,0,0,0,0,0,0,0,0,0,0,0,0,0,0,0,0,0,0,0,0,0,0
"SRR8318947",7.06191,46.98649,1007.6887936723,40.06826,206.75847,11.9281,11.65741,3381.15959364299,2.45698,227.055757,180.196004,0,25.89984,71.568701,359.192215,37.695481079,748.873910005838,1525.75374360482,51.58098,2.65153,596.627663034542,1873.18305170872,105.983713,9540.29637794275,2895.91669792121,10.53405,8.81917,142.188114,81.096456,2481.40232527401,1470.75656122646,518.5433382,1524.008495081,1872.63241057347,900.8236,1652.89187672018,778.151101,0,5186.53228661931,10501.248407675,4.46444,1.17262,1.42437,2.74618,16.8243,34.396849,0,0,0,22.368996,0,0,9.352007,0,0,0,4.164041,7.99719,1.80866,3.47037,0,0,0,0,2.51986,0,0,1.90569,0,11.996499,0,0,0,0,0,0,0,0,0,0,0,0,0,0,31.71324,0,0,0,0,0,0,0,0,0,0,0,0,0,0,0,0,0,0,0,0,0,0,0,0,0
"SRR13614446",0,34.5616,0,49.69657,105.56267,50.29666,18.30099,3402.9971644037,0,17.25419,558.009252,22.82082,169.40686,109.8282,471.033978053383,98.1267,511.931948,888.01067,2.9459,0,1891.7609222,114.40299,182.6681,10456.4355921923,3981.3406070766,360.5432,6.83059,96.3478,191.47949,2504.0252538,1464.878071103,1497.28919142319,471.7467795461,1775.9704303282,96.11905,3164.398523,1209.952018,0,7529.24722377394,11371.8352313392,32.92159,0,0,4.67303,7.00642,4.97976,0,7.08395,0,0,0,0,0,0,0,0,0,0,0,0,0,0,0,0,0,0,0,0,27.73859,0,0,0,0,0,0,0,0,0,0,0,0,0,0,0,5.54403,0,0,0,0,0,0,0,0,0,0,0,0,0,0,0,0,0,0,0,0,0,0,0,0,0
"SRR13614445",3.74523,0,0,7.22126,10.85816,0,0,1012.6951702,4.38877,2.43474,322.58328025705,0,79.965786,4.63472,203.3863621,4.89715,615.43769,416.304860006369,5.63632,2.05194,956.447867826095,76.32158,131.22497,4332.02842126328,1487.69566024188,292.37868,6.43939,12.4818,57.19844,999.122685689801,335.476761,455.26483,417.29071,1487.69336662761,7.96315,814.264642815,97.835,0,2742.2371876224,3918.19841759914,4.68119,0,0,0,43.50312,4.12356,0,0,0,0,0,0,0,0,0,0,0,0,2.17079,0,0,0,0,0,0,0,0,0,6.1548,0,0,0,0,0,0,0,0,0,0,0,0,0,0,0,19.67874,0,0,0,0,0,0,0,0,0,0,0,0,0,0,0,0,0,0,0,0,0,0,0,0,0
"SRR13614443",0.906022,5.32646,1.756144,3.00286,91.937049,9.338878,35.325587,358.182866832,6.81113,50.6534515,163.1644229,7.317632,45.264514,35.71226647,189.3487091,19.88965,341.812414002881,419.519691545,41.857296,3.4315,537.8170077,460.4926374,108.580242,3431.06584118634,1265.68120739654,36.920711,2.345277,62.89456,39.487719,749.07612823281,390.093379,243.543503000621,323.32914562,917.79984439,77.757222,720.208917888671,4.250076,0,1984.56185062511,3075.33699479195,0,0,0,0,21.456272,0,2.12568,4.03497,0.456787,0,0,0,0,114.9119073,0,0,13.258116,0,0,0,0,0,0,0,0,0,0,0,0,12.365811,0,0,0,0,0,0,0,0,0,0,0,0,0,3.20667,4.613601,0,0,0,0,1.93063,0,0,0,0,0,0,0,0,0,0,0,0,0,0,0,0,0,0,0,0
"SRR13614440",0,31.74394,1924.68176760268,12.122961,168.76806,2.728607,11.03191,662.5485102,1.60762,70.987533,86.428912,1.61134,23.817267,35.508462,143.038593,16.11302,406.23787478,371.40864,18.942619,1.83512,268.160911,804.2171761199,86.046963,2675.2814515396,1172.31499650793,117.227932,5.15422,36.5838,26.9470210087768,904.040612820001,342.54232,218.598879007692,739.13003719,978.0219438,263.652008,733.350103627,85.3180700001294,0,1626.44838786837,3578.99732329854,3.352143,0,0,0,1.20105,19.699527,0,1.8005,0,13.449134,0,0,0,0,0,0,0.884684,0,0,0,0,0,0,0,0,0,0,0,0,1.0608,0,0,0,0,0,0,0,0,0,0,0,0,0,0,0,0,0,0,0,0,0,0,0,0,0,0,0,0,0,0,0,0,0,0,0,0,0,0,0,0
"SRR13614438",1.03427,10.486586,3845.09185676151,92.040954,122.444641,14.639945,9.146002,726.7972482903,0,142.347757,305.708831,28.99054,87.3222,125.046859,561.169579361275,59.6333746,436.301816002169,1570.92702163188,7.10358,0,1073.20551044,1948.59314202575,136.644798,10014.8727142352,2917.05929330065,186.50688,6.530917,84.284151,212.703761,2845.078859,1280.240748,668.927854,1430.41386343407,3287.58650782997,34.009507,1681.86860922904,455.918,0,5128.84396649278,9550.85153409727,4.828384,2.01459,0,2.81995,1.95702,4.79705,0,0,0,12.698258,0,0,9.03486,0,0,0,0,0,3.21191,0,0,0,0,0,2.21708,0,0,0,0,0,0,2.46493,0,0,0.779816,0,0,0,0,0,0,0,0,0,10.628167,0,0,0,0,5.2167,0,0,0,0,0,0,0,0,0,0,0,0,0,0,0,0,0,0,0,0
"SRR1145776",21.5551,31.16875,1953.6517713789,10.379891,113.630074,9.250151,7.735847,868.059161,0,75.079785,215.70553,3.1779,187.02748,73.742736,140.51027787031,20.76575,307.957185,1133.905577176,28.507151,7.335466,894.321836,923.038325599999,65.109087,5277.06003463833,1775.250977,2648.11123,4.22038,93.40823,61.542462,1077.84064,681.552343,400.440704,1137.00066602888,5612.921202,154.952821,843.568009976583,249.34949,0,2895.953028,6065.14236978746,0,0,0,0,0,7.10067,0,0,2.52164,0,0,0,0,0,0,0,0,0,0.929037,0,0,0,0,0,1.49296,4.35258,0,0,0,0,0,0,0,0,0,0,0,0,0,0,0,0,0,0,2.0548,0,0,0,0,0,0,0,0,0,0,0,0,0,0,0,0,0,0,0,0,0,0,0,0,0
"SRR13614435",1.9922,0,2.72535,0,175.76985,36.47695,4.96765,1693.05104248556,6.23913,8.6653,338.26422,9.24081,50.01575,70.04183,430.28855,5.12266,665.25928,937.427056,0,5.10028,1468.805633546,45.2867600197703,378.45483,9648.82885582645,4368.61091792809,265.19493,15.3747,83.50791,199.9943,1758.90773291844,1750.30263,1343.6639582,314.11203,1606.29978200734,14.03456,2233.83684922295,2061.97404,0,9681.91174695052,15200.52749646,24.85964,0,0,0,35.26838,0,0,0,0,0,0,0,0,0,0,0,0,0,0,0,0,0,0,0,0,0,0,7.02822,0,0,0,0,0,0,0,0,0,0,0,0,0,0,0,0,0,0,0,0,0,0,0,0,0,0,0,0,0,0,0,0,0,0,0,0,0,0,0,0,0,0
"SRR13614434",6.31386,1.78855,7.29016,5.604899,40.42663,17.396199,34.33408,739.362291,8.01647,17.146738,179.19536150701,9.526177,62.0942,37.880142,181.305911,37.91658,237.797556,278.843451,0,47.25759,646.788722176188,98.2636802169188,87.028015,4543.36002262386,1116.9781084442,56.420811,4.43898,64.639829,136.119395,1027.07680441569,496.69232107,333.51636719,180.0181703,1491.5262629921,27.76815,719.409682,261.695237,0,2204.28006314409,3644.2275713207,5.04475,0,0,0,82.53063,0,0,69.534855,0,0,0,0,0,0,0,0,0,0,0,0,0,0,0,0,0,101.17052,0,6.42069,0,28.19995,0,0,0,0,157.66247,0,0,0,0,0,0,0,0,0,0,0,0,0,0,0,0,0,0,0,0,0,0,0,0,0,0,0,0,0,0,0,0,0,0,0
"SRR13614437",125.4269,23.8919,0,1.83923,55.62841,13.92683,53.7357,1793.19389001165,11.983,5.8284,443.896224,17.27031,58.12809,473.50194,552.10262724858,16.46093,567.114525,601.428636,0,7.95244,1619.753656978,116.34432,158.64146,10215.6577226657,3038.38773101006,154.5726,0,49.82279,207.79644,2648.1860382,877.92142138,1190.4054,275.4951,1067.8653,2.66372,2020.36218,690.347476,0,6614.96101777687,10745.0939916824,0,0,0,0,65.28811,0,0,0,0,0,0,0,0,0,0,0,7.24399,0,0,0,0,0,0,0,0,0,0,0,0,0,0,0,0,0,0,0,0,0,0,0,0,0,0,0,0,0,0,0,0,0,0,0,0,0,0,0,0,0,0,0,0,0,0,0,0,0,0,0,0,0
"SRR14868533",18.56331,218.9699,30.24322,79.98706,513.755714,96.3647,34.07139,6758.123308651,27.68192,50.89385,4364.82137,0,226.627,561.25258,1774.70674,68.58107,842.96757,2325.34149,70.5545,34.85148,3948.553242,185.336032,148.15171,22682.6704065015,7925.59945900001,88.4912,26.67248,341.83108,457.00556,5139.589505,2381.41035,1253.74194,1465.2261947,5840.79255306556,4360.24547,4855.335343907,694.1112082,0,15038.3703603,21323.664736,30.096206,0,0,0,0,0,0,63.37182,0,0,0,0,82.6337,0,0,0,67.72344275361,0,4.81588,0,0,0,0,0,10.77822,0,0,0,0,48.73152,0,0,0,0,0,0,0,0,0,0,0,0,0,0,5.03389,0,0,0,0,0,0,0,0,0,0,0,0,0,0,0,0,0,0,0,0,0,0,0,0,0
"SRR5031247",251.27031,0,5.78084,184.9088,36.92546,599.82054,0,2084.34024,13.53227,45.00849,5891.439262,9.6192,855.40304,88.061967,1179.57414,38.3427207,1742.66916,2334.09762,185.826329,0,24671.252055,119.46757,138.53163,34237.9845144932,8954.455553,663.146365,0,574.21715,438.144608,42044.7997568718,3276.413959,1402.8239,38840.4256,5402.613258,0,2660.2010037,3.61465,0,12792.2187708075,45418.2737265574,25.50908,0,0,0,19.8593,4.91964,0,8.38156,5.02359,0,0,0,0,0,0,0,0,0,0,0,0,0,0,17.1331,0,0,0,8.07053,0,0,0,0,0,0,0,0,0,0,0,15.9867,0,0,0,0,9.63464,0,0,0,0,0,9.44422,4.20069,5.59525,0,0,0,0,0,0,0,0,0,0,0,0,0,0,0,0,0
"SRR5811960",33.37634,109.897727,128.088666,198.29253,992.493696,51.31666,40.867473,3687.0917222,16.1605,43.05127,730.107332,0,1267.050965,179.751479,1607.42407598,58.296379,1486.049436,1959.3538583,128.061632,10.696942,2840.36637380153,267.8220434,96.82678,33079.0116299398,12261.8958276368,54.52337,17.48686,292.605752,296.48286,7640.44300935201,2675.86988117109,4839.68286318292,1078.39661012112,5772.76715242128,6967.459615421,6666.33551397945,38.905,0,26643.875484213,18570.419501167,15.1709,0,0,0,4.40575,5.112527,0,0,13.77324,7.83508,0,8.598575,17.5147,0,0,0,0,0,0,0,0,0,0,32.7847,0,0,0,0.604401,0,0,0,0,0,0,0,0,0,0,0,34.7239,0,0,0,0,0,0,0,0,0,0,0,0,0,0,0,0,0,0,0,0,0,0,0,0,0,0,0,0,0,0
"SRR1611565",0,84.055976,211.93699074848,172.4123791,531.261697663,46.46761,28.72143,1387.8896683,30.35937,50.07231,871.591297,0,200.666,266.11201,1799.5695957462,28.43953,1053.44308408043,2014.735866,106.162583,9.80717,1537.7517754,236.84257126,179.729635,22100.7372256996,8679.22522184143,62.6795,2.93256,528.81908,419.04493,6884.30085658165,3791.73730758792,3105.885776,860.017798322,3044.6797148615,158.632936,4533.43858805803,4.01955,0,11116.538322159,19779.5720963803,47.6735236,0,0,0,26.14199,50.9831,0,5.31272,0,0,0,0,0,0,0,0,0,0,5.42887,0,0,0,0,0,0,0,0,10.7985,0,0,0,0,0,0,0,0,0,0,0,0,0,0,6.79525,0,0,0,0,0,0,0,0,0,0,0,0,0,0,0,0,0,0,0,0,0,0,0,0,0,0,0
"SRR1611566",1.37371,62.9812,126.154094021991,170.19509,101.365206,45.700267,13.399013,934.26481438842,12.99227,93.634379,358.365321,0,27.8823,167.973568,801.578176,24.77268,444.708117,1785.47888065418,98.465191,16.4227,1078.661479,505.8031143657,195.768057,12877.0130734217,4255.8051948944,19.354981,3.41128,170.84893,82.062489,2863.82371551389,1398.75186662027,803.345949,1022.5285409502,3197.16134234919,261.292798,2586.508182,0,0,5978.72784244,9135.02319922936,0,0,1.60707,1.79624,12.50127,19.775381,0,0,0,0,0,0,0,0,0,0,0,0,0,0,0,0,0,6.95733,0,2.74554,0,0,0,0,0,0,0,0,0,0,0,0,0,0,0,0,0,0,0,0,0,0,0,0,0,0,0,0,0,0,0,0,0,0,0,0,0,0,0,0,0,0,0,0
"SRR2131255",66.34318,21.74415173437,241.588174669026,77.702308,108.922782,37.0336175,14.74487,499.466494002242,8.57893,52.56136,639.230474,5.00228,515.6126,69.155111,1641.437038,22.24483,585.676253,987.71966273872,17.69634,15.65158,2301.3674489,231.748278002625,149.641538,9699.67125725465,4527.1935234592,46.218428,6.13148,158.819855,192.332542,3207.787271,1353.6244843076,971.36569,1488.53622135,3371.97802200143,154.683757,2611.81762488138,0,0,6723.30543606868,9408.8613327195,22.7311,8.89987,0,0,15.17413,3.65205,0,0,0,59.37906,0,0,0,0,0,0,0,11.72293,0,0,0,0,0,0,0,0,0,6.61941,0,0,0,0,0,0,0,0,0,0,0,0,0,0,0,0,0,0,0,0,0,0,0,0,0,0,0,0,0,0,0,0,0,0,0,0,0,0,0,0,0,0
"SRR5311041",100.72633,1.15894,0,330.0752,2178.6771004,30.37942,298.464159,17307.7937540614,59.397353,14.66409,1396.38242400033,0,1539.7115,1039.503995,3290.52311841831,431.985003,3706.47943900022,5236.14535196741,677.678988,16.9396777,5132.82338060891,64.8608652,957.406082,58211.8246918642,20376.3487995743,247.8852392,0,424.493684,1144.87785726346,17338.9900221704,4611.6034008,6661.644391,2552.68014718,9730.90945786901,186.720132,11037.2145595,100.017549,2.404446,35590.2109234864,39129.2816710285,31.900573,0,0.505437,0,160.85847,0,0,0,66.449001,0,0,0,0,0,0,0,0,0,0,0,0,0,0,0,0,0,0,7.333065,0,0,0,0,0,0,0,1.39764,0,0,0,0,0,0,0,0,0,0,0,0,0,0,0,7.17913,0,0,0,0,0,0,0,0,0,0,0,0,0,0,0,0,0,0
"SRR8674649",35.32131,0,0,39.19442,6240.09442872097,30.30846,133.25473,33870.10731,43.55707,0,6224.64653,15.0874,2663.99,654.156089,1387.42223,246.24669,2213.301016,4550.32363,667.04208,8.91595,4154.844213,0,543.40595855,34988.4340486392,14702.3975770523,103.81784,0,228.92258,318.26448000195,19885.66134,3288.136436,4348.11961,1488.5721,4590.85309,180.010226,5746.582118,0,0,26491.9171451433,28807.52573297,40.88737,0,0,0,34.5245,0,0,0,20.5788,0,0,0,0,0,0,0,50.58655,0,0,0,0,0,0,0,0,0,0,10.03404,0,0,0,0,0,0,0,0,0,0,0,0,0,0,0,0,95.9975,0,0,0,0,0,0,3.27197,0,0,0,0,0,0,0,0,0,0,0,0,0,0,0,0,0,0
"SRR5819939",25.486231,0,0,108.25622,4115.043428,12.8997,325.38179,28045.168025,81.4874,0,2098.25288,21.6684,1861.78,1375.178608,2680.75797,287.96906,3823.123955,6205.93925,709.49814,10.20785,4970.76846,2.88725,860.43387,50893.9875253755,21040.786005126,178.74216,0,566.81363,482.90346,18026.148199662,4831.66840414641,7631.504354104,1936.98655562,5610.830973,465.73447,6978.03150732335,0,0,40002.7488607007,36644.8733027213,40.99983,0,0,0,2.01388,0,0,0,30.8786,0,0,0,0,0,0,0,104.12619,0,0,0,0,0,0,0,0,0,0,1.00208,0,0,0,0,0,0,0,0,0,0,6.20998,0,0,0,0,0,0,0,0,0,0,0,0,0,0,0,0,0,0,0,0,0,0,0,0,0,0,0,0,0,0,0
"SRR11928673",1462.0003,0,600.793826400307,1008.63419,399.045112,144.38982,1.49555,2866.85117037363,27.41843,48.1542,2080.30513,7.37077,694.73211,95.1977136,547.770511511,60.568512,1451.508865,1388.6132484735,81.24691,19.39353,2405.963762,410.781549,75.7526,22528.1696590242,7077.02960973853,51.56734,8.41254,70.737323,327.350932,6915.87333026102,2431.88155115743,1260.440706,944.40399200685,5331.1577364241,2147.349561,3193.26445116374,43.76548,0,10734.4824956186,18853.6658872462,8.913609,0,0,0,2.24594,2.02031,0,0,11.5149,0,0,0,0,6.48038,0,0,0,0,0,0,0,0,0,0,0,0,0,13.53456,17.82348,0,0,0,0,0,0,0,0,0,0,0,0,0,0,0,0,0,0,0,4.03647,0,0,0,0,0,0,0,0,0,0,0,0,0,0,0,0,0,0,0,0,0
"SRR11928790",0,0,440.620528,1080.82951,358.12817,112.713,0,1926.54919,0,2.04666,4198.87136,0,1425.518,13.61072,423.22223,20.7772,389.71708,2377.763063,14.2117,0,2645.262888,565.04442,3.38222,22044.8666928529,2593.867491,83.63073,0,52.67944,8.77973,8591.2031152054,2640.994261,357.0392307,848.28565207562,2013.568342,645.391055,1445.970722,0,0,3945.611174851,13345.8207189811,0,0,0,0,11.76863,0,0,0,3.33987,0,0,0,0,0,0,0,0,0,0,0,0,0,0,0,0,0,0,5.99208,0,0,0,0,0,0,0,0,0,0,0,0,0,0,0,0,0,0,0,0,0,0,0,0,0,0,0,0,0,0,0,0,0,0,0,0,0,0,0,0,0,0
"SRR11928785",0,0,365.9863882502,674.579166,593.298185,193.42108,10.61801,3177.8067937,0,41.22888,499.65946,0,431.11,95.96927,1327.03116083674,161.94676,725.37931,1457.00222379405,249.80078,12.25672,2572.3669557306,411.429813,25.16796,21437.547987996,3272.291676,11.88515,44.987825,76.85339,234.70018,5109.95843701032,1731.1008643,885.174044,1075.695529,3029.010348,1020.50474,2152.70520700623,0,0,7848.06747708962,17284.02319846,4.5706,0,0,0,8.62119,0,0,0,11.298,0,0,0,0,0,0,0,0,5.42117,0,0,0,0,0,0,0,0,0,0,2.6556,0,0,0,0,0,0,0,0,0,0,0,0,0,0,0,0,0,0,0,0,0,0,0,0,0,0,0,0,0,0,0,0,0,0,0,0,0,0,0,0,0
"SRR1980045",0,0,515.91408,130.7326,62.23926,20.0484,68.9798,996.99342,15.1529,29.37332,881.08553,0,211.941,121.01756,1074.57546,29.04057,1112.99477,1782.48778,80.75514,25.81406,2929.563775,94.72781,115.93595,23450.970443,7174.196678,124.44716,10.1508,120.24939,371.39748,4476.42692,1975.08081,1285.33759,991.27728,2910.900046,12.3617,3165.070495,15.0514,0,12639.75834411,17723.6365916486,13.1053,0,0,12.9135,16.15722,0,0,0,9.64032,0,0,0,0,0,0,0,0,0,0,0,0,0,0,0,0,0,0,0,0,0,0,0,0,0,0,0,0,0,0,0,0,0,0,0,0,0,0,0,0,0,0,0,0,0,0,0,0,0,0,0,0,0,0,0,0,0,0,0,0,0
"SRR8592701",0,0,299.93001,149.58462,69.2326,155.5942,0,1504.19624,0,7.1435,590.10255,21.895,226.53,63.97207,794.12416,45.192,672.50362,1466.20347,204.95242,18.6783,2772.29866,103.66935,2760.50217,21736.64123,5876.78795,223.2772,6.94011,237.55415,172.418,5759.06923,1644.1617,1228.66839,838.58884,2156.05669,1890.33046,3681.69956,24.9842,0,8654.00116999999,13143.73222,0,0,0,0,0,0,0,0,101.212,0,0,0,0,0,0,0,0,0,0,0,0,0,0,0,0,0,0,78.6781,0,0,0,0,0,0,0,0,0,0,0,0,0,0,0,0,0,0,0,0,0,0,0,0,0,0,0,0,0,0,0,0,0,0,0,0,0,0,0,0,0,0
"SRR8886798",139.39739,0,0,54.391352,400.999612,483.187332,114.86539,567.938456905,23.5814,35.43715,3102.420165,28.4284,183.50271,270.15951,879.402399,69.7075,1949.5062004,2996.55689211134,323.17678,26.273652,4032.8656908,92.43461,547.679612489,36774.7345950718,11085.7578764238,98.353326,30.4334,252.387881,786.566792516,8065.72108407059,3727.187964,3259.39836614626,2242.34854304067,3940.087763,23.9406,7943.87149175761,0,0,29493.046624629,28021.1164657867,88.766226,0,0,22.409383,2.81005,5.70066,0,0,0,0,0,6.76587,4.06266,0,0,0,0,0,0,0,4.21783,0,0,0,0,0,0,21.08492,8.15166,0,0,0,0,0,0,0,0,0,0,0,0,0,0,0,0,0,0,0,0,0,0,0,0,1.46423,0,0,0,0,0,0,0,0,0,0,0,0,0,0,0,0
"SRR10992330",1021.6934759048,0,0,62.186789,50.3154,14.9904,11.772952,191.05402,43.339343,25.12226,339.01995,15.382137,39.70529,528.894777,272.814323159,2.686842,1737.356029,763.160717,30.85414,8.24392,851.570428,49.97537,393.887165,7318.63618233561,20759.5258433391,28.6531,0,28.86798,142.81090038858,1797.43730002021,982.05073466,3128.3094686422,888.91466816221,1148.4858625,1.78314,2306.57519,0,2.6743,84184.2583697127,12181.6729007392,14.3401,0,0,28.16333,8.99728,2.82651,0,0,0,0,0,0,0,0,0,0,8.01456,0,0,0,0,0,0,0,2.53817,0,0,0,5.33781,0,0,0,0,0,0,3.54818,0,0,9.0393,2.3486,0,0,0,0,0,0,0,0,0,0,0,0,20.7635613,3.76595,0,0,0,0,0,0,0,0,0,0,0,0,0,0,0,0
"SRR2394941",74.58554,0,2.201387,144.722406441,32.153251,71.436825,7.875311,330.121135,9.985034,289.775808200185,258.596534,28.101405,246.24623,139.374953,565.078824,0,334.319146,782.0057356,30.393707,4.028574,1011.089154,1035.81195216,68.29334,10193.2801814856,2759.5857624868,82.93584,4.48271,66.649473,95.400131,2720.2656377,1249.89520734241,552.55544196,859.079611202,2462.7544755,221.455968,5496.5609757289,0,2.20646,4154.75760456581,11308.2420987409,4.22071,0,2.00731,7.5326,4.62485,8.34234,0,0,0,0,0,5.8638,0,0,0,0,1.93908,0,0,0,0,0,0,0,0,0,0,0,0,0,0,0,0,0,0,0,0,0,0,0,0,0,8.9072,0,0,0,0,0,0,0,0,0,0,0,0,0,0,0,0,0,0,0,0,0,0,0,0,0,0,0
"SRR1166532",0,0,0,535.5368,106.12894,198.0257,33.8681,737.0121,0,0,1628.5447,115.0949,852.126,144.3435,1047.18787,75.8582,1040.52704,2545.83351,217.68014,0,2335.33143,0,236.6711,21734.884589604,7778.07872552081,153.07882,0,96.1988,141.298,6054.92454,2646.59702,1759.9819,1563.90006,5936.73739,603.3324,8216.304858,89.6387,0,10245.0812,20969.8770910423,16.66,0,0,0,0,0,0,0,0,0,0,0,0,0,0,0,0,0,0,0,0,0,0,0,0,0,0,0,0,0,0,0,0,0,0,0,0,0,0,0,0,0,14.0551,0,0,0,0,0,0,0,0,0,0,0,0,0,0,0,0,0,0,0,0,0,0,0,0,0,0,0
"SRR4423080",296.9641593178,0,0,53.485459,197.903613,148.21006,308.751151,779.915358,79.7851200754665,4.7456,4074.254207,28.00654,230.701889,926.271182,1347.4284009,22.6169,2425.2479010437,2453.077737,49.93663,13.163349,5011.8320018,194.746638,521.447671,39524.80634926,17768.2928417153,157.43002,2.87071,246.6585,744.660116,8008.91481259233,4505.7244408983,3885.158733,2949.510751,3677.22987722803,0,14684.0659671606,0,2.85644,30455.7628499153,31383.8791918707,24.091416,0,16.29407,12.95997,0,13.245734,0,0,1.20816,0,0,0,0,0,0,0,10.766697,0,0,0,0,0,0,0,0,0,0,4.06185,0,0,0,0,0,0,0,0,0,0,0,0,0,0,21.1666,0,0,0,0,0,0,0,0,0,0,0,0,0,0,0,0,0,0,0,0,0,0,0,0,0,0,0
"SRR9670664",17.8411080143449,67.5116,1618.45730565,6.756078,32.52407,1.40213,0,3267.850428,1.82919,0,357.076601,0,25.28593,116.94758,415.541497,0,246.757615,979.3295544,0,0,2120.754303,222.535215,269.591016,12123.3660993259,4991.126785,6.646921,1.62756,36.38966,180.80222,2399.0331098,1009.675223,942.807844007607,1951.52644901758,3052.184033,1635.791036,1666.900612,0.789943,0,5018.80068756703,13853.1493788906,2.84107,0,0,0,0,53.432844,0,0,0,0,0,0,0,2.50918,0,0,0,103.556084442519,0,0,0,0,0,0,0,0,0,0,0,0,0,0,0,0,0,0,0,0,0,0,0,0,0,0,1231.613902,0,0,0,0,0,0,2.99327,0,0,0,0,0,0,0,0,0,0,0,0,0,0,0,0,0,0
"SRR1611567",2606.15181,22.1669,0,66.68011,380.6895,3.8637,3.12815,436.60044,0,17.23004,1058.60139,0,77.84938,69.94615,104.31349,0,1065.952256,346.525469,34.11487,0,886.0818,102.71419,184.7989,11245.3473363865,5312.51893,11.16868,10.989,39.5089,55.18578,3925.73664,918.00596,1777.17726,453.71015,1263.33702,237.755747,1843.36929654852,39.82985,0,22736.7363669668,34806.6548272229,0,0,8.42207,0,0,3.74823,0,0,0,0,0,30.28705,2.98098,0,0,4.44235,0,17.2114,0,0,0,0,0,0,0,0,0,0,0,0,0,0,0,0,0,0,0,0,0,0,0,0,0,0,11.14831,0,0,0,0,0,0,0,0,0,3.91158,0,0,0,0,0,0,0,0,0,0,0,0,0,0,0
"SRR2131688",40.92861,0,126.81366,95.2906,107.71163,30.5478,0,2066.53476565,0,101.8554,339.34232,0,145.478,80.3229,403.15652,0,372.4455,1047.41162,0,0,932.44173,156.59894,51.69808,7276.88967,2857.44347,75.9035,0,300.28189,71.04597,16664.63128121,1882.6429839774,745.12797,507.83618,1476.86628,96.07851,2576.87181,43.1405,0,5231.8800298,6199.982903356,0,0,0,0,13.14,29.12804,0,0,0,0,0,0,0,0,0,0,0,0,0,0,0,0,0,0,0,0,0,0,0,0,0,0,0,0,0,0,0,0,0,0,0,0,0,0,0,0,0,0,0,0,0,0,0,0,0,0,0,0,0,0,0,0,0,0,0,0,0,0,0,0
"SRR7962072",121.43333,99.8765,0,592.042368,1230.397785,138.63541,143.8231041,7756.133473,60.8335,0,5671.922972,263.5745,741.1465,632.579873,2069.69042,133.44612,3163.55898,3340.779522,164.171764,11.786,6636.0016224,8.901419,436.01529821,56432.0923920881,15686.88455984,162.954406,32.41953,248.721801,763.809347204085,11999.3537641681,4969.80622,3258.196743,2346.8202492,9344.71084274,677.816486,7624.230594,151.393913,0,29728.3941280337,33710.9580640339,8.62992,0,0,3.756043,739.491802,0,0,0,0,0,0,0,0,0,0,0,3.33003,0,3.994029,0,0,0,38.797852,0,0,0,0,0,0,0,0,0,0,0,0,0,0,0,0,0,0,0,0,0,0,0,0,0,0,0,0,0,0,0,0,0,0,0,0,0,0,0,0,0,0,0,0,0,0,0
"SRR12686548",0,875.003,0,748.94633,1159.69309,150.5561,35.21787,14872.187095,105.487,2.93442,2941.81343,182.92,1769.1679,645.48981,1496.43024,107.09213,1900.49693,3853.92001,26.56424,8.69411,4684.115841,15.6241,141.694026,52049.9975319999,23389.168894,202.6272,16.0232,1362.07344,933.77152,13724.09915404,7759.647661,5781.949951,2234.188441,9916.117022,622.8119,7864.277697,390.3886,0,33066.5603998934,41401.1537949707,89.17563,0,0,0,34.0182,0,0,0,0,0,0,0,0,0,0,0,0,0,0,0,0,0,0,0,0,0,0,3.03394,0,0,0,0,0,0,0,0,0,0,0,0,0,0,0,0,0,0,0,0,0,0,0,0,0,0,0,62.0158,0,0,0,0,0,0,0,0,0,0,0,0,0,0
"SRR10426064",0,441.226,31.697596,270.353105,978.351768103744,173.9313,497.95858,10690.759019,71.9071,2.555608,3576.81732,71.9216,2278.68317,1368.2145,1341.746849,90.156409,2076.842431,3227.163451,4.464215,5.8231,6683.204745,89.470145,239.7027,42566.921528043,18600.0313620035,185.277599,33.0875,342.831307,784.857196,8855.373737,9243.49935395,5822.630096,2331.2108731692,6943.69103023699,1018.56657,7224.561517,224.72331,0,29639.2303470401,43692.9334650879,46.3773,0,3.366823,0,24.02494,0,0,0,0,0,0,0,0,0,0,0,0.733908,0,0,0,0,0,0,0,0,0,0,0,0,0,0,0,0,0,0,201.914,0,0,0,0,0,0,0,0,0,0,0,0,0,0,0,0,0,0,0,0,0,0,0,0,0,0,0,0,0,0,0,0,0,0
"SRR10426062",0,487.253,37.781765,213.02865,705.096428418,182.277089,211.598542,4229.427022,43.6378,21.466955,3889.2743,0,1999.10434,701.728464,1146.805663,94.578909,1449.789545,2456.67328807,0,7.31488,3904.488961,168.72514,162.980271,40424.9623510685,13933.8055402,188.2256,31.7555,362.856505,595.513307,6806.296036,5382.7431072,3922.804697,2337.0147901,4592.88994253832,267.32983,5038.565326,246.0562,0,28150.739870641,27866.5830964361,36.7841,0,1.705668,0,11.006912,0,0,0,0,0,0,0,0,0,1.64436,0,0.408377,0,0,0,0,0,0,0,0,0,0,0,0,0,0,0,2.26173,0,21.18382,0,0,0,0,0,0,0,0,0,0,0,0,0,0,0,0,0,0,0,0,0,0.771817,22.0826,0,0,0,0,0,0,0,0,0,0,0,0
"SRR5197741",0,30.79806,0,124.62713,99.65668,32.3434,15.1094,1178.848765,6.27157,4.3679,583.40983,124.0866,753.0412,84.298741,461.20564,50.898658,456.45589,1284.154833,0,62.9042,1087.98271,43.94893,61.87194,9213.65989199999,4861.003222,26.82577,41.4328,202.16831,91.1907,5753.199042,920.10330746019,1158.149426,942.301928,3120.945105,161.39998,1260.586579,35.25424,0,6525.31313546466,7410.0287760959,7.11404,0,0,0,0,0,0,0,0,0,0,0,0,0,0,0,0,0,0,0,0,0,0,0,0,0,0,0,3.25798,0,0,2.2388,0,0,0,13.98514,0,0,0,0,0,0,0,0,0,0,0,0,0,0,0,0,0,0,0,0,0,0,0,0,0,0,0,0,0,0,0,0,0,0
"SRR13452041",412.316,459.51463,0,626.472997,1666.267882,294.95712,101.08952,10075.6826126209,71.03347,6.36409,3352.391254,0,489.66411,567.686709,1738.963956,876.764718,2873.559332,4060.69334,0,0,5004.900286,85.144582,337.424648,47157.9260206251,20463.17077582,167.7048,34.9127,429.122118,691.471647,12036.5370306636,6000.964089,4524.689788,2799.9997956,8759.59811975,1128.229254,5222.387459,142.53132,0,35314.7210358124,37582.1234383546,82.168205,0,0,0,20.226009,0,0,0,0,0,0,0,0,0,0,0,0,0,0,0,0,0,0,0,0,0,0,0,0,0,0,0,0,0,0,177.7985,0,0,0,0,0,0,0,0,0,0,0,0,0.873035,0,0,0,0,0,0,0,0,0,1.66478,0,0,0,0,0,0,0,0,0,0,0
"SRR15184123",212.89021,162.25607,0,358.57587,974.719004,297.18297,36.861004,4629.026914,23.5302,6.13911,3090.846037,7.41139,2256.73594,322.33319,679.108867,125.365355,1934.42861,4261.43941,55.195926,4.99981,4836.813678,58.15753,150.08304,32743.21132133,15836.65434215,85.77264,11.33408,237.82795,233.20615,9730.89742499999,7598.5130001,3245.446579,3138.542424,7969.638673,355.013909,4370.093766,126.5672,0,26497.58980799,30653.6329641,18.8121,0,1.87958,0,5.49784,0,62.502327,0,0,0,0,0,0,0,0,0,0,0,0,0,0,0,0,0,0,0,0,5.26308,0,0,0,0,88.504145,0,0,376,0,0,0,7.34019,0,0,0,0,0,0,0,0,15.87796,0,0,0,0,0,0,0,0,0,0,1.59754,0,0,0,0,0,0,0,0,0,0
"SRR11747658",79.29916,279.7248,12.62348,585.829249,1313.450618,179.58155,30.872321,8328.37292568647,15.00003,15.9801,5149.146426,50.599227,3723.06345,3278.5044267292,1274.69013735205,139.706,2229.74638695956,4647.96339586837,0,9.27225,4189.9196731768,202.271605739518,1393.422686,48966.5870259431,16629.5980557302,173.050270752,58.6761,556.911852,815.940918607404,10110.9756693843,6430.68656696684,4452.61593194152,2186.09180592434,8171.25740637408,554.417233,6442.69150730884,120.51414,0,35368.1640574101,35916.0165434379,60.125667,0,1.11322,0,30.29398,0,0,0,0,0,0,0,0,0,0,0,16.7799,0,0,0,0,0,0,0,0,0,0,8.61998,0,0,0,0,0,0,0,0,0,0,0,0,0,0,0,0,0,0,0,0,0,0,0,0,0,0,0,0,0,0,0,0,0,0,0,0,0,0,0,0,0,0
"SRR1976570",72.5832,0,0,136.392,89.0007,0,0,1425.10980057824,0,0,784.19331,80.4017,854.236,0,58.58961,0,804.6238,203.9334,0,0,642.7279,0,0,11425.014,6174.58434,0,0,0,199.9716,2772.68929,1924.8347,1081.3622,283.237,2545.6951,129.069,762.1766,0,0,13639.6365000079,10296.29823,0,0,0,0,47.2211,0,0,0,0,0,0,0,0,0,0,0,0,0,0,0,0,0,0,0,0,0,0,0,0,0,0,0,0,0,0,0,0,0,0,0,0,0,0,0,0,0,0,0,0,0,0,0,0,0,0,0,0,0,0,0,0,0,0,0,0,0,0,0,0,0
"SRR2429147",40.3264,0,0,15.96902,126.0878,81.44335,176.862522,4297.186391,55.6783,0,4070.8634,10.052,1458.683,170.04962,358.758864,11.47179,1327.039438,3532.080984488,46.55344,1.81877,4926.0110379,7.638033,369.66865,27131.9270093638,8629.14471246952,41.655964,46.64527,95.43579,182.731796029586,5834.360553,2451.798609,1424.352674,4699.407606,4015.9556424295,929.82569,4821.931333,26.12201,0,12201.3011561433,17278.718484937,37.389147,0,0,0,13.29459,0,0,0,0,0,0,0,0,1.41329,0,0,0,0,2.2747,0,0,0,5.3037,0,0,0,0,0,0,0,0,0,0,0,3.82502,0,0,0,0,0,0,0,0,0,0,0,0,0,0,0,0,0,0,0,0,0,0,0,0,0,0,0,0,0,0,0,0,0,0,0
"ERR454505",78.269063,0,0,92.83623,567.549073,103.23112,154.62958,7620.5922871862,33.0322,0.81409,2086.306715,55.656,644.170678,416.02303,545.138326,54.1365,1586.494352,2293.020257,107.88404,38.4583,4219.76146,8.28509,633.72299,30954.6473899365,10185.566345658,36.8402,99.6428,89.646531,418.99727,5882.42508307327,2467.9674311,1940.747742,1469.918882,4638.157076,1918.299698,5011.612275,146.28153,0,21542.5248960926,20520.4403862223,94.40617,0,0,0,147.775745,0,0,0,0,0,0,0,0,0,0,0,0,0,0,0,0,0,0,0,0,0,0,0,0,0,0,0,0,0,0,0,0,0,0,0,0,0,0,0,0,0,0,0,0,0,0,0,0,0,0,0,0,0,0,0,0,0,0,0,0,0,0,0,0,0
"SRR2430028",2.78091,0,0,25.67375,122.151303,49.56834,189.13654,8350.797907,173.767,0,7170.684194,16.57405,971.42705,311.398314,365.305673,21.1595,1313.657022,4292.838642,30.948552,0,6196.50521,2.27688,337.56887,31961.9416199926,5857.323312,34.28627,20.993369,128.68012,183.136861,8763.427626,2725.364447,969.2884908,2321.989004,5298.910017,866.44411,4280.1556981,56.07785,0,12486.6598720023,18744.8690144124,15.739753,0,0,0,4.1077,0,0,0,0,0,0,0,0,0,0,0,0,0,0,0,0,0,0,0,0,0,0,0,0,0,0,0,0,0,0,0,0,0,0,0,0,0,0,0,0,0,0,0,0,0,0,0,0,0,0,0,0,0,0,0,0,0,0,0,0,0,0,0,0,0
"SRR2430030",20.7279,43.2521,0,152.649999,937.656691,83.94874,26.70709,13012.6202201929,10.7966,0,4111.32696,27.04434,236.9519,333.651975,665.492676,85.74091826,958.53407978,4932.447906,59.287332,10.8006,2899.533187,34.26603,273.52264,32250.105871925,10082.6973816593,49.63371,5.712049,81.623618,188.74046,5480.94530748162,2059.56578,3379.140763,3600.284921638,3078.842108,2230.671565,5330.4475059,817.208874,0,26266.431772405,23276.4560988296,13.964657,16.9857,0,0,73.8546,0,0,0,0,0,0,0,0,0,0,0,20.068153,0,3.83588,0,0,0,0,0,0,0,0,0,0,0,0,0,0,0,0,0,0,0,0,0,0,0,0,0,0,0,0,0,0,0,0,0,0,0,0,0,0,0,0,0,0,0,0,0,0,0,0,0,0,0
"SRR2430032",2.12691,37.420444,12.499,195.717081,896.029184,70.31592,40.037204,12095.235319272,11.2255,0,4690.451284,29.68051,375.562805,171.8696274,489.994243,77.043374,713.197839598049,4673.030264,46.632198,4.071452,3449.661666639,5.099213,217.760417,36763.4452733245,9679.64521855288,45.497084,6.9481,97.81914917,163.561617,8375.92709141167,1706.8299128245,1982.95488000995,1127.549141,6901.0224742,2966.401232,6593.41731904011,244.4668636,7.04671,22354.0282512889,20037.81060044,26.926781,0,0,0,232.107089,0,0,0,0,0,0,0,0,0,0,0,0,0,1.53827,0,0,0,0,0,0,0,0,0,0,0,0,0,11.4377,0,4.10029,0,0,0,0,0,0,0,0,0,0,0,0,0,1.60417,0,0,0,0,0,0,0,0,0,0,0,0,0,0,0,0,0,0,0,0,0
"ERR5430763",283.988806,0,0,1464.509647,878.542222,234.97401,87.3274,2989.369151,57.2831,18.751813,1387.31742,0,1519.87585,172.020326,1433.726549,76.89494,1538.010703,2748.22212371958,176.0804,0,6375.683489,299.706580004405,359.772446,51066.4567102371,14953.9453820954,121.50635000603,0,405.505631,1495.380545,10196.0847302198,5953.34545200001,4791.440754,4756.870637,5096.40180791087,294.057681,4705.387206,0,0,23840.5711896323,33570.5820062107,68.14543,0,0,0,1.56871,0,0,5.95794,0,0,0,0,2.12693,3.387,0,0,0,0,10.119708,0,0,0,2.32219,0,0,0,0,0,111.789579,0,0,0,0,0,1.17429,0,0,0,0,0,0,0,0,0,38.26806,0,0,0,0,0,0,0,0,0,0,0,0,0,0,0,0,0,0,0,0,0,0,0,0,0
"SRR7309271",6.331495,0,35.3938,166.72421,1120.803958,405.8776,245.0144522,3959.783555,3.45195,2.4273,2869.144868,0,464.27292,401.739043,1065.01540200314,80.17339,2231.111001359,2921.28540191155,339.13591,24.4651,6514.449024,104.38466,336.30546,42566.5755748157,13097.4265445546,207.38041,0,590.245597,977.31694,10884.5367189336,3185.871717,2592.12725,2846.608943,7124.27627445321,763.083025223604,2923.3737234747,0,667.108,22501.5702369439,26311.7752445291,22.4204,0,0,0,3.0565,0,0,0,0,0,0,0,0,0,0,0,0,0,0,0,0,0,0,0,0,0,0,31.0548,0,0,0,0,0,0,0,0,0,0,0,0,0,0,0,0,1.34803,0,0,0,0,0,0,0,0,0,0,0,0,0,0,0,1.32655,19.83892,0,0,0,0,0,0,0,0
"SRR8354803",34.9263,0,4.30789,43.18731,339.27261,56.39513,27.46064,977.94762,0,0,876.6869057,0,127.65002,187.5999,532.71477,2.85487,1672.62739177,1141.054,209.4688181416,24.8439,2279.6665974783,12.69739,366.0458,16938.1384222156,4937.37357188769,75.54621,0,180.121,240.16423,3445.7027744,2016.31278496,1751.6821993,1751.35287170553,2609.52773278047,299.91859,1953.353519701,44.05345,0,10613.8347521384,10396.1900061952,0,0,0,0,39.20198,0,0,0,0,0,0,0,0,0,0,0,0,0,0,0,0,0,0,0,0,0,0,16.68311,0,0,0,0,0,0,0,0,0,0,0,0,0,0,0,0,0,0,0,0,0,0,0,0,0,0,0,0,0,0,0,0,0,0,0,0,0,0,0,0,0,0
"SRR5218243",0,0,31.44826,340.6833630224,1127.9533010085,383.11823,13.90924,6924.2855,27.91697,0,1207.74222,0,720.91257,925.77693,2512.03597000593,54.407892,2251.00527,2500.1861651,350.47364,0,6372.1918542341,0,267.5231062,43072.0533207009,12841.2988333488,329.98438,0,599.887387,387.90044,11979.07824134,5326.6076608,2833.28412,3260.83067100087,8304.301265781,1298.03170608823,6711.42418858022,191.54131,0,26316.832901011,29087.2784052496,30.8495,0,0,0,5.33922,0,0,0,41.823,0,0,0,0,0,0,0,0,0,13.09862,0,0,29.5859,0,0,0,0,0,0,0,0,0,0,0,0,0,0,0,0,0,0,0,0,15.9995,0,0,0,0,0,0,0,0,0,0,0,0,0,0,0,0,0,0,0,0,0,0,0,0,0,0,0
"SRR14868527",54.21018,0,29.79359,363.8250433955,1836.51204200059,500.33665,88.6677,13215.864781,62.7942,0,2309.154379,0,761.679,961.27889,3247.66736800561,131.70608,2823.4975095,3125.84459992,329.70023,0,6368.21295731467,7.35588,286.887066,52434.449877167,16356.1550227219,384.250857,0,683.16646,495.69466,13037.5631691025,6485.93235785595,3187.62738580107,2225.7731828018,7178.97792597233,2136.72923115219,9301.134337705,342.5926,31.868,35753.8273192662,33740.8475832939,2.20837,0,0,1.20803,54.772399,0,0,0,62.8547,0,0,0,0,0,0,0,0,0,0,0,0,34.2468,0,0,0,0,0,0,0,0,0,0,0,0,0,0,0,0,0,0,0,0,0,0,0,0,0,0,0,0,0,0,0,0,0,0,0,0,0,0,0,0,0,0,0,0,0,0,0,0
"SRR8294673",37.9969,0,21.55071,77.3764,406.1829,193.3246,95.90105,5698.00683,14.9302,0,1916.45231,0,924.51715,427.91166,1819.94264,37.7605,876.73082,1635.510069,190.63476,0,4952.97014201402,22.1033,113.0048,28088.7114284562,10774.1932388733,144.8647,0,449.392889,247.75233,12700.175305486,5139.837466,3224.027328,1896.49474,7447.01539700601,2426.94078,4203.5654001056,0,0,16100.9906999635,37653.281888185,0,0,0,0,0,0,35.8639,0,0,0,0,0,0,0,0,0,0,0,0,0,0,0,0,0,0,12.18711,0,23.2108,0,0,0,0,0,0,0,0,0,0,0,0,0,0,0,0,0,0,0,0,0,0,0,0,0,0,0,0,0,0,0,0,0,0,0,0,0,0,0,0,0,0
"SRR5367860",5.96096,0,80.039538,227.264184,835.92517337727,428.31377,86.75959,7018.68763262471,26.731443,2.15842,2583.625616,2.67194,345.4746,373.695232,1605.630922,37.466958,1469.554413,2831.00539339542,140.43987,2.97253,4889.79574009593,91.170175,495.055055,32565.5025539614,12141.2271008013,192.97294,0,592.13868,555.950251,7556.83614167481,4190.01362943444,2489.5263046,2722.141933,5003.09765660177,2276.45979601271,3347.42275590459,158.93964,0,24024.4203777954,22630.3868467483,10.495463,0,0,0,1.58142,31.27361,19.4245,7.56925,0,0,0,0,0,0,0,0,1.74386,0,0,0,0,0,0,0,0,0,0,2.60472,0,0,0,0,0,0,0,0,0,0,0,0,0,0,0,0,0,0,0,0,0,0,0,0,0,0,0,0,0,0,0,0,0,0,0,0,0,0,0,0,0,0
"SRR7340056",0,0,79.736389,201.733964,1517.858333,284.4733,59.26337,6193.913290427,69.57011,21.61465,1141.829195,0,229.25479,695.4959,2828.335781,27.68709,1577.159407,2219.334088,400.42085,0,7377.82394122155,289.172238,102.63487,38819.9327115375,14348.523993,304.57291,0,630.44109,703.745593,9726.7247585,4492.135643,3392.605865,2911.5564153229,5701.23333000084,6519.480816,4846.42204800001,678.9522,0,27959.925486,31166.5899206854,51.05579,0,0,0,2.14272,0,78.75096,6.32264,0,0,0,0,0,0,0,0,0,0,1.14184,0,0,0,0,0,0,0,0,22.7972,0,0,0,0,0,0,9.9683,0,6.364902,0,0,0,0,0,0,0,0,0,0,0,0,0,0,0,0,0,0,0,0,0,0,0,0,0,0,0,0,0,0,0,0,0
"ERR6745738",4.441647,5.50091,160.004657,46.58186,217.507717,242.45066,120.302421,2276.78152113485,38.86829,17.30359,323.362537,6.02964,1436.3759,1009.5718,1164.53065051964,138.689092,2825.05838735256,2253.641119,79.111424,1.69006,5340.20922,137.029551,55.73007,34465.1336335885,13510.686084337,120.65961,3.63113,207.102069,595.9497534539,13027.50008372,3463.86610854,1886.72630257,1284.4023456601,3686.621245,103.30742,3773.061767,19.44199,0,18264.1045786688,26064.2673350757,14.622254,0,0,21.1732,6.16286,2.96186,0,0,6.71391,0,1.05916,0.96177,0,2.45436,0,0,5.05259,0,5.2047,0,0,0,0,423.088,0,0,0,1.39516,0,0,4.09373,0,0,0,0,0,0,0,0,0,0,0,0,0,0,0,0,0,0,0,0,0,0,0,0,0,0,0,0,0,0,0,0,0,0,0,0,0,0,0
"SRR10352205",118.999045,32.71198,228.632151,68.877663,172.514134,107.64619,20.667926,1039.034969038,0,25.513533,794.136702,86.5658,1466.22375,258.981794,1693.50014932677,10.74928,1056.32128874997,1758.66781349831,30.486374,34.553423,7003.68910023971,377.26833100504,656.818377,22190.5570391614,8117.32128066248,104.235099,0,398.427528,339.366757,5847.98680573809,2217.96849323672,1713.98703100573,1403.14512750817,4132.96594569199,51.560549,9261.51189762042,12.15132,7.45795,20275.9619081807,21194.2226554423,20.31876,0,0,0.735384,3389.373674,1.52678,0,48.7652793,5.0849,101.904304,5.558,0,0,0,0,2.256484,6.66877,0,69.421975,0,0,1.40125,0,0,0,1.29822,0,5.44272,0,0,13.233119,0,0,0,0,0,0,0,27.120766,2.64807,0,0,0,0,0,0,0,1.81244,0,0,0,7.540721,22.335442,0,0,0,0,0,0,0,0,0,2.02746,3.49334,4.84824,0,0,0,0,0
"SRR10743033",0,484.487,47.2152361,281.289059,402.987914,152.35163,23.8555,4552.97970811988,82.6492,0,2954.5214306,8.26774,4029.45876,465.5951,2577.63881261195,136.317031,2915.7780393115,4536.6429860126,358.72826,12.74914,5183.2409512002,27.6568624,93.0921981022,42453.8650785278,17047.7199998508,108.2638244,3.24213,387.79487,511.612625,9759.96796342,4880.6022286882,3047.692619067,1474.95737840327,10001.9580393668,2340.02189786624,12307.3559627197,4.76804,0,23268.8318004013,32018.6781740927,32.40271,0,0,0,9.7297,0,0,0,0,0,0,0,0,0,0,0,0,0,107.32014,0,0,0,0,0,0,0,0,52.3091,0,0,0,0,0,0,0,0,0,0,0,0,0,0,0,0,0,0,0,0,0,0,0,0,0,0,0,0,0,0,0,0,0,0,0,0,0,0,0,0,0,0
"SRR1199268",0,27.44408,5.12835,754.0309473495,1026.929794,258.77879,43.05748,5464.93181233947,0,14.007553,3883.110399,0,781.988,484.77289,3125.844215058,291.8929,3152.931807,3525.830564,425.59435,158.69102,10257.679046993,179.242588,40.78029,44552.3853926687,18409.567510488,304.09766,0,640.495787,448.85327,12976.6982010524,5198.0611571204,3472.889723,1222.22012830524,9155.15666121301,76.628953,7250.06457086042,8.09961,0,20808.5507749995,38776.88650393,81.80917,0,1.590729,4.11944,0,51.239085,0,99.36593,0,0,0,0,0,0,0,0,0,0,0,0,0,0,0,0,0,4.02286,0,0,0,0,0,0,0,0,0,0,0,0,0,0,0,0,0,0,0,0,0,0,0,0,0,0,0,0,0,0,0,0,0,0,0,0,0,0,0,0,0,0,0,0
"SRR1197522",252.2187,64.39639,17.60398,190.47385,483.733,203.28473,219.71985,7410.750165,0,60.76722,5991.36905,0,1046.16008,376.5129,2926.159741,298.01347,2948.315953,4201.368883,633.8263,81.00029,8378.356765,179.564423,49.35008,46215.5650202034,21833.86641,312.4628,0,805.288833,886.64009,12456.740064,6375.9045,5514.535981,1037.483154,12164.359871862,726.4996,10071.2931425514,150.41708,43.39653,28334.951488407,46496.2515860429,0,0,16.27466,0,4.62821,7.3987,0,77.2242,0,0,0,0,0,0,0,0,0,0,18.88495,0,0,0,0,0,0,0,0,0,0,0,0,0,0,0,0,0,0,0,0,0,0,0,0,0,0,0,0,0,0,0,0,0,0,0,0,0,0,0,0,0,0,0,0,0,0,0,0,0,0,0
"SRR4072794",71.52114,0,0,48.92956,164.57631,53.12836,2.94884,1745.95571,59.7568,22.627976,389.641835,0,828.561,127.23186,1799.81662978,30.8816,1336.58301,1998.588115614,78.16133,12.22817,3004.90194266588,88.29394,130.30349,18609.7015205333,10608.628453,145.625027,5.56859,585.28968,412.96654,7197.76730530061,4732.999366,4652.540691,735.959693,4489.18004357594,497.209887,3029.70595588,113.33215,0,13653.047797277,24184.846452106,14.60181,0,0,0,0,5.97923,0,0,0,0,0,0,0,0,0,0,0,0,0,0,0,0,0,0,0,0,0,0,0,0,0,0,0,0,0,0,0,0,0,0,0,0,0,0,0,0,0,0,0,0,0,0,0,0,0,0,0,0,0,0,0,0,0,0,0,0,0,0,0,0
"SRR8599817",11.183216,26.37543,25.37996,272.1609493,335.98803,130.26335,43.60001,4914.539007,0,20.913317,1565.912567,1.35914,710.34142,275.621212,2676.90414974128,121.8248468,2916.5843346,3999.8644230675,128.20405,8.474,6612.3144475224,24.514256,97.556888,27759.1701796382,12681.1075321624,229.85018,17.06048,777.672074007443,500.716876,6830.10297900001,5090.67632438318,3612.6038814873,933.72125235,7610.50437535138,174.713821,7001.51406363778,175.087303,0,17590.4582204387,33656.6654855664,12.002211,0,0,0,54.614352,6.08885,0,56.2162,0,0,0,0,0,0,0,0,0,0,24.55138,0,0,0,0,0,0,0,0,0,0,0,0,0,0,0,0,0,0,0,0,0,0,0,0,0,0,0,0,0,0,0,0,0,0,0,0,0,0,0,0,0,0,0,0,0,0,2.29185,0,0,0,0
"SRR3105702",0,0,19.62889,531.10258,507.53215,20.277632,52.60551,1446.463881,13.30031,0,7054.96533701041,0,26.5215,574.93882,948.526865,0,1511.240095,2075.652215,0,10.24811,4212.370756,0,265.05478,34455.4907828203,13319.0852152568,58.78661,0,362.93442,848.25676134361,5914.6899376335,2479.876557,3923.272845,1605.1855605688,4899.2562858,34.19326,4499.30824910565,0,0,23241.812519255,25825.3616982863,0,0,5.4471,20.5443,1411.91276,3.71805,0,0,0,0,0,0,0,0,0,0,0,0,45.10786209436,0,0,0,0,0,0,0,0,0,0,0,0,0,13.5267,0,0,0,0,0,0,0,0,0,0,0,0,0,0,0,0,0,0,0,0,0,0,0,0,0,0,0,0,0,0,0,0,0,0,0,0,0
"SRR3105703",57.99483,0,30.51999,2872.626282,243.32019,23.2602,0,2642.824278,11.9176,71.98462,2338.371854,0,1234.8169,1254.20306,387.883581,5.61869,2779.57235,2381.929986,793.2291,0,764.664219,1089.5239692621,401.523709,33460.8891414504,21957.704853003,24.58706,0,191.22619,430.05314,3267.90591177281,2103.98136398318,1208.715542,2099.562873,3070.2772113,0,3477.08687300283,0,0,32399.7568975044,68608.7476627,2.98635,0,0,0,7.90188,149.86864,0,0,0,0,0,0,0,0,0,0,0,0,0,0,0,0,0,0,0,0,0,0,0,0,0,0,0,0,0,0,0,0,0,0,0,0,0,0,23.8414,0,0,0,0,0,0,0,0,0,0,0,0,0,0,0,15.2402,0,0,0,0,0,0,0,0,0
"SRR3105704",0,0,11.71107,70.10054,161.05287385463,2.43863,0,1555.869326,14.13978,104.583547,20564.3864725154,4.88457,91.80309,228.246437,2271.81963921344,191.031462,2426.18369183496,1764.940985,241.545294,3.289704,3449.703479,1024.642432,179.432811,41846.0469918575,13899.9761052268,119.93659,0,526.1210637,669.08299779,6574.98279086112,2975.37248962481,3990.4434194182,1973.640137,6349.58803048107,12.12795,6706.215634,0,0,25327.4395986876,32572.9096373166,52.044154,36.72979,0,29.94274,18.233377,46.89955,0,40.09569,0,0,0,0,0,0,2.35226,0,0,7.6448,17.97618,0,0,0,0,0,0,0,0,33.73615,0,0,0,0,6.83185,0,0,0,0,0,1.89385,0,0,0,0,0,20.747628,0,0,0,0,0,0,0,0,0,0,0,0,0,462.60181,0,0,0,0,0,0,0,0,0,0,0
"SRR3105705",0,0,0,254.9337,0,39.518,0,775.793817,102.9314,0,5292.18789801244,0,104.93564,153.52478,657.5038,0,3661.7002257,1100.13491,211.9228,0,4248.557072,0,220.265368,37086.4562739273,13427.459201346,0,0,176.3958,719.28679,5848.4369915,2114.27731,9196.797326,1155.34086,6412.761579,22.1077,5394.38918392328,0,0,21485.8370023956,23738.158078829,0,0,0,0,299.246,0,0,3.24213,0,0,0,0,0,0,0,0,0,0,7.50837,0,0,0,0,0,0,0,0,0,36.753,0,0,0,0,0,0,0,0,0,0,0,0,0,0,0,0,0,0,0,0,0,0,0,0,0,0,0,0,0,0,0,0,0,0,0,0,0,0,0,0,0
"SRR8641368",0,0,942.727909,347.33434,0.85634,0,0,2751.954745,0,0,501.947792,0,22.1463,0,14.880259,0,23.850518,156.728449,0,1.45431,12154.5947119,92.70656,29.635401,21203.5006536,8809.735044,0,1.05316,0,1.27657,7309.283528,796.046817,3254.341973,10628.83323,3483.404146,0.547537,6546.3506799133,0,0,1860.208829,15967.929464,0,0,0,0,0,11.734973,0,0,0,0,0,0,0,0,0,0,0,0,0,0,0,0,0,0,0,0,0,0,0,0,0,0,0,0,0,0,0,0,0,0,0,0,0,0,0,0,0,0,0,0,0,0,0,0,0,0,0,0,0,0,0,0,0,0,0,0,0,0,0,0
"SRR8454196",0,0,720.863148902357,212.227975,752.51991,93.3623,17.8771,2006.8968447,22.3864,23.155104,2577.638243,76.7907,518.487,244.74296,1516.9709687,208.82315,1676.04085,2760.132452,394.976181,0,5291.28106955,204.786763,158.59121,44468.6373044614,12106.0410851822,139.77451,0,202.330352,688.888290210492,10304.5411490249,3924.90982164246,3993.986098,2202.7893893,6234.2228174,13.40134,6351.08850458168,38.2674,0,22529.2500191618,31600.9283159128,59.92483,0,2.93315,0,515.06275,0,0,0,0,23.37669,16.38407,0,0,0,0,0,0,0,0,0,0,0,0,0,0,0,0,0,0,0,0,2.97723,0,0,0,0,0,0,0,0,0,0,0,0,0,0,0,0,0,0,0,0,0,0,0,0,0,0,1.47478,0,0,0,0,0,0,0,19.22256,0,0,0
"SRR12179257",273.354723,0,16.902614,314.42659,114.425662,124.92296,142.58349,641.621733,99.346981,0,4039.335278,0,916.080771,186.921243,716.624341,54.314754,1492.984564,3298.4694707,140.001377,34.8332,4588.837405,31.742507,184.490215,24915.7131047417,10551.7407299036,224.053047,0,110.627704,383.192674,5176.193098,2758.017625,2800.315788,1032.071531,5362.726869851,0,3235.4229664426,23.4348,0,17145.4046084467,20501.90319706,13.2621,0,0,0,0,49.361695,0,0,0,0,0,0,0,0,0,0,0.472865,0,1.64525,0,0,0,0,1.5295,2.94772,0,0,1.561033,0,0,0,0,0,0,0,0,0,0,0,0,0,0,0,0,0,0,0,0,0,0,0,9.79908,0,0,0,0,0,0,0,0,0,0,0,0,0,0,0,0,0,0
"SRR2681155",73.612624,0,5.156835,217.785759,307.645049,82.56151,32.562305,2696.869984,0,136.811673,529.30021706363,0,519.397,42.152434,954.39986582479,84.993426,1491.20951216933,2821.44937170765,51.87253,15.0341,3073.43252395464,606.626616122796,313.592526,27700.7999500382,8666.34213910888,101.224273,0,36.843046,422.569054,5805.52639325656,2304.60333788163,1074.21984737,3478.03627360674,4661.16615276118,1933.20510685,4079.9116297754,91.23148,0,11944.9770161787,19331.5607748189,6.3154,0,0,0,45.596756,11.6392,0,0,0,0,0,0,2.10733,0,0,0,0,0,0,0,0,0,0,0,0.563215,0,0,0.88416,0,0,0,0,0,0,0,0,0,0,0,0,0,0,0,0,0,0,0,0,0,0,0,0,0,0,0,0,0,0,0,0,0,0,0,0,0,0,0,0.469354,0,0
"SRR8491950",8.460633,0,25.08629,10.5273,60.19991,17.943,0,16732.8647226,0,0,51.60569,0,1355.51574,47.963,118.408184,0,1209.038091,701.123088,0,10.62396,808.031083,51.07154,914.361515,10106.405334487,5246.89596797626,8.61144,6.53146,25.713656,222.54288,3658.14007192668,298.5575,1162.256966,216.656476,3802.165144,1247.252059,2996.471942,3.51318,0,8345.185179,22621.2820031,0,0,0,0,14.2527,0,0,0,13.9324,0,0,0,0,0,0,0,2.43911,0,0,0,0,0,0,0,0,0,0,32.09448,0,0,0,3.35774,0,0,0,0,0,0,0,0,0,0,0,0,0,0,0,0,0,0,0,0,0,0,0,0,0,0,0,0,0,0,0,0,0,0,0,0,0,0
"SRR8617822",81.52932,6.53608,111.21798,101.54053,178.89558,33.09531,36.76922,2025.916439,19.71358,11.27152,5841.161374,0,173.309808,360.459,765.925799006887,138.084065,1409.1336519363,1368.435377,175.4532,2.30931,3165.69189037676,244.986709,286.771843,28372.7043491831,10866.7112935204,129.459905,0,242.89412,475.268612,4872.819858217,2656.84255861708,5045.93213422614,1335.374619,5958.05959724279,30.45514,4920.68762077781,17.62137,0,20122.3137902258,23109.5814718024,20.00132,0,4.43658,52.21629,0,13.609129,0,38.34266,0,0,0,0,0,0,0,0,0,0,13.33703,0,0,0,0,0,0,0,0,0,4.1564,0,0,0,0,0,0,0,0,0,0,0,0,0,0,0,179.95815,0,0,0,0,0,0,0,4.87691,0,0,0,0,0,8.48545,0,0,0,0,0,0,0,0,0,3.94967,0
"SRR6375633",16.771887,57.1345,0,263.02888,411.275266,42.135307,6.19848,2504.923993,0,25.543187,5394.79103,0,384.67558,233.690447,1079.418243,106.41907,3021.56321,3765.0050301,331.83204,1.6319,4869.897574,332.007219,185.37051,52595.01644033,12584.3185239276,242.84502,0,220.2883,674.09403,8425.1813126,4121.760224,4343.492781,2766.7224587421,6615.953024,23.5699,7829.58442600176,0,0,20548.5803751386,31260.4559280001,62.474110188938,0,0,0,4.78346,23.199742336,0,39.5515,0,0,0,0,0,0,2.135367,0,2.093902,0,0,0,0,0,0,0,0,0,0,1.0921,0,0,0,0,0,0,0,0,0,0,0,0,0,0,0,0,57.70357,0,0,0,0,1.36213,0,0,0,0,0,0,0.534521,0,0,0,0,0,0,0,0,0,0,0,0,0
"SRR8524599",588.170733,0.60887,6275.734437,67.278862,18.27939744834,20.36768,9.20306,1842.32655024111,0,0,5857.187423,0,1483.8614,103.967585,121.334209,14.185944,418.127431,1096.996004,115.263,0,1025.480172,2.48985,411.391529,30296.5962138,4875.2193265,411.362326,1.5662,202.647,119.224584,5637.482881,2711.050581,3715.499934,262.074379,14866.08231915,1.5289,5002.150499,2.62286,0,10521.6558356,28764.0334689322,0,0,0,1.16946,1.457176,45.0738,0,4.46132,0,0,0,0,0,0,0,0,6.06529,0,0,0,0,0,0,0,0,0,0,9.12092,0,0,0,0,0,0,0,0,0,0,0,0,0,0,0,0,0,0,0,0,0,0,0,0,0,0,0,0,0,0,0,0,0,0,0,0,0,0,0,0,0,0.64604
"SRR8506641",91.0475,0,128.37649,247.07182,946.07906,125.3643,88.36479,2863.2783,48.5421,0,5162.0131639,0,660.11078,330.27505,2082.63783,194.17825,1636.95837,4240.53213,79.22481,0,7200.343534296,0,409.68528,43001.2018458153,13212.216905,166.34139,0,341.77599,765.56856,7794.28418000919,6510.709124,3814.11393,1770.51124,8593.75842,99.53251,7183.086508,18.80731,0,24738.849135857,30035.0310484703,94.7303,0,0,0,6.77228,9.3295,0,72.0677,0,0,99.7561,0,0,0,0,0,0,0,6.41378,0,0,27.8407,0,0,25.422,0,0,58.1253,0,0,0,0,0,0,0,0,0,0,0,0,0,0,0,0,0,0,0,0,0,0,0,0,0,0,0,0,0,0,0,0,0,0,0,0,0,0,0,0,0,0
"SRR8638116",0,0,8617.35599,0,0,0,0,0,0,1.531798,3.32609,0,0,1521.89339,2.92618,0,1354.2361028,1617.529132,1.6842,0,389.4174,950.643542,81.5856,4244.473596,51137.4688621,53.687042,0,0,0,115.482697,312.649781,1131.337269,190.310676,1.67348,0,1290.51071,0,0,47826.3747334,17828.098354,0,0,0,0,2.64597,0,0,0,0,0,0,0,0,0,0,0,0,0,0,0,0,0,0,0,0,0,0,0,0,0,0,0,0,0,0,0,0,0,0,0,0,0,0,0,0,0,0,0,0,0,0,0,0,0,0,0,0,0,0,0,0,0,0,0,0,0,0,0,0,0
