"accession","Adenoviridae","Adomaviridae","Alloherpesviridae","Ascoviridae","Asfarviridae","Autographiviridae","Baculoviridae","Bicaudaviridae","Caulimoviridae","Coronaviridae","Flaviviridae","Geminiviridae","Hepeviridae","Herelleviridae","Herpesviridae","Hytrosaviridae","Inoviridae","Iridoviridae","Lavidaviridae","Marseilleviridae","Metaviridae","Microviridae","Mimiviridae","Mitoviridae","Myoviridae","Nairoviridae","Nimaviridae","Nudiviridae","Ovaliviridae","Partitiviridae","Phycodnaviridae","Picornaviridae","Pithoviridae","Podoviridae","Polydnaviridae","Poxviridae","Reoviridae","Retroviridae","Salasmaviridae","Secoviridae","Siphoviridae","Unclassified.viruses","Virgaviridae","Ackermannviridae","Adintoviridae","Drexlerviridae","Malacoherpesviridae","Marnaviridae","Nodaviridae","Chrysoviridae","Fuselloviridae","Lipothrixviridae","Chuviridae","Corticoviridae","Closteroviridae","Cystoviridae","Iflaviridae","Paramyxoviridae","Potyviridae","Pseudoviridae","Demerecviridae","Circoviridae","Dicistroviridae","Totiviridae","Filoviridae","Narnaviridae","Rhabdoviridae","Schitoviridae","Zobellviridae","Arenaviridae","Picobirnaviridae","Papillomaviridae","Nyamiviridae","Fiersviridae","Xinmoviridae","Hepadnaviridae","Parvoviridae","Tombusviridae","Betaflexiviridae","Lispiviridae","Alphaflexiviridae","Leviviridae","Togaviridae","Peribunyaviridae","Phenuiviridae","Artoviridae","Qinviridae","Cruciviridae","Astroviridae","Bacilladnaviridae","Solspiviridae","Steitzviridae","Myriaviridae","Mesoniviridae","Endornaviridae","Hantaviridae","Tectiviridae","Bromoviridae","Genomoviridae","Botourmiaviridae","Sphaerolipoviridae","Kitaviridae","Mayoviridae","Phasmaviridae","Orthomyxoviridae","Amalgaviridae"
"SRR1611555",43.83146,12.24044,251.96415,184.386400003342,72.8455,112.03104,1372.8173,15.7163,21.15663,8.91134,1776.96021,9.8833,235.30961,141.07885,1231.75837,25.06157,779.95038,3017.135236,27.05486,1327.3257660451,86.60716,387.092284,19259.4369635252,16.4522,7456.9073740937,75.29919,34.22602,127.8222653822,15.4719,150.13369,4119.2646378,32.16965,2072.927294,1535.67665,660.487518,3459.3588963,99.7383094,3954.301468,18.55292,4.91657,13105.7930024207,42124.9176358046,4.3884,0,0,0,0,0,0,0,0,0,0,0,0,0,0,0,0,0,0,0,0,0,0,0,0,0,0,0,0,0,0,0,0,0,0,0,0,0,0,0,0,0,0,0,0,0,0,0,0,0,0,0,0,0,0,0,0,0,0,0,0,0,0,0
"SRR1611556",54.25883,70.13466,513.28015,656.43129,134.83743,159.5752,2079.29504,40.3155,12.5636,0,979.87898,0,3588.853,871.70977,3049.51335,142.91717,2484.52668,3853.37418,184.0299,5858.38042,142.77712,958.78173,33727.1553362115,30.727,18621.6857270272,125.75358,0,257.05647,0,340.93836,6979.329132,68.1377,3682.74964814,4056.85958,2089.976682,5513.0937091,2161.07633,5991.7385141,188.1091,0,26393.7982512457,27087.64941532,34.5449,10.09119,641.18483,10.51063,67.52995,54.52895,0,0,0,0,0,0,0,0,0,0,0,0,0,0,0,0,0,0,0,0,0,0,0,0,0,0,0,0,0,0,0,0,0,0,0,0,0,0,0,0,0,0,0,0,0,0,0,0,0,0,0,0,0,0,0,0,0,0
"SRR2131392",0,21.9339,99.34611,576.29314,12.273,0,1282.40895,8.0428,17.11645,0,705.300250136772,0,1584.519,44.79418,509.59242,0,199.56263,1938.993875,57.78881,1549.124572,57.52633,107.30912,14746.772745,0,3008.8383223,2726.51,0,10.10397,0,203.42259,2793.283835,0,1403.30841,837.93165,1119.854248431,3191.21178218254,269.0693,3901.638365,12.93232,0,5922.43128711459,8787.07540716801,0,54.99043,1048.864353,0,5.25279,0,3.70617,0,0,0,0,0,0,0,0,0,0,0,0,0,0,0,0,0,0,0,0,0,0,0,0,0,0,0,0,0,0,0,0,0,0,0,0,0,0,0,0,0,0,0,0,0,0,0,0,0,0,0,0,0,0,0,0,0
"SRR1611557",11.67859,42.9657,165.79063,182.56219,436.6276,19.31612,1859.28327,30.0234,17.69375,0,1225.812020116,0,1243.228,158.90444,2021.27333577111,69.23056,896.65073,3371.5363,143.23957,3889.89576,190.53383,259.86545,24201.518886125,10.0369,15033.2275164993,87.16719,0,206.10619,28.064,544.3755507067,5708.52949925288,21.1366,2809.667238626,2074.38662,2133.5788,5270.11257936372,740.05886,4576.62549712081,159.17732,0,11635.144915352,26094.0862034843,13.5438,0,535.30775,0,22.75421,0,0,14.79981,6.91005,26.33602,0,0,0,0,0,0,0,0,0,0,0,0,0,0,0,0,0,0,0,0,0,0,0,0,0,0,0,0,0,0,0,0,0,0,0,0,0,0,0,0,0,0,0,0,0,0,0,0,0,0,0,0,0,0
"SRR2131235",165.68341,41.73139,746.642551,570.27767,59.69856,216.14145,4102.22127057,13.1028,32.675912,0,1514.055548,0,2418.02,227.676056,1831.560053,207.750270012198,1221.3105249204,2762.454204,42.129782,2529.20255,469.554931163649,340.894916,36881.9050327751,7.13516,17362.691455672,121.23823,10.839502,359.313597,10.33281,214.85589,6094.40779347484,2.15694,3836.08744305,2591.840680294,2295.583785,7875.72200777,834.882492,9491.25772787284,42.08033,12.89616,29470.7682210771,21589.3925368904,3.7727,0,224.707073,0,10.32988,7.53918,0,3.32773,2.61534,2.37916,1.30411,18.43143,0,0,0,0,0,0,0,0,0,0,0,0,0,0,0,0,0,0,0,0,0,0,0,0,0,0,0,0,0,0,0,0,0,0,0,0,0,0,0,0,0,0,0,0,0,0,0,0,0,0,0,0
"SRR2564755",22.053863,548.537332799,322.632242,408.911667011241,41.46193,43.141129,2197.57622672667,41.6723,209.851218,2.537194,2520.958149,2.44266,368.365,343.094177,3310.45008054885,185.698320002783,1641.44952129601,5416.9776705143,36.558996,10445.8386790492,414.578190996281,262.425276,46398.5555739827,29.22171,14508.2820810536,301.372182,6.0351,793.409207689,0,654.81212659207,9889.68171144636,0,5692.96617509,2639.05785872742,5150.26480778379,10591.1646227982,859.105021,9609.10785249278,119.1672,0,25097.2493688518,37790.8440065404,0,45.28745,298.7637776419,0,92.67809,0,0,0,5.12821,48.0184314584,0,1.8984,1.72323,1.07942,0.809563,0.947879,44.6341,0.648357,0,0,0,0,0,0,0,0,0,0,0,0,0,0,0,0,0,0,0,0,0,0,0,0,0,0,0,0,0,0,0,0,0,0,0,0,0,0,0,0,0,0,0,0,0,0
"SRR9691423",58.50169,88.05746,480.93758,265.682,77.57787,72.763347,3116.3851052986,30.8476,2.11333,0,3004.663542,0,4010.22808,398.646492003308,1638.96793425621,187.243006,2279.8643199477,2295.58434701006,50.71047,6031.45981891885,83.167939,198.106761,41077.9070290376,0.80366,22397.4276621961,159.031372,0,926.4615128,0,338.000837,18718.1489536076,9.906724,5123.6188403734,7170.326108,2796.3447566493,7097.9674991,2034.599064,8443.91270996872,83.45286,0,33026.8646065217,36748.2299212735,6.315409,128.023788,40.280125,0,46.72934,0,0,23.85281,3.01696,2.58944,0,0,0,0,0,0,12.54466,2.4921,0,0,0,0,0,0,0,0,0,0,0,0,0,0,0,0,0,0,0,0,0,0,0,0,0,0,0,0,0,0,0,0,0,0,0,0,0,0,0,0,0,0,0,0,0,0
"SRR10620231",1367.1786,37.56541,328.819145,843.6869,265.04612,44.26037,4521.445953918,56.8574,0,0,2333.6939,0,1963.05,257.173260000715,3759.57890576225,105.7686,1352.389918,2390.589406,308.67325979,4464.227196,8.110842,924.59488,35366.7666697906,0,12732.60792,462.4536,12.23839,172.278047,0,279.218833,10083.039045,8.557,3785.456269,4166.928417,2139.99595720064,12522.647517,1060.448353,4852.95793898065,150.94484,0,33531.0191348151,31115.05713746,4.84498,17.74933,100.251884,0,4.71667,0,0,0,2.18859,0,0,0,0,0,0,0,31.3913,0,1.6121,0,0,0,0,0,0,0,0,0,0,0,0,0,0,0,0,0,0,0,0,0,0,0,0,0,0,0,0,0,0,0,0,0,0,0,0,0,0,0,0,0,0,0,0,0
"SRR9667736",15.0783,13.16357,190.906843,95.069403,19.62171,52.128392,1181.70083221917,5.4107,17.65803,0,268.802260419,8.06433,92.386574,176.60721467,529.323174042665,19.070399,823.275576,962.612039,9.6583302,1579.6053234,80.093025,88.848214,11087.3111628833,171.736903,4818.34271961564,38.636071,2.729359,88.199333,0,138.336243,4501.9079011697,2.9294,1521.29852207113,1257.437936,851.357865,2359.6305809,378.48116,3661.85116300001,319.702277,0,7525.98567776816,10017.6508689029,0,9.05283,285.628079,0,4.3837,5.460455,0,19.048793,0.916473,1.14181,0.576235,0,0,0,0,0,0,0,0,26.840699,1.63171,1.56723,0,0,0,0,0,0,0,0,0,0,0,0,0,0,0,0,0,0,0,0,0,0,0,0,0,0,0,0,0,0,0,0,0,0,0,0,0,0,0,0,0,0
"SRR11747693",1302.193623,117.952957,506.639190432761,1149.85287,72.832873,19.728148,5846.72549138,36.21879,12.99448,2.45601,1616.617288,18.065877,3461.989337,461.152429,4142.2758767665,51.342086,1950.0848636688,3154.68207046733,557.167899,4495.11330065373,44.429443,351.01880401,52086.9626031209,55.711926,16432.7070177128,191.276527,22.246424,454.079119,30.11569,707.218248014797,15368.3438204,19.72875,5544.84063499482,4482.638094,1819.68915581746,8201.37929085467,1899.852323,8601.04359876634,264.075511,0,30313.3756982819,40019.9215084825,6.01763,12.358778,17.427656,0,10.77076,0,0,0,2.62208,10.449576,0.8868,0,0,0,0,0,6.80981,1.30453,2.04543,0,0,20.727433,3.89877,62.9732,1.5148,79.701971,3.88175,0,0,0,0,0,0,0,0,0,0,0,0,0,0,0,0,0,0,0,0,0,0,0,0,0,0,0,0,0,0,0,0,0,0,0,0,0
"SRR9681687",45.87611,18.96964,11.586,49.69,19.70831,6.41957,695.99863,19.59812,43.486222,0,398.00326,0,796.25322,75.26792,204.66583,24.93108,1450.5485,404.47656,23.02124,1279.6504,147.581461,110.646,7899.3601281,42.87356,5490.113693,1066.41464,11.77385,71.40417,0,141.01454,3189.47098,17.60345,1171.17938,1766.48357,500.17442,1320.79682617,35.34498,1339.73861,29.17208,0,22944.357739,8265.17347099999,0,848.08776,683.28283,0,0,24.00535,0,0,0,0,0,19.7402,0,5.58396,0,0,18.4262,0,0,0,0,14.5772,9.94993,5.19948,0,0,0,5.34754,4.60764,0,0,0,0,0,0,0,0,0,0,0,0,0,0,0,0,0,0,0,0,0,0,0,0,0,0,0,0,0,0,0,0,0,0,0
"SRR2131259",88.65092,489.89947,1945.968366872,432.439699,89.868742,174.373029,2767.68051041347,0,9.499892,0,2708.567203,0,1140.48223,422.399584,3586.2426281916,164.16456,1354.656428,3895.060906,43.22999,6695.41282530589,621.8570222,133.3789752775,38975.0481469681,14.29559,15067.1800602995,270.10067,0,363.070982000314,1.3415,583.22675586009,13869.674821644,88.14336,5349.26302471413,3009.34561039798,4063.847994768,8743.29497006651,453.522056,10839.2320385352,141.6712,0,28419.5509476869,39053.5443660832,6.957997,45.267282,59.088214471774,12.4588,89.70352,0,0,0,1.73373,0.638262,0,0,0,0,0,0,0,2.46907,0,37.998321,0,0,0,0,0,0,0,0,0,12.4652,0,0,0,0,0,0,0,0,0,0,0,0,0,0,0,0,0,0,0,0,0,0,0,0,0,0,0,0,0,0,0,0,0,0
"SRR11784297",162.77726,214.262285,233.2295596,437.406814,122.1406,82.901486,2766.612041,30.11807,31.487211,0,1246.006347,6.979272,1105.094984,575.07795865,2960.10180331046,46.081834844,2203.18286011,2716.01370739156,62.997716,6437.5851727,214.420506523,775.8942697,40433.6460083069,35.877597,14012.297339646,189.687965,2.25322,494.23108679,2.87985,673.972019,10996.5285448398,45.91571,4725.77116316008,4140.662831323,4197.8510807805,6863.97979919746,243.770591,7547.76990369846,126.859,0,23064.4108363262,38394.8217943683,7.138234,18.020975,109.489658,20.10227,27.770358,0,0,32.522868,2.096534,32.485441,0,0,0,0,2.64038,0,5.60449,0,0,9.50385,0,0,0,0,0,4.002997,0,0,0,0,3.33374,0,0,0,0,0,0,0,0,0,0,0,0,0,0,0,0,0,0,0,0,0,0,0,0,0,0,0,0,0,0,0,0,0
"SRR11783869",912.21526,60.14904,1269.09319471642,2829.589091,80.759843,207.10913,8905.73382901158,0,12.988909,0,2747.9175268,0,750.46014,1026.824992,2627.8497933298,104.74312,2400.537237,2404.200858,111.93339,6001.92161878148,227.837117,352.419963,45605.3888207595,11.825731,18545.8489113408,176.438044,0,386.691675,0,490.494651,7981.44339291817,10.22687,4254.81892460001,4162.26173762,4179.22933547802,7518.46474161,3146.807806,7420.915334162,83.8783,3.14819,30010.7678121865,32796.9425096548,27.3032,8.172556,35.627281,0,27.63615,0,0,0,0,15.476086,0,0,0,0,0,0,21.05184,5.645983,11.57112,0,1.589841,0,0,0,0,20.94526,0,0,0,0,19.63418,11.5257,0,0,0,0,0,0,0,0,0,0,0,0,0,0,0,0,0,0,0,0,0,0,0,0,0,0,0,0,0,0,0,0
"SRR7754745",228.47012,14.09619,250.495971932,319.445954,8.96612,58.55271,3678.367968378,46.71341,2.84891,0,777.436355,0,579.568,116.224841,312.956021,15.86812,438.686925,865.987655243043,83.24146,1889.87227751513,151.919402023169,242.482644,12287.5789290434,9.69371,4717.96883793,20.36115,1.57132,619.967927,3.69687,198.77028059,3814.8695673,0,1807.078556,1936.417771,446.8235,3396.96507476783,1005.789916,10059.1014066142,2758.92866,0,16631.7794580101,17401.4084555054,0,5.73166,23.971472,0,10.5353,0,1.71568,0,4.81681,0,0,0,1.97136,0,0,0,1.19459,0,1.20664,3.26796,0,0,3.12492,0,0,0,0,0,0,0,0,0,0,0,0,0,0,0,0,0,0,0,0,0,0,0,0,0,0,0,0,0,0,0,0,0,0,0,0,0,0,0,0,0
"SRR7754744",7.32116,20.819093,23.060632,266.33511578888,28.68585,13.94241,5744.914643641,8.7016,255.889427,0,827.138103,11.501092,152.770187,89.473749,311.22218,5.20287,305.2762536,817.052951,100.334078,2116.539294,274.069989,322.406267,10817.816843128,175.832191,3372.24802800672,19.806003,9.77796,73.699818,0,132.2794904232,2529.94631065377,0,996.8580868,1312.739929,1080.58042033527,4061.55806374146,2364.91204703265,2133.570014155,604.065026,0,7603.12169324406,9596.692924539,1.17549,0.638955,208.422963,0,4.192789,0,0,6.6071954,4.078744,0.418185,12.460227,3.881744,0,0,0,0,0,0,0,0,0,0,0,0,0,0,0,0,0,0,0,1.426815,1.06356,0,0,0,0,0,0,0,0,0,0,0,0,0,0,0,0,0,0,0,0,0,0,0,0,0,0,0,0,0,0,0
"SRR8149062",61.638899,152.04810021,214.267694,581.065598109,167.770483,84.194483,2763.4582953,71.44387,284.14132,0,945.095719601341,0,532.95159,535.580558,1671.76640285375,231.314116,2154.69485758673,3189.46182738249,74.59923,3133.403766,524.360741,285.253192,34701.3888793071,48.49194,14011.2037698516,166.118015,34.3517,323.298524116437,0,620.914438,8235.59660045506,0,3968.18616775261,3784.035959,1410.389596598,5439.09863431481,1281.418473,6154.92581339612,704.61754,0,23608.8868908336,33097.4550758942,24.68436,209.602079,283.22666267,0,15.19451,0,30.149783020236,2.8726005,0,0,18.117464,0,0,0,0,0,0,0,0,0,0,3.614642,0,0,0,0,0,0,0,0,0,0,0,15.2708,2.34499,0,0,0,0,0,0,0,0,0,0,0,0,0,0,0,0,0,0,0,0,0,0,0,0,0,0,0,0,0
"SRR7754743",2.53577,89.447918,421.411682,891.718189558317,52.00201,27.406879,9411.917371,74.32289,14.505537,0,2197.7727474,0,668.53081,273.763874174,557.02632,44.565147,720.463079900269,1664.175553,341.95016,2259.94428601,99.772695,441.308066,19509.3346973872,235.80894,7900.7341693115,67.577352,6.26981,986.318676,0,287.826003,6681.81562291547,0,2621.81440641799,2154.25419483771,1743.45075129473,4330.57149649927,3332.39528782,6563.21752257571,1041.54836444768,0,14762.0991088566,21507.74532656,46.4544,4.2569,108.681362,0,7.012812,0,30.55333,7.1468051,0,1.39586,4.12824,73.82429,0,0,0,0,0,0,0,0,0,0,0,0,0,0,0,0,0,0,0,0,0,1.97177,0,2.16462,0,0,0,0,0,0,0,0,0,0,0,0,0,0,0,0,0,0,0,0,0,0,0,0,0,0,0,0
"SRR7754742",0,32.64441,572.20014,850.0653682251,147.9528,104.49127,11107.3548483774,31.9312,10.62209,0,1053.11366846339,0,1158.6646,274.6143145,344.221027969591,36.61657,1695.871592,1571.25947944252,361.9265,3854.44810328703,157.023996,544.20615,27490.0249854837,454.76069,10499.1894285708,76.01939,3.978513,753.823607265,0,360.248287,7082.77320975275,0,3192.698308,3326.896750409,1182.05781219696,6001.79673937141,4079.4853716,11962.1112323851,4799.48732,0,23590.4523246771,44846.7622624283,10.1316,2.57408,10.405351,0,5.451071,0,13.0988,2.71617,2.50052,0,4.26157,0,0,0,0,0,0,0,0,0,0,0,0,0,0,1.8133,0,0,0,0,0,0,0,0,0,0,0,0,0,0,0,0,0,0,0,0,0,0,0,0,0,0,0,0,0,0,0,0,0,0,0,0,0,0
"SRR7754749",0,24.65632,464.315067,892.460069,75.5234,14.06871,11326.688762,27.4329,6.6618,0,1117.834156,0,1112.30411,175.087383,291.48292618402,55.07475,758.296469,1119.228567,206.711641,1728.239974,23.59593,73.425085,17853.5687098757,5.53555,9483.07472103406,38.6599,1.8797,500.48806,0,224.30056,3802.82921130078,5.59291,2923.832065,2299.36712095457,526.533711547509,4103.08618860939,1939.77983,13338.9101579136,4494.03495000165,0,29051.6725263203,34499.9013725001,8.27785,8864.82065,4.707962,0,5.881025,0,0,0,2.19856,1.41305,1.15804,2.1512,0,0,0,0,0,0,0,0,0,0,0,0,0,0,0,0,0,0,0,0,0,0,0,2.14532,0,0,0,0,0,0,0,0,0,0,0,0,0,0,0,0,0,0,0,0,0,0,0,0,0,0,0,0
"SRR7754748",55.5791,57.11841,285.738102,661.67995,166.93612,84.07419,15940.1919600899,84.4403,2.87794,0,1180.61138,0,930.7798,296.94467,574.84405,80.01254,1180.86602854736,1954.74152,616.3381,2866.8157577,39.9339,86.5604,25118.8210129287,0,11495.1611022735,68.47673,4.22672,284.61591,0,417.00348,5555.29224401519,0,2810.94557802397,2761.12498216981,2567.908982,4746.3048398,2429.50420816169,4789.3557431575,3261.037069,0,24486.2218080224,42109.0546133017,33.8856,6570.41,35.99488,0,3.30002,0,23.72297,3.20426,0,0,0,0,0,0,0,0,0,0,0,0,0,0,0,0,0,0,0,0,0,0,0,0,0,0,0,4.4017,0,0,0,0,0,0,0,0,0,0,0,0,0,0,0,0,0,0,0,0,0,0,0,0,0,0,0,0
"SRR7754747",16.35393,30.20369,331.014517,765.6075854099,87.34917,25.597395,7185.80800642429,71.6357,5.22074,0,1507.562052,0,817.61406,184.537733,517.6432239391,16.429100363496,1081.427032,1341.564071,218.89778,2480.842257,26.151385,235.703343,22409.7825061696,67.80185,8868.25095072658,183.6003,7.32413,551.763392,0,308.484295,5939.63987677859,0,2466.53185429823,1979.45202348465,1009.17348441664,4977.12299460852,3413.848262,3542.07947133247,983.984283,0,19748.9021106727,22277.8317749061,6.366099,936.421,92.5492,0,8.31217,0,6.48363,0,0,3.40466,2.62777,49.520037,0,0,0,0,0,0,0,0,0,0,15.012107,0,0,0,0,0,0,0,0,0,0,0,0,0,0,0,0,0,0,0,0,0,0,0,0,0,0,0,0,0,0,0,0,0,0,0,0,0,0,0,0,0
"SRR7754746",27.334436,33.943267,74.022351,1222.41899964,61.4722,174.86659,13241.5335588,20.4431,7.69538,0,781.327618000001,0,1444.5366,312.559214,355.0073342503,53.528267,796.324863049711,1639.970262,337.768166,2855.533499478,104.5856031491,307.95916,24721.3815859284,507.70966,13393.4303508107,81.41953,4.074342,894.636830779308,0,266.168528,5484.87003620228,1.60425,4042.7997132187,4600.8718297,887.7510646,7170.46950154726,4126.584557,6290.39026067688,4714.43657,0,24087.6390201991,34079.6817453334,10.80098,5816.34,68.67138,0,15.43138,0,5.231152,10.76318,4.35671,1.78063,8.03662,0,0,0,0,0,0,0,0,0,0,0,0,0,0,0,0,0,0,0,0,0,0,0,0,0,0,0,0,0,0,0,0,0,0,0,0,0,0,0,0,0,0,0,0,0,0,0,0,0,0,0,0,0
"SRR7754750",0,57.40262,653.036317,747.66127,46.149513,59.41224,7002.841733,19.174691,0,0,1865.852952,10.07316,1126.0512,273.760251,555.5754206,11.426025,1229.254894,1872.914393,229.307768,3346.436122,16.4709,87.155173,23473.6137272407,1.33504,8070.66714432519,57.5676,11.876992,485.847243,0,105.2467,5390.31474581559,0,2432.781178,1867.82951200214,905.609413000421,5117.776007,3713.756164,3584.336951,632.73659,0,12829.6555253996,18803.0031502546,0,26.37071,12.15684,0,7.217396,0,0,0,0,0,0,0,0,0,0,0,0,0,0,0,0,0,0,0,0,0,0,0,0,0,0,0,0,0,0,0.632624,0,0,0,0,0,0,0,0,0,0,0,0,0,0,0,0,0,0,0,0,0,0,0,0,0,0,0,0
"SRR789901",5.75898,18.35918,495.5811,306.342569,53.26236,37.45904,2748.56262,4.32116,6.16964,0,2429.8986,0,112.00347,173.56057,1402.62185352086,27.78968,1121.982013,3861.95389038022,10.150536,2558.8221610033,244.752836,294.98012,152035.857483927,9.28842,8240.16163425933,69.06999,0,237.052097,0,375.11168,4101.2906596139,0,2855.17828405193,2623.38033006099,5231.11570148145,5501.52400231187,46.023751,2617.057388,11.5359,0,14887.678569287,24737.4856968913,0,40.86267,823.221638225198,0,4.52454,0,0,0,0,9.01965,0,10.1937,0,0,0,0,5.61132,57.2208,0,22.34643,0,0,0,0,0,3.61463,0,0,0,0,22.54988,0,0,0,0,0,10.4726,4.32338,0,0,0,0,0,0,0,0,0,0,0,0,0,0,0,0,0,0,0,0,0,0,0,0,0,0
"SRR5892577",0,15.57172,78.20445,24.2385,26.01034,22.12996,3372.51736,0,0,0,587.679739,7.50994,828.2277,48.85697,463.118988,29.9972835,953.6477803795,746.550473,0,3106.534209,4.92033,65.589932,44118.6877735674,2501.3754,5383.3787894,27.98276,0,54.12267,20.6518,259.59272,9129.62759562307,0,2265.62611794297,1680.64511,356.428553,10091.1910894878,28.107498,10496.3003983278,66.8181,0,11068.447813102,44997.6862775025,14.33668,0,105.60601,0,2.81432,0,0,1.95565,0,0,0,0,0,0,0,0,0,0,0,0,0,0,0,0,0,10.34555,0,0,0,0,0,0,0,0,0,0,0,0,0,0,0,0,0,0,0,0,0,0,0,0,0,0,0,0,0,0,0,0,0,0,0,0,0,0
"SRR5892570",109.2251,13.10081,54.554037,46.398047,14.95642,16.60618,586.797223,38.2329,0,0,5002.498494,1.51048,728.23991,147.90081,329.3767522469,3.52603,819.421745707904,979.243265865225,95.20932,3218.6321304,110.982515,169.8171071043,16000.0732281636,0,3641.442889,163.79468,0,30.15505,0,121.4474,4069.6779107094,9.603609,2328.56966081,1551.23989871527,643.891723,2647.05929545121,65.10239,1791.6199951,7.71134,0,10995.4456387212,12072.5082290536,0,0,47.636253,0,0,0,0,0,0,0,0,0,0,0,0,0,22.26461,26.20363,0,0,4.48383,0,0,0,0,3.50165,0,0,0,0,2.18729,0,0,0,0,0,0,0,1.43735,1.53479,0,0,0,0,0,0,0,0,0,0,0,0,0,0,0,0,0,0,0,0,0,0,0,0
"SRR786491",0,0,93.28182,120.99552,65.52759,6.78412,1849.350726,14.87143,58.39708,0,462.95376,16.17339,381.1639,101.90103,1079.16966,41.46539,504.4909,1401.910152856,29.7146,2394.16877000174,357.47598,246.8331,36948.6544535521,12.56155,4350.0855888,37.9093,0,36.39454,0,299.57547,4056.2226235307,0,1543.17778,1679.151338,2174.69302746569,4212.95417359864,597.60498,2709.8709966,42.78372,0,8179.185413,18351.695085789,0,16.26273,666.10338,0,0,0,0,0,29.2637,14.9942,5.13747,0,0,0,0,0,26.1175,137.92763855133,0,0,0,0,5.91638,0,0,0,0,0,0,0,38.66998,0,0,0,3.73093,0,8.86858,0,0,0,0,0,0,0,0,0,0,0,0,0,0,0,0,0,0,0,0,0,0,0,0,0,0,0
"SRR786490",0,0,59.90951,90.22924,27.37843,27.0619,3286.58195,0,20.78741,0,402.5951,2.99875,43.3811,18.56115,511.55277,32.70136,572.80589,2549.0826,298.57979,1357.99927006907,561.822696,390.31882,35746.400478971,16.34109,5796.65656,68.6913,47.2326,19.79973,0,232.12743,2907.91153403007,0,1895.0901088,2141.081,2325.29357000159,5977.4048101528,5.91487,2217.6000666,0,0,14409.2153940387,27739.205839183,0,17.004,2017.402,0,0,0,0,0,0,10.3072,0,0,26.0167,0,0,0,0,29.5335,0,0,0,0,0,0,0,0,0,0,0,0,63.77802,0,0,0,0,0,0,0,0,0,0,0,0,0,0,0,0,0,0,0,0,0,0,0,0,0,0,0,0,0,0,0,0,0
"SRR3407215",0,19.997636,192.33022137458,338.113171076949,145.5218,0,9461.01866876611,0,0.89114,0,625.0897326641,0,1241.477694,17.444037,899.299454,1216.266117,1531.8931459462,3101.07446942314,93.545882,3550.65134072138,103.304848,355.0491413159,47188.7850588516,40.991157,9953.39341085482,65.6382,0,159.9467828728,0,489.5478187606,7314.68044920258,23.1061,4125.54192801006,2552.72715574,1546.51462338814,8882.58887619234,107.802588,6769.14081957456,0,0,16933.9350299597,37964.3433313223,0,3.480281,397.9705653,0,0,0,0,0,7.39324,5.320306,0,3.792965,1.67901,0,0,0,0,9.74145,0,0.890363,0.696463,0,0,0,0,0,0,0,0,0,11.127089,0,0,0,7.217488,0,0,0,0,0,9.38792,0,0,0,0,0,0,0,0,0,0,0,0,0,0,0,0,0,0,0,0,0,0,0
"SRR777788",0,12.4127,62.6091,234.45657,39.3834,45.81071,5414.15228242149,0,152.1003,0,4147.0865,0,463.1633,191.1383,658.00573,45.96,1115.26573,1425.33757,43.4791,3099.70961,205.63336,281.22201,44207.141363166,0,10255.77315,9.98907,0,200.5514,0,431.72108172096,15925.8377522207,0,3043.25861,1988.36039059,1833.46407,3192.77325,16.0012,3622.46961,207.2474,0,14382.265757,45134.6122,0,0,1380.47391,0,65.1286,0,0,27.6186,19.73374,39.1507,0,0,0,0,0,0,0,50.7475,0,0,0,0,0,0,0,0,0,0,0,0,0,0,0,0,0,0,0,0,0,0,0,0,0,0,0,0,0,0,0,0,0,0,0,0,0,0,0,0,0,0,0,0,0,0
"SRR9162937",0,17.22183,306.137328,117.968982,52.98356,10.146827,3804.18671655,0,6.229363,0,2009.448283,0,725.042947,139.896072,966.0356065,203.570853,1939.461697,3313.57413870093,15.9112,3852.32266917482,94.197999,126.113185,32799.7266985085,28.917633,19187.2234647568,1378.56074,0,191.229929,24.47808,995.515426,5702.83904337168,0,6159.23759188716,4026.72977417783,2517.63330043061,6545.69114528127,165.966299,7513.85517236584,0,0.780877,23556.1482036717,36253.8590150243,0,35.79843,512.907834029452,0,0,0,0,1.29796,4.665385,24.08814,1.66935,2.205909,0,0,0,0,16.22673,148.0427236,0,0,1.46185,0,0,0,1.72589,1.18982,0,0.897888,0,0,0,0,0,0,0,0,3.71264,0,0,0,0,2.697381,1.7882,0,0,0,0,0,0,0,0,0,0,0,0,0,0,0,0,0,0,0,0,0
"SRR3407163",0,32.78047,126.320374,195.32673,63.74296,52.99283,8956.492455,0,0,0,2305.318514,0,2127.79383,168.14644,1211.735658,97.76061,1403.4765811,2428.46212616,70.25002,4727.628316734,89.486778,294.91021,59235.5368962592,43.9146,13833.6395531011,62.9169,0,205.751072,22.5658,768.623299,7189.12240072,0,4353.29370149,3523.802676,1198.526818,10099.4686550709,151.2549765,8458.89890945999,0,0,19505.328718659,39960.9618577604,0,330.46881,414.726251,0,5.49997,0,0,11.09314,6.43635,27.95225,0,0,0,0,0,0,3.7057,85.959901,0,0,0,0,0,0,0,0,0,0,0,0,0,0,0,0,0,0,0,0,1.0494,0,0,0,0,0,0,0,0,0,0,0,0,0,0,0,0,0,0,0,0,0,0,0,0,0
"SRR786492",0,7.39714,194.33258,116.5007,79.20977,0,3880.00658,0,64.44631,0,412.62305,25.71505,648.6317,82.88306,2176.11812027498,36.2093,751.90205,2049.12996168748,0,3843.78037,365.21111,226.20146,78505.0411332472,2320.8533,7897.11011,41.6937,0,53.49208,0,385.05622,4721.36968000307,0,2678.30436,3013.82876,2375.036615,5855.86944390398,1473.8465514,3744.09404018697,42.1183,0,13100.2319172758,31615.251658005,0,26.0522,535.71609,0,0,0,0,0,7.72384,24.901,7.89294,0,0,0,0,0,17.9432,135.329714,0,0,0,0,0,0,0,0,0,0,0,0,20.13736,0,0,0,0,0,7.37807,0,0,0,0,0,0,0,0,0,0,0,0,0,0,0,0,0,0,0,0,0,0,0,0,0,0,0
"SRR4374742",0,307.1574,160.98276,227.494,247.69633,93.70633,1795.63691944055,0,5.75815,0,1281.9872,0,295.688,369.00116,1841.29447008014,81.33391,2726.61837,2189.830588,0,5963.434774,44.54641,163.75344,40821.4515138,174.78793,13295.815563,80.76837,0,284.750497,0,938.89746,6044.273617815,0,4256.552089,2199.63095,1591.284595,10682.754053,125.60692,7100.800605,265.9195,0,20968.8572515812,30439.2745819805,20.8266,132.62352,351.852468,0,4.035163,0,0,0,24.14926,39.01277,0,0,0,0,0,0,30.0135,14.15268,0,0,0,0,0,0,0,0,1.66042,0,0,0,0,0,0,0,0,0,0,0,0,0,0,0,0,0,0,0,0,0,0,0,0,0,0,0,0,0,0,0,0,0,0,0,0,0
"SRR5892573",6.96224,11.9575,1377.1241,257.38465,183.59364,25.24448,2363.868745,22.87894,6.40029,0,1595.80292,60.49189,530.50089,116.090747,1167.730169,77.59222,876.197612,1916.971558,16.6966,3210.661758,115.00788,155.55679,23602.4567040169,0,4678.49533251,147.1596,0,91.97754,0,270.375045,5081.9877388,0,2085.153504,2247.741375,752.09397,5289.25762709664,41.82787,4294.570174,11.421,0,9361.35303568525,21672.8127197541,27.5613,6.95021,407.985119,0,9.39751,0,0,0,0,9.57535,0,0,0,0,5.20312,0,0,7.59496,0,0,0,0,0,0,0,0,0,0,0,0,13.35585,0,0,0,0,0,0,0,0,0,0,0,0,0,0,0,0,0,0,0,0,0,0,0,0,0,0,0,0,0,0,0,0,0
"SRR5892572",0,19.53646,559.513552,182.655037,258.036989,12.953846,3144.61273498,13.2993,3.25387,0,1142.166637,28.57848,464.17012,116.24767,814.086473244,92.686961,1215.968573,1858.569294,12.48728,4783.89414890188,78.357674,244.232506,26861.0262365018,20.18941,6778.42570585929,167.460945,8.75494,77.746504,0,393.529821,5480.56278179685,1.35362,2760.76009902073,3873.3150376,1226.37969324103,7302.67492403001,67.319223,4509.47206637322,355.723256,0,13155.8650297593,27578.0928277219,2.59278,35.30154,147.518496,0,13.45362,3.55352,0,0,0,6.71818,3.98339,5.34706,0,0,3.33252,0,6.23404,3.47338,0,0,0,0,0,0,6.67234,0,0,0,0,0,8.5576,0,2.96417,0,0,0,0,0,0,0,0,0,0,3.04646,1.56102,0,0,0,0,0,0,0,0,0,0,0,0,0,0,0,0,0,0,0
"SRR3407164",0,57.63403,277.321098,350.870713,263.48565,0,9422.909664,34.4853,7.215912,0,866.562961,1.25662,2435.45324,124.279242,1619.86508501712,108.289741,1806.18997515131,3454.21243254381,125.18346,5195.839777,61.3637492913359,348.168285,57828.5896729651,14.84173,13931.0751646128,56.900468,2.27554,361.524838,0,541.444245,10180.2101531611,20.14903,6807.03141177755,4093.51045800892,1657.4006780408,6388.38643376027,136.180895,7519.73208702782,0,0,20104.9993012574,46847.7436063363,0,111.348,5.40022,0,0,0,0,13.31336,6.13019,5.24458,0,0,0,0,0,0,0,22.94372,0,0,0,0,0,0,0,18.975271,0,0,0,0,1.63411,0,0,0,0,0,0,0,0,0,0,0,0,0,0,7.51378,0,0,0,0,0,0,0,0,0,0,0,0,0,0,0,0,0,0
"SRR9162936",0,65.4651193656,344.298585,194.200403,36.53454,5.221418,2478.2433,0,3.318582,0,1695.4315919,0,678.17,136.628371,1580.05343267,56.4998570000913,1338.77395512403,3982.89976755455,0,4857.44435402745,79.8630732,256.964189,44372.0338587667,51.344681,9610.93652403678,52.872559,0,365.3778523487,0,989.69925,6884.80514982991,2.316108,3675.55147738,3666.51198874668,1363.1951947049,7670.73740679307,202.6250953,8347.00844723895,633.4046,0,15700.4469806464,47097.1167145699,9.62919,190.924786,231.173,0,0,0,0,2.34102,23.86617,21.531719,0,1.69143,1.68392,0,0,0,3.48526,80.96797,0,0.48067,0,0,0,0,0,0,0,0,0,0,0,0,0,0,0.635636,0,3.715238,0,4.191464,0,0,0,0,0,0,0,0,0,0,0,0,0,0,0,0,0,0,0,0,0,0,0,0,0
"SRR15713750",226.223,24.04586,104.60475,764.77068,78.69894,305.63318,3798.8393187,33.56418,7.74213,0,1308.8237356074,12.7628,73.8753,473.720827,4879.26035,22.45831,1798.63351360157,3792.14297818258,45.39424,2728.05272500047,358.328877,936.5634,22249.6576245121,7.61051,16198.3499980052,38.96064,23.886681,163.288209,7.7174,692.683646,5748.02759270072,3.3978,1983.848311,5084.159189,1961.7361362743,4045.534485,335.01453,2368.64078623531,58.6293300393899,0,44911.0582321582,26133.3962501364,0,750.4282634,2.83444,0,0,0,0,0,0,0,7.84204,18.29405,0,0,48.8181,0,0,0,0,0,0,8.165556,0,6.2573,50.920422,8.61876,0,0,0,0,0,0,0,0,0,3.08081,0,0,0,3.93457,0,0,0,0,0,0,0,0,0,0,0,0,0,0,0,0,0,0,0,0,0,0,0,0
"SRR8670231",0,0,496.447273,238.084444,2033.622432,20.78617,6190.5344477122,99.40639,0,0,3587.800957,0,41.672536,293.316928,1419.765628,35.362461,3009.399659,3943.417952,1125.333098,3682.55807000336,0,163.076144,36643.8403539568,3.869879,12197.1991353386,102.000179,0,1598.488678,0,555.56851,5849.83062086328,0,3001.286921,1621.2663989805,1193.457484,24916.876292211,503.733255,2379.604629,18.606915,0,25418.858307,31073.9751604512,0,0,0,0,1.07722,0,0,0,0,0,0,0,0,0,0,0,0.572869,0,0,0,0,0,0,0,0,0,0,0,0,0,0,0,0,0,0,0,0,0,0,0,0,0,0,0,0,0,0,0,0,0,0,0,0,0,0,0,0,0,0,0,0,0,0,0
"SRR8061632",25.41941,307.60168,82.990935,1813.141558,151.5799,20.536447,1637.29639837675,1.61134,5.42251,0,7514.037822,0,311.128413,733.625276,1870.55613020475,453.110711,4291.73019291128,3020.21792944188,876.880514009488,9843.66197059999,154.44606,287.788174,51545.9397588724,0,16752.6443075632,73.47436,0,598.682799,0,676.5424882,15497.5698981526,85.08045,8242.28745734889,3587.98385997102,3773.862301346,5397.7292371964,16.64594,4688.13930553229,22.118595,0,32520.0301717749,37061.5675630137,1.28165,17.572114,383.234433,0,27.054987,0,0,0,11.02125,11.1134,0,1.36042,0,0,0,0,0,0,0.933553,0,0,0,0,1.42317,5.11015,0,0,0,0,0,0,0,0,0,0,0,0,0,0,0,0,0,0,0,0,0,0,0,0,0,0,0,0,0,0,0,0,0,0,0,0,0,0,0
"SRR9670663",0,0,5.314316,994.591,0,688.553,38.30109,0,0,0,136.730337,0,1.54652,1.80763,1480.513021529,181.9772,1360.56449,1766.63355,806.96094,1021.389541,0,9235.2484,32323.4494789623,1.46728,10297.790076,0,0,0.853027,0,0,10524.989679,0,1033.215427,6275.87778,5257.421855,2887.381669,0,940.492084,0,0,19763.442985,28579.671217,0,0,0,0,0,0,0,0,0,0,0,0,0,0,0,0,2.66983,0,0,0,0,0,0,0,0,0,0,0,0,0,0,0,0,0,0,0,0,0,0,0,0,0,0,0,0,0,0,0,0,0,0,0,0,0,0,0,0,0,0,0,0,0,0,0
"SRR1611554",5743.47502,0,143.83112,53.99349,12.81658,14.61448,1062.79425100235,37.3068,53.33334,0,2028.75052,35.3771,1760.65799,34.04206,269.067576768598,0,2797.47621,1872.3689,5.32581,1578.12675,100.62331,133.33587,11788.182057,21.59615,5896.811435,9.72587,0,44.15201,0,81.19432,3929.719566,0,1764.67051018336,1055.53144,762.840469,7080.201947,144.9365289,2348.36268200192,2.99702,0,8821.57592670001,13161.8505060006,0,108.99942,1488.63372901853,0,0,177.39279,0,0,0,0,6.363,0,0,0,0,0,0,0,6.5093,3.4253,0,0,3.68079,4.48557,0,5.4123,0,0,0,0,6.01038,23.62539,0,0,0,9.05049,0,0,0,36.08201,0,0,0,0,0,0,5.49042,34.63841154686,13.42826,7.21922,0,0,0,0,0,0,0,0,0,0,0,0,0,0
"SRR9589082",10.721559,63.16203,256.40038,1.98579,2.45543,0,3061.90633,0,0,0,169.32629,0,788.27528,5.92108,590.77745,25110.24,809.5656,6079.36115,0,2216.825423,0,43.06475,20537.179799,0,12174.727673615,0,1.63511,361.84199,0,0,11572.885547,0,7861.794374,1884.513506,50.769165,9328.737662,1408.543611,3555.084678,0,0,14747.5396480353,37391.398414,0,0,15.8576,0,0,0,0,0,0,0,0,0,0,0,0,0,0,0,0,0,0,0,0,0,0,0,0,0,0,0,0,0,0,0,0,0,0,0,0,0,0,0,0,0,0,0,0,0,0,0,0,0,0,0,0,0,0,0,0,0,0,0,0,0
"SRR1611559",307.5027,0,17.79409,70.70495,13.8176,11.53514,1712.499054,6.16113,3.04427,0,4609.304035,0,2615.8499,129.15366,405.16934,8.40297,1455.23444013615,1818.975952,0,2443.42721,7.53774,183.05109,18792.0991304222,0,12341.8624886765,0,13.8075,51.99786,7.1505,93.72956,3823.377965,0,1799.50551000208,2629.46733,350.21889,5023.9196577,132.46157,3380.89534,6.44853,0,19591.86652207,18624.9405328915,0,7756.23126,249.28376,0,2.24144,27.74021,0,0,0,0,0,0,0,11.7185,0,0,41.7025,0,25.54873,4.96722,11.084,0,0,0,4.48092,0,0,0,0,0,0,0,0,0,0,0,0,0,0,0,0,0,0,0,0,0,0,0,0,9.6896,0,0,0,0,0,0,0,0,0,0,0,0,0,0
"SRR1797883",88.30545,5.24282,227.121960037647,131.435091,16.34031,97.80159,1189.11358,10.29985,78.994696,0,1424.7020065,4.50766,292.93263,205.28233,553.04583,63.30644,681.14369171672,1556.721928,0,1053.3547897764,516.207804081132,135.56153,10809.9828685294,17.25609,5123.3882200824,51.809133,10.29862,106.575585,0,204.575276,3109.657464,8.40414,1154.06568561991,1055.12838156862,2579.436464,2546.99304666147,397.0807,2201.63046456736,49.85694,0,13590.9332849409,10836.6352033134,9.13292,670.17955,73.70483,3.77159,6.07705,0,0,12.04111,9.26234,12.03598,10.92875,0,18.59954,0,0,0,0,0,0,0,0,0,0,0,0,0,0,0,0,0,43.7544,0,0,0,0,0,0,0,0,0,58.51317,0,0,0,0,0,0,0,0,0,6.9274,0,0,0,0,0,0,0,0,0,0,0,0,0
"SRR1976176",117.0297,12.1036,200.5277,91.80157,30.8758,25.3683,910.63305,0,75.7141,0,1162.73434,16.4326,137.35955,59.5479,370.88801,18.7347,1081.37833874,1138.80937,120.3224,1499.687379,74.1286,43.0726,15472.76551964,22.19526,5042.11668,84.0557,11.8593,144.95673,0,174.8528,40039.70548,11.0869,1020.0006,842.0444,1489.657595,1879.66056,0,3217.95716,195.1065,0,9348.68367203201,10169.19528,0,20.0051,211.82915,0,69.495,0,0,0,0,44.9777,0,0,0,0,0,0,0,0,0,0,0,0,0,0,0,0,0,0,0,0,0,0,0,0,0,0,0,0,0,0,0,0,0,0,0,0,0,0,0,0,0,0,0,0,0,0,0,0,0,0,0,0,0,0
"SRR1695460",19.7767,62.4231,413.6693,757.56199,166.32368,14.04311,1809.5860203,11.3351,12.7369,7.94837,1666.34871,0,613.77,243.5388899,1838.04203,51.03595,2381.11676,7790.258041,159.36741,2280.49592,32.45285,201.99149,26256.9985746219,13.35203,16728.6453821061,98.17368,41.30979,2388.6881,0,525.73005,6430.83658000188,138.6946,5312.054072373,21768.160988,921.72251,5698.93863670001,110.66891,11098.4149004,3551.26975,21.2981263,30337.3823987965,47507.2430902024,0,195.48769,8.10927,0,26.34048,0,0,0,0,17.1792,0,0,0,0,7.14287,0,0,0,0,0,8.9141,0,0,0,0,0,0,0,0,0,0,0,0,0,0,0,0,0,0,0,0,0,0,0,0,0,0,0,0,0,0,5.07737,0,0,0,0,0,0,0,0,0,0,0,0
"SRR1695469",115.97561,0,21.122,122.3808,34.2357,63.4452,1485.79992,11.0236,18.06728,0,1889.4668853,16.1256,500.96179,163.733,453.29719,0,505.66986,1276.0155,313.24778,1560.31668,104.01064,162.67084,12667.4574300188,18.3798,4632.6071217316,20.12181,8.19364,67.42907,0,98.91545,3445.86164,0,1252.34836,10369.369359,1416.919062,2069.29145,17.1138,4051.498629,264.02983,27.6834,23844.9980715546,12607.5540912559,0,14.34463,762.330253,0,0,0,0,0,0,0,0,0,0,0,0,0,0,0,0,0,0,0,0,0,0,0,0,0,0,0,0,0,0,0,0,0,0,0,0,0,0,0,0,0,0,0,0,0,0,0,0,0,0,0,0,0,0,0,0,0,0,0,0,0
"SRR1695461",99.65068,64.34771,453.5048,3725.77398,22.49546,115.25001,12771.864905,5.22369,158.61686,0,494.73986,28.8956,513.6883,316.402614,763.893810361231,144.50827,1335.66027,2449.4807,58.50817,2102.67524790401,371.09054,468.87031,17031.9451310734,12.1674,13430.751364215,36.61807,8.37944,97.93574,4.17121,467.925408,7045.15019002516,62.7132,2756.136544,3147.277607,1752.09106,6203.83955190143,705.44171,4846.87405865,2267.55929,4.39536,35288.7422383429,34561.6864015459,0,20.35939,9.70015,0,43.45444,4.96703,0,4.70373,2.18984,13.86135,0,0,0,0,0,0,0,79.18961,0,0,0,0,0,0,0,0,0,0,0,0,0,0,0,0,0,0,0,0,0,0,0,0,0,0,0,0,0,0,0,0,0,0,0,0,0,0,0,0,0,0,0,0,0,0
"SRR8627696",0,0,13.12339,0.376321,0.52393,0,822.357776,0,1.080251,0,29.88974,0,0,2.224917,799.875904,0,241.530446,271.027509,0,250.995778,4203.972112,0,9745.52304222,0,947.258709,0,0,0,0,17.5035,12949.2594418,0,3533.7329271,5.375417,55.534407,675.654336,1214.92399,7261.906028,0,0,88295.183451,5078.76116989221,0,0,685.213052,0,0,0,0,0,0,0,0,0,0,0,0,0,0,0,0,0,0,0,0,0,0,0,0,0,0,0,0,0,0,0,0,0,0,0,0,0,0,0,0,0,0,0,0,0,0,0,0,0,0,0,0,0,0,0,0,0,0,0,0,0
"SRR2131253",16.34374,2.75616,26.161070216312,71.08984,28.60314,12.05299,604.597235,3.07662,17.00696,0,354.07613,12.08232,67.41345,475.16886,153.38204,9.28308,6107.66484517777,397.291475,31.80004,515.5406055,30.23603,692.169656,5630.59986394935,0,27046.7609535046,19.16237,0,61.63453,0,35.38321,1190.700458,0,415.886355,5375.78176412472,334.001953418,720.195373,10.64328,492.96540489655,43.038501,0,55026.2900031829,17391.4683531184,40.436943,4573.151937,61.46596,0,0,0,0,0,0,0,0,8.88477,0,3.19143,0,0,0,14.29218,2.50936,0,0,33.82539,8.82998,0,7.12238,18.9822,0,0,0,0,0,0,0,0,0,0,0,0,0,0,0,0,0,0,0,0,0,0,0,0,0,0,11.04549,0,0,0,0,0,0,0,0,0,0,0
"SRR5239618",54.414570218809,0,104.2211498,2.42573,2.76968,0,167.644639,0,0,0,156.194007,0,201.274639,78.10005,80.6595,0,469.780516,302.243286,0,215.3159846,5.35876,47.0137,1889.91053945306,15.7312,3128.2910317,42.31749,0,5.52055,0,10.56712,382.886515,0,229.155023,677.008146,51.16982,1509.90173028144,5.92158,250.864015,2.08515,0,4282.69004358456,3458.311883,0,113.0065,164.014537,0,0,0,0,0,0,0,0,4.32969,0,0,0,0,0,0,0,0,0,0,0,0,3.55098,0,0,0,0,0,0,0,0,0,0,0,0,0,0,0,0,0,0,0,0,0,0,0,0,0,0,0,0,5.3447,0,0,0,0,0,0,0,0,0,0
"SRR11674125",82.28953,38.49387,170.51721,66.7180275,0,102.55444,5187.45299700311,10.7968,3.73595,0,554.040901,108.221,1295.12989,32.874643,214.376495,28.786403,385.328158,509.812019,15.099129,1180.896598,58.62998,113.02544,6199.77065239999,3.13505,2441.532,483.912,0,46.775201,1.10115,210.99291,1333.2168698,0,787.245748,840.208771,180.699269,3135.718884,202.7172526,1042.053905,5.192502,5.96299,6782.299476,8627.07494437,1.51512,140.29754,214.479025577825,0,1.0165,0,0,0,0,0,0,0,8.65007,0,0,0,0,0,0,0,0,0,0,0,0,0,0,0,0,0,0,0,0,0,0,0,0,0,0,0,0,0,0,0,0,0,0,0,0,0,0,0,0,0,0,0,0,0,0,0,0,0,0,0
"SRR8318357",13.60123,0,5.9043,69.767855,3.32511,0,251.96911,1.24755,10.810335,0,129.052103,0,38.40852,0,46.0506,0,82.761025,299.16813,41.676214,274.446353,77.36144,55.91932,1657.704102,42.24928,445.854712,2.59563,0,12.8943,0,20.20758,415.53014885596,0,112.387746,927.683914,200.795144,605.764754,2.88656,280.913865,0,0,783.87597114683,1588.24222539,0,0,36.74187,0,0,0,0,0,0,0,4.9143,1.93897,0,0,0,0,0,0,0,0,0,0,0,0,0,0,0,0,0,0,0,0,0,0,0,0,0,0,0,0,0,0,0,0,0,0,0,0,0,0,0,0,0,0,2.17952,0,0,0,0,0,0,0,0,0
"SRR5239621",43.16454,2.887951,295.96729,93.218983,7.51004,24.373497165028,589.5553146,7.7596,9.70897,0,1168.72185200505,19.043789,664.203577,106.323241,401.336374,3.96553,360.161481,317.831095,31.71002,403.724022,36.057005,101.279407,6764.25678080864,2.95341,2407.880049,27.96747,4.716440516622,53.623726120013,8.75395,133.833766,914.890767840909,0,730.662972,1058.93528313221,437.035278,3002.58286844789,82.37491,760.396426,28.24749,0,4173.40213362228,5286.04419567805,13.8348,14.50519,109.133521,0,1.11699,0,0,0,0,1.84353,0,0,0,0,0,0,1.66047,0,0,0,0,0,0,0,0,1.08146,0,0,0,0,0,51.29391,0,0,0,0,0,0,0,0,0,0,0,0,0,0,0,0,0,0,0,0,0,0,0,0.815556,0,0,0,0,0,0,0,0
"SRR2057018",0,0,178.055,39.9053,68.4847,0,712.24,0,0,0,1159.65082,0,262.931,0,257.8942,0,477.1568,473.9506,0,1661.9854,32.7849,786.1339,11170.6075,646.0225,4231.6021,0,0,0,0,54.079,4376.9712,0,514.8199,3657.82491,549.3303,2353.5713,27.5356,1382.3308,0,0,12534.1054,9141.21962810582,0,0,0,0,0,30.3117,0,0,0,0,0,0,0,0,0,0,0,0,0,0,0,0,0,0,0,0,0,0,0,0,0,0,0,0,0,0,0,0,0,0,0,0,0,0,0,0,0,0,0,0,0,0,0,0,0,0,0,0,0,0,0,0,0,0
"SRR6926338",53.2519,0,16.0826,28.7406,0,7.03796,183.55776,0,19.70736,0,128.22343,0,139.244,28.92647,167.04325,14.16461,112.92474,348.92592,10.6626,437.924190001138,96.8952,141.75391,4010.37885017458,16.74703,3300.433843,39.099,18.9666,47.51214,0,58.65601,1610.698386,0,255.64145,314.5201041,210.6094721,809.45228,10.69518,763.91658,59.68562986,0,5487.4519762189,4466.9213742137,0,100.142,90.04094,0,0,0,0,0,0,0,4.04269,0,0,0,0,0,0,0,0,26.9199,0,0,0,0,0,0,0,0,0,0,0,5.23515,0,0,0,0,0,0,0,0,0,0,0,0,0,0,0,0,0,0,0,0,0,0,0,0,6.96005,0,0,0,0,0,0,0
"SRR11674123",69.19974,12.9605,276.364625,61.270761,39.3647,94.660169,725.446161750307,12.6747,41.787768,0,951.806920001368,1.16654,3037.47936,33.918993,271.780749,120.32969,654.58933,1525.293694,6.07559,1293.6669444,135.900874566137,82.499012,10772.6331873241,2.71055,3662.3540023,115.6902,0,123.240574,0,91.40921,3508.0209257437,1.83989,913.156749062101,767.1885,827.905189000001,7282.04090602953,117.712232,3030.9469781,0,38.7513,10755.2223513869,19774.765793,0,15.8551,305.952938,0,2.31724,0,0,0,2.77361,0,0,0,0,0,0,0,0,3.92624,0,0,0,0,0,0,0,0,0,0,0,0,0,0,0,0,0,0,0,0,0,0,0,0,0,0,0,0,0,0,0,0,0,0,0,0,0,0,0,0,0,0,0,0,0,0
"SRR6926334",64.1801,0,0,61.3063,59.7254,0,332.34219,19.4451,259.302,0,545.5194,0,196.22,9.65563,572.42368,0,354.09087,703.19673,93.46905,1831.83129,523.5777,935.3361,8394.00100464999,49.9236,2357.67296,16.6659,0,37.6119,0,17.8695,3529.02802,0,462.4066,939.173970110345,748.10448,2909.86821,382.351,1073.30644,14.3738,0,7288.454656,8056.37075,0,56.6047,1438.89671,0,0,0,0,0,0,0,0,147.6156,0,0,0,0,0,479.5471,0,0,0,0,0,0,0,0,0,0,0,0,0,0,0,0,0,0,0,0,0,0,0,0,0,0,0,0,0,0,0,0,0,0,0,0,0,0,0,0,0,0,0,0,0,0
"SRR6926323",136.21551,0,65.8404,104.64431,0,29.71625,360.1342,0,32.2393,0,234.7927,46.1974,226.6848,0,10.8726,0,115.1536,607.89866,0,319.1219,292.34048,414.3687,5955.10905,31.152,2782.98317,0,0,76.3714,0,21.3969,1949.77948,0,98.3596,537.28312,733.86993,1807.93645,132.84654,2312.09,0,0,12873.58952,11196.62629,0,238.4986,370.0901,0,0,64.2004,0,0,0,0,0,0,0,0,0,0,0,0,0,0,14.6173,0,0,0,0,0,0,0,0,0,0,0,0,0,0,0,0,0,0,0,0,0,0,0,0,0,0,0,0,0,0,0,0,0,0,0,0,0,0,0,0,0,0,0
"SRR8245857",6.03574,7.63103,141.52932,34.90611,0,21.1532,605.34602,0,142.42656,0,392.16748,5.12252,671.404,32.18795,177.18242,25.57738,290.40051,652.4749,9.94559,490.86636,123.36523,66.61457,5391.993655,0,3000.79077,239.77596,0,100.43529,10.164,74.44801,1398.06996,0,481.08197,2460.60443,377.9548,1009.26663,41.95059,1704.25959,6.50937,4.24441,12498.3575255336,5225.30625,0,391.63356,2257.793128,0,0,0,3.16833,0,0,0,3.62423,0,0,0,0,0,0,5.08033,0,0,0,0,0,0,0,12.09967,0,0,0,0,0,0,0,19.7639,0,0,0,0,0,0,0,0,0,0,0,0,0,0,0,0,0,0,0,0,0,0,0,0,0,0,0,0,0,0
"SRR11674130",12.312421,4.26271,161.966091,81.621856,151.025599,363.85412,4385.466295,30.1922,77.33846,0,3258.46489,20.6566,1224.92747,477.9661735,1034.033199156,345.725404,8122.4970518715,2641.6777082664,59.246461,3573.10367776283,49.256837,292.838339267594,20518.2178024001,8.01734,8207.76422250808,6.02591,1.56843,69.4031,15.02761,687.74996477387,8646.41033363491,155.6831,4585.7161177723,2187.915317438,346.850099,7394.64931092057,292.49314,2439.33266470547,10.12791,10.7416,22937.0494198781,26704.8595383726,19.50693,5.18821,25.10006263565,0,1.99012,3.64079,0,0,2.46026,0,0,0,1.77714,0,0,0,1.41987,3.64708,0,0,0,0,0,0,0,0,0,0,0,0,0,1.3929,0,0,0,0,0,0,0,0,0,0,0,0,0,0,0,0,0,0,0,0,0,0,0,0,0,0,0,0,0,0,0,0
"SRR3472303",270.73078,9.14925,1068.5775,107.7029,64.3804,55.03615,1124.549641,18.9328,6.86597,0,3226.55696045365,14.1164,1056.96,214.67557,897.26303,54.72108,1396.35023,2781.72636000484,54.452,2208.73395323222,22.1566,117.35285,17376.6781702781,14.0178,10341.2043966786,10.3205,0,188.02239,0,197.93406,3351.82721007134,0,6867.74611,5711.7539,703.41674,3332.24364,24.6958,2234.92553,5565.5196,0,25210.0560236128,43908.3106888425,23.8138,60.6839,36.5953,0,0,0,0,0,0,0,0,0,0,0,0,0,0,0,0,0,0,0,0,0,22.87316,0,0,0,0,0,0,0,0,0,8.2373,0,0,0,0,0,0,0,0,0,0,0,0,0,0,0,0,0,0,0,0,0,0,0,0,0,0,0,0,0
"SRR8318352",0,0,33.7011,497.76541,0,14.5119,367.17229,10.8396,0,0,341.78257,10.7997,558.94864,19.28567,49.62051,61.85187,363.73551,256.05937,0,802.97434,38.8194,77.91302,4706.764693,14.66166,1341.22246,283.262,0,14.65183,0,30.07699,1048.60206,9.40956,154.34891,428.97783,136.18665,1219.67958,162.80149735,846.11095,39.23175,0,3154.937770564,3929.9003506,0,0,72.72777,0,0,0,0,0,0,0,0,0,0,0,0,0,0,0,0,0,0,0,0,0,0,12.3535,0,0,0,0,0,0,0,0,0,0,0,0,0,0,0,0,0,0,0,0,0,0,0,0,0,0,0,0,0,0,0,29.64721,0,0,0,0,0,0
"SRR5239619",5.86957,0,24.35333,2.691281,1.09374,0,147.414219,0,0,0,300.472925,5.07789,435.553,12.863407,108.66695,0,149.819354,474.699704946808,3.08456,171.56186,11.83353,43.461061,2147.16011940118,1.5188,1304.810504,55.246233,0,7.673712,0,22.668482,317.353772,0,144.8839,491.15707675,305.712932,1452.14273996201,3.17062,435.37026064,1.9384,0,1517.9694784,2302.1013742479,7.909137,7.061337,174.858067,0,0,0,0,0,0,0,0,0,0,0,1.109254,0,2.29955,0,1.47518,0,0,0,0,0,0,1.02049,0,0,0,0,0,0,0,0,0,0,0,0,0,0,0,0,0,0,0,0,0,0,0,0,0,0,0,0,0,0,0,0,3.81874,0,0,0,0,0
"SRR8318359",1.65586,2.44807,82.158671,40.36028,6.772291,13.239312,363.01129315,3.571208,2.22566,0.809056,476.410697,5.70223,47.222696,27.722265,129.8865508,8.73264,303.684895,363.827152000609,19.348514,442.67248972634,30.8068261401,37.968207,4025.94848699528,57.441206,1925.0121295161,18.47717,0.763615,28.042695,0,63.9155900018299,1867.88822044792,0,420.179888796737,514.8601240042,243.63736953802,2099.93193,7.815888,804.95496435,24.927361,1.13016,3216.35250622305,3396.9637567863,1.04618,51.821596,40.73707,0,8.813989,0,0,1.24118,0,2.05991,0,1.82184,1.08,0.777881,0,0,2.90055,1.14198,0.877189,0,0,0,0,0,0,0,0,0,0,0,0,0,0,0,0,0,0,0,0,0,0,0,0,0,0,0,0,0,0,0,0,0,0,0,0,0,0,0,0,0,0,0,0,0
"SRR2057026",0,0,42.4009,18.24709,0,23.47852,464.060056,5.71744,481.111746,0,141.41514,0,86.92961,36.61419,163.79972,10.9188,568.37407,744.58936535372,0,445.9956,472.516866,140.46432,2655.684988,27.00746,1082.023827,32.5824,14.72293,37.7002,0,59.21254,1102.83416,0,305.935516,371.000846,1253.9146136,1913.408525,87.155826,783.32577,5.83485,0,3252.970583,3999.69463,0,44.91,1450.440409,0,0,3.8846,0,0,0,0,0,0,0,0,4.76195,0,0,17.12515,0,0,0,0,0,0,0,0,0,0,0,0,0,0,0,0,5.93553,0,0,0,0,0,0,0,0,0,0,0,10.31974,0,0,0,0,0,0,0,0,0,0,0,0,0,0,0,0,0
"SRR1505121",0,3.586532,25.461805,20.418285,9.20437,0.957,158.735802,5.6324,86.4482701145,5.6576,1593.3597863,2.010274,1028.491,16.29064,73.57047,4.632024,220.435092,752.562218200001,0,463.1496467,161.003773,28.82299,4484.3748850401,2.06525,1690.31217307,112.73471,0,27.468913,0.876023,29.97952,903.980911,0,758.3660763,457.770928,563.174494,1995.042933,7.01151,920.321502757,6.69323,0,4577.191079,6262.59022686675,0,0,382.522166,0,3.99282,0,1.59718,1.96789,0,0,14.49698,1.49632,0,0,2.10373,0,0,6.241475934,0,0,0,0,0,0,0,0,0,0,0,0,0,0,0,5.32708,0,0,0,0,0,0,0,0,0,0,0,2.717704,0,0,0,0,0,0,0,0,0,0,0,0,0,0,0,0,0,0
"SRR1505124",31.48618,8.82061,87.658945,144.63527,18.189386,13.58953,794.910436,9.13171,10.27894,0,5250.31875,6.07397,875.73246,84.25367,292.442384,26.19712,455.287498,787.3394354,174.7067875,678.280095,9.67433,139.40866,12218.15016011,4.27949,4586.25306767944,193.0164,0,64.865881,0,110.15263,1812.8120504162,12.98385,1284.178822,2336.654215,587.12028827,2011.852226,96.1664100201935,2119.419239,14.1105,5.14314,4931.21443736933,8094.68397945545,0,29.6799,0,0,7.47056,0,0,0,0,9.91785,0,5.28204,0,0,0,0,0,0,0,7.38584,0,0,0,0,0,0,0,0,0,0,0,8.1562,0,7.66839,0,0,0,0,0,0,0,0,0,0,0,0,0,0,0,0,0,0,0,0,0,0,0,0,0,0,0,0,0,0
"SRR8318351",2.65382,3.25831,2.22458,0,6.23805,0,514.78137,0,133.879377,0,185.274546,0,42.25272,21.71969,52.88467,0,71.022353,235.927492,0,95.248944,415.534806,75.24347,777.131077,12.94621,620.508234,77.9574,0,2.51849,0,5.45898,158.605818,0,74.65298,160.649202,215.304976,739.989896,1.57425,533.274729207,0,0,2190.577804,1467.99747417604,31.30199,26.6934,2.56223,0,0,0,0,1.51299,0,0,22.75098,0,2.90106,0,4.89407,0,5.48338,0,0,0,5.33653,10.63889,0,2.8915,0,0,0,0,0,0,5.46737,0,0,4.9397,0,0,0,0,0,0,4.28299,0,1.24876,0,0,0,0,0,0,0,0,0,0,0,0,5.853437,0,0,0,1.14913,1.32174,2.20335,0,0
"SRR6926327",0,0,36.93349,11.8573,0,128.89942,472.08278,0,35.27043,0,559.5186,0,344.5749,110.5069,242.58237,0,221.601,535.77303,47.5071,1013.35614,153.94659,262.8948,4109.51661,31.4376,1279.2225,102.002,0,38.5971,0,26.7585,2927.3664999,0,257.0127,407.49951,1349.17091,2460.66001,617.2643,1080.61321,0,0,6000.2689189,9762.78945,0,0,421.80962,0,0,0,0,0,0,0,0,0,0,0,0,0,0,0,0,0,0,0,0,0,0,0,0,0,0,0,0,0,0,0,0,0,0,0,0,0,0,0,0,0,0,0,0,0,0,0,0,0,0,0,0,0,0,0,0,0,0,0,0,0
"SRR2665508",749.313058,10.334591,20.096202,3152.2386814,6.36222,3.661988,35251.2672614,0.0964979,8.514392,0,186.190911,0,1672.98543,76.980559,2962.7535415,13.556458,1080.56165682996,2848.92567609463,41.972491,728.21454,29.233175,276.055097,83944.8995008193,0.58574,12164.2334835343,239.912871,0.657251,438.433077,4.10425,90.689828,3378.547741,1.44552,857.124053,1743.36392700389,164.089685,21680.3127841,1350.662286,1228.4500818014,0.8262,0,10831.4368573892,10115.285219769,7.50621,81.2496,375.992883,0,0.683968,0,0,0,0,0,0,0,0,0,0,0,0,0,0,0,0,0,0,0,0,0.761705,0,0,0,0,0,0,0,0,0,0,0,0,0,0,0,0,0,0,0,0,0,0,0,0,0,0,0,0,0,0,0,0,0,0,0,0,24.6076,0
"SRR8258011",283.87249,9.38012,51.0124,451.06905,0,27.839,2386.44861,26.3471,87.53092,0,284.167665,0,115.818,60.0237,253.09554,9.86876,484.36731,656.95763,14.8494,466.13616,246.40069,500.5961,26032.13129,17.8682,2856.70602,193.73851,0,159.17468,0,145.76871,1490.83283,0,171.74499,681.09221,3054.541371979,2254.31481,195.43358,846.24729,0,0,4775.25966,6687.375991,0,0,1017.482539387,0,26.4846,0,0,0,0,0,12.5865,0,0,0,0,0,0,18.92169,0,24.3049,0,0,0,0,0,0,0,0,0,0,0,0,0,0,0,0,0,0,0,0,0,0,0,0,0,0,0,0,0,8.99721,0,0,0,0,0,0,0,0,0,0,0,0,0,0
"SRR2004430",43.630127,21.62315,64.107222,78.36446,7.28849,36.75782,278.006016,7.77295,24.98374,0,439.12617,8.02116,1001.26978,74.860009,384.07205,20.33599,324.485569,329.306870485,29.2083258,530.789541,62.16028,67.827554,5667.1014521596,3.6722,2393.82762042666,60.48509,0,22.167787,14.2626,87.65746,833.401809,8.75864,956.186639,934.00582584,260.566783,2655.95555530167,16.41933,1269.93013,3.35077,0,3778.03881800129,5352.13820897525,3.61872,43.1776,100.86955,0,8.30191,0,0,0,0,0,0,0,0,0,0,0,0,0,0,0,0,0,0,0,0,51.20422,0,0,0,0,0,2.89242,0,0,0,0,0,0,0,0,0,0,0,0,0,0,0,0,0,0,0,0,0,0,0,0,0,0,0,0,0,0,0,0
"SRR11674132",72.23715377,2.20208,351.79134,265.95805,31.10407,160.634198,2323.49336,0,11.98387,0,1333.8581073,0,861.66,238.29983,551.414424,8.63461,1085.66977,1262.358179,61.87981,1625.17264549132,59.0403,174.884696,20701.9550741233,0,10147.6587673105,25.52961,2.0855,72.14293,0,120.92429,3189.4672790017,0,3167.994105,2152.0627,469.482111,5920.76239873921,387.2729265,1652.5091,49.88876,9.19213,13791.8985858,17067.8238184,16.66314,198.27576,155.467727,0,11.33333,0,0,0,7.04124,0,0,3.75162,0,0,0,0,0,2.82231,0,0,0,0,0,0,0,0,0,0,0,0,0,661.693,0,0,0,0,0,0,0,8.02471,0,0,0,0,0,0,0,0,0,0,0,0,0,0,0,0,0,0,0,0,0,0,0,0
"SRR1505141",95.94123,7.31742,64.3108,44.95529,13.99626,41.73259,380.0951243097,7.73713,48.32998,0,2964.324136,5.07556,788.263249,21.57849,202.47564,21.6674,859.293340002424,1053.676282622,51.97452,1274.113274,227.55134702453,80.83527,6791.08555724635,0.849222,2964.06061894654,1198.87879,6.79446,59.00431,0,153.15834,2462.4729550484,8.62545,1071.399051,711.667286,1467.19425983487,4701.14719185542,26.55331,1705.08582,42.5288,22.5287,4403.42410577482,8303.80241997325,0,20.07725,195.623936,0,3.00412,0,0,0,0,0,5.0741,0,0,0,0,0,7.98385,11.147363,0,0,0,0,0,0,0,0,0,0,0,0,0,0,0,0,3.87358,0,0,0,0,0,0,0,0,0,0,0,0,0,0,0,0,0,0,0,0,0,0,0,0,0,0,0,0,0
"SRR8943410",346.141,7.86064,150.33505,273.56892,739.45556,75.7299,10869.596339,79.0559,12.39558,0,4304.091422,6.09506,464.237,209.99356,3354.30284002463,357.387581,1661.105906,3254.30973304066,278.72251,5060.5391411,184.55458,243.90845,43344.4718453518,0,18888.7517837759,284.249472,0,416.48625,38.85434,620.041388,11189.43499212,0,5338.152369,4184.02931592235,4479.0637434,30277.270984,10.11689,5551.696991646,171.4315,0,30296.3839933562,26572.7299284274,0,0,0,0,53.98494,0,0,0,0,0,0,0,0,0,0,0,0,0,0,0,0,0,0,0,114.81633,0,0,0,0,0,0,0,0,0,0,0,0,0,0,0,0,0,0,29.2024,0,0,0,0,0,0,0,0,0,0,0,0,0,0,0,0,0,0,0,0
"SRR8618616",60.9626855981,26.015534,6.8969069,135.2536235,16.77822,1.530001,163.4820367,2.873372,4.99099,0,186.536577,0,14.383302,70.388331,331.24398723237,24.332572,373.854977205994,353.9409462114,20.767471,497.4414463,48.4182954,26.988602,4551.92527661412,0.400435,2112.88654382229,22.123223,5.499418,47.1886362,0,135.670809,1055.064955492,0,516.299512029,543.584407,918.015727415567,1103.39259594039,1.179983359,557.704772174738,16.861103,1.286662,3645.64699154267,4312.0540028276,5.53264447403,15.412956,10.905588,0,0.130936,0,0,0,0,0,0,4.566515,2.7942401,0,0,0,0,0,0,0,0,15.241675,0,4.744907,14.4613527,0,0,0,0,0,75.0873573864817,0,0,27.0478161,0,0,0,0,0,0,0,0,0,13.2109240824478,0,0,0,0,0,0,0,0,0,0,0,0,0,0,0,0,0,0,0,10.277528
"ERR1817119",303.02336,22.852513548988,425.238272,304.1750582,900.80193,76.376879,6182.44043507189,29.494192,41.045036,0,3849.709568,78.0709,279.375,172.909503,1840.14454888,174.341495,1341.051190978,3681.23922263596,132.8893,4920.21617351,754.6397973815,213.2827806,47820.4221139388,384.46341,16515.2660780729,340.65935025,0,441.137893001209,20.81893,2554.295418,11609.0669260086,0,3887.95482447707,2549.28428273608,2481.1113013567,16448.093864701,4.200588,7099.15465452513,182.397941,0,29001.6648572228,38278.1407257696,0,14.930304,0,0,69.2901,0,0,0,0,1.15753,0,0,0,0,0,0,0,0,0,0,0.767465,2.362532,0,0,1273.093387,0,0,0,0,0,0,0,0,0,0,0,0,0,0,0,0,0,90.4907,83.3649,740.24341,0,0,0,0,0,0,0,0,0,0,0,0,0,0,0,0,0,1347.778021,0
