"phylum","species","accession","nreads","habitat","Adenoviridae","Adintoviridae","Alloherpesviridae","Amalgaviridae","Arenaviridae","Ascoviridae","Asfarviridae","Astroviridae","Baculoviridae","Betaflexiviridae","Bromoviridae","Caliciviridae","Caulimoviridae","Chuviridae","Circoviridae","Coronaviridae","Cystoviridae","Deltaflexiviridae","Dicistroviridae","Endornaviridae","Flaviviridae","Gammaflexiviridae","Geminiviridae","Hepadnaviridae","Hepeviridae","Herpesviridae","Hypoviridae","Hytrosaviridae","Iflaviridae","Inoviridae","Iridoviridae","Lavidaviridae","Leviviridae","Lispiviridae","Luteoviridae","Malacoherpesviridae","Marnaviridae","Marseilleviridae","Mesoniviridae","Metaviridae","Mimiviridae","Mitoviridae","Mymonaviridae","Nairoviridae","Narnaviridae","Nimaviridae","Nodaviridae","Nudiviridae","Orthomyxoviridae","Papillomaviridae","Paramyxoviridae","Partitiviridae","Parvoviridae","Phasmaviridae","Phenuiviridae","Phycodnaviridae","Picornaviridae","Pithoviridae","Podoviridae","Polycipiviridae","Polydnaviridae","Polyomaviridae","Potyviridae","Poxviridae","Reoviridae","Retroviridae","Rhabdoviridae","Schitoviridae","Secoviridae","Solemoviridae","Solinviviridae","Tobaniviridae","Tombusviridae","Totiviridae","Unclassified","Virgaviridae","Xinmoviridae"
"ANNELIDA","Amynthas_aspergillus","SRR8297750",25959642,"Terrestrial",0,0,23,0,0,236,0,0,668,0,0,0,1,0,0,0,0,0,0,0,39513,0,0,0,3030,34,0,0,0,0,142,0,0,0,0,0,0,5561,0,0,29307,24693,0,199,0,15,0,418,0,0,0,1399,0,0,0,15208,0,1735,0,0,283,0,3,3869,10943,146402,0,0,0,0,0,0,0,0,54525,0,0
"ANNELIDA","Amynthas_aspergillus","SRR8297751",25726941,"Terrestrial",0,0,23,1,0,268,0,0,742,0,0,0,0,0,0,0,0,0,0,0,43698,0,2,0,3108,32,0,0,0,0,135,0,0,0,0,0,0,5936,0,0,28593,13086,0,170,0,5,0,454,0,0,0,1266,0,0,0,15978,2,1687,0,0,235,0,2,3974,963,171981,1,0,0,0,0,0,0,0,58137,0,0
"ANNELIDA","Amynthas_aspergillus","SRR8297752",27480169,"Terrestrial",0,0,35,0,0,322,0,0,791,0,0,0,0,0,0,0,0,0,0,0,46115,0,1,0,3367,42,0,0,0,0,149,0,0,0,0,0,0,6551,0,0,32634,18947,0,196,0,24,0,418,0,0,0,1615,0,0,0,17681,0,1951,0,0,274,0,11,4154,5055,197594,1,0,0,0,0,0,0,1,61623,0,0
"ANNELIDA","Amynthas_gracilis","SRR8416228",17036446,"Terrestrial",0,0,21,0,11,142,0,0,681,0,0,0,0,0,0,0,0,0,0,0,14878,0,0,0,642,18,0,0,0,0,38,0,0,0,0,0,1,1582,0,0,9513,4890,0,109,0,13,0,157,0,0,0,670,0,0,0,8841,10,482,0,0,353,1,6,1001,343,38311,0,0,0,0,0,0,0,0,43378,0,0
"ANNELIDA","Amynthas_gracilis","SRR8449998",12318820,"Terrestrial",0,0,0,0,0,0,0,0,0,0,0,0,0,0,0,0,0,0,0,0,0,0,0,0,0,0,0,0,0,0,0,0,0,0,0,0,0,0,0,0,0,0,0,0,0,0,0,0,0,0,0,0,0,0,0,0,0,0,0,0,0,0,0,0,0,1,0,0,0,0,0,0,0,0,0,0,0
"ANNELIDA","Dichogaster_saliens","SRR5353279",26975461,"Terrestrial",0,4,0,0,0,24,0,0,482,0,0,0,0,0,0,0,0,0,0,0,10172,0,0,0,1158,1,0,0,0,0,39,0,0,0,0,0,0,847,0,0,5153,1531,0,2,0,1,0,11,0,0,0,60,0,0,0,1063,1,251,0,0,14,0,17,1019,233,16375,0,0,0,0,0,0,0,0,42369,0,0
"ANNELIDA","Eisenia_fetida","SRR11184803",29710438,"Terrestrial",0,0,34,0,0,39,0,0,1540,0,0,0,0,0,0,0,0,0,0,0,23337,0,0,0,8711,12,0,0,0,0,59,0,0,0,0,0,0,3185,0,0,20042,17437,0,3,0,10,0,130,0,1,0,1419,0,0,0,3235,2,690,0,0,36,0,0,2946,3322,73267,0,0,0,0,0,0,0,0,77504,0,0
"ANNELIDA","Eisenia_fetida","SRR3176544",26957857,"Terrestrial",0,0,16,0,15,24,0,0,1260,0,0,0,0,0,0,0,0,0,0,0,34054,0,0,0,990,22,0,0,0,0,53,0,1,0,0,0,0,1637,0,0,9939,22754,1,43,0,7,0,61,0,1,0,380,0,0,0,4216,7,382,0,1,1095,0,0,688,3065,21245,0,0,0,0,0,0,0,0,62312,0,0
"ANNELIDA","Eisenia_fetida","SRR5820006",58851906,"Terrestrial",0,0,15,0,0,167,0,0,2844,1,0,0,0,0,0,0,0,0,0,0,141375,0,0,0,9763,46,0,0,0,0,127,0,0,0,0,0,0,7090,0,0,67035,153029,0,72,0,4,0,654,0,4,0,1371,0,0,0,20437,8,1592,0,0,319,0,0,8867,113440,356912,0,0,0,0,0,0,0,0,176199,0,0
"ANNELIDA","Perionyx_excavatus","SRR11266795",35055795,"Terrestrial",1,0,138,0,0,93,0,0,1390,0,0,0,0,0,0,0,0,0,0,0,28899,0,0,0,2618,111,0,0,0,0,189,0,0,0,0,0,0,7508,0,0,40014,29199,0,190,0,95,0,540,0,0,0,950,0,0,0,13438,14,2189,0,0,207,0,0,3934,826,372155,0,0,0,0,0,0,0,0,89632,0,0
"ARTHROPODA","Anapis_sp._GH2392","SRR12687648",22831094,"Terrestrial",0,14,197,0,0,385,0,0,1150,0,0,0,0,0,0,0,0,0,188,0,28576,0,0,0,294,5,0,0,0,0,142,0,0,0,0,0,0,6182,0,0,48371,28837,0,140,0,8,0,816,0,0,0,1569,0,0,0,13160,0,759,0,0,2276,0,0,9011,8,13952,46,0,0,0,2,0,0,0,50278,0,0
"ARTHROPODA","Geogarypus_maculatus","SRR9331988",22340897,"Terrestrial",0,0,0,0,0,136,128,0,2237,0,0,0,0,8,0,0,0,0,470,0,34117,9,0,0,4029,81,16,0,0,0,159,0,0,0,0,1,0,12225,0,0,50999,44508,0,821,0,0,0,974,0,0,0,1413,12,0,0,17961,0,1281,0,0,4488,0,405,14172,13526,29396,0,0,0,0,2,0,0,0,43078,1,0
"ARTHROPODA","Hadrurus_arizonensis","SRR1721733",1503884,"Terrestrial",0,1,1,0,0,0,0,0,13,0,0,0,0,0,0,0,0,0,0,0,83,0,0,0,10,0,0,0,69,0,6,0,0,0,0,0,0,100,0,0,661,454,0,18,0,0,0,20,0,0,0,4,0,0,0,118,0,113,0,0,56,0,1,31,2,528,0,0,0,0,105,0,0,0,608,0,0
"ARTHROPODA","Heteropoda_sp._ATS12","SRR6425926",20212269,"Terrestrial",0,17,5,0,1,123,0,0,475,0,0,0,0,0,0,0,0,0,0,0,27007,0,0,0,866,6,0,0,0,0,129,0,0,0,0,0,0,2506,0,0,19329,7480,0,71,0,1,0,62,0,0,0,662,0,0,0,3641,0,586,0,0,1201,0,0,4560,760,290599,0,0,0,0,0,0,0,0,51496,0,0
"ARTHROPODA","Lechytia_hoffi","SRR9332011",30013675,"Terrestrial",0,10,0,0,0,53,155,0,899,0,0,0,8,0,0,0,0,9,0,0,10077,0,0,0,162,10,0,0,0,0,187,0,0,0,0,0,0,1411,16,0,36749,7343,0,215,0,0,0,78,0,0,0,94,0,0,0,4182,0,519,0,0,4063,0,0,545,7692,32532,0,0,0,0,0,0,0,0,21228,0,0
"ARTHROPODA","Leptoctenus_byrrhus","SRR10413987",24541593,"Terrestrial",1,1,14,0,0,90,1,0,3194,0,0,0,2,0,0,0,0,0,131,0,9321,0,0,0,767,14,0,0,1,0,195,0,0,0,1,0,0,2213,0,0,22653,10170,0,87,0,0,0,45,0,0,0,1393,1,0,0,6621,0,823,0,0,4933,0,0,4749,3814,155642,0,0,0,0,0,0,0,0,41913,0,0
"ARTHROPODA","Mastigoproctus_giganteus","SRR1145698",25943034,"Terrestrial",0,0,10,0,0,53,0,0,324,0,0,0,0,0,0,0,0,0,0,0,20866,0,0,0,259,5,0,0,0,0,26,0,0,0,0,0,0,2606,0,0,20405,18867,0,110,0,0,0,99,0,0,0,950,0,0,0,3260,0,334,0,0,734,0,0,2104,226,331537,0,0,0,0,0,0,0,0,43759,0,0
"ARTHROPODA","Parasteatoda_tepidariorum","DRR047012",15086185,"Terrestrial",0,0,3,0,0,111,6,0,856,0,0,0,0,0,1,0,0,0,51,0,15705,0,0,0,1627,11,0,0,0,0,139,0,0,0,0,7,0,3220,0,0,31197,9313,0,13,0,1,0,1326,0,0,0,1308,0,0,0,8461,0,878,0,0,1479,0,24,5531,216,206423,0,0,2,0,0,0,0,0,35477,0,0
"ARTHROPODA","Stegodyphus_dumicola","SRR8416360",31334791,"Terrestrial",3,8,22,0,0,162,0,0,1227,1,0,3,0,0,0,0,0,0,19,0,26389,0,2,0,5890,39,0,0,53,0,79,0,0,0,0,0,0,3998,0,0,34087,18707,0,19,0,0,0,644,0,0,0,733,0,0,0,6467,0,635,0,0,7983,0,129,7424,4764,191334,0,0,0,0,0,0,0,0,59363,0,0
"ARTHROPODA","Trichonephila_clavipes","SRR5139318",47722649,"Terrestrial",0,0,39,0,70,229,0,0,318,0,0,21,3,0,0,0,0,0,0,1,6579,0,0,0,1661,36,0,0,112,0,290,0,0,0,0,0,0,3718,0,0,25458,4466,0,381,0,4,0,479,0,0,0,482,4,0,0,5467,0,717,0,0,2344,52,0,5391,5518,19055,0,0,0,0,0,0,0,0,42508,0,0
"ARTHROPODA","Trogloraptor_marchingtoni","SRR8481668",17973946,"Terrestrial",0,2,9,0,0,25,4,0,102,0,0,0,0,0,0,0,0,0,115,0,851,0,0,0,38,4,0,0,0,0,47,0,0,9,0,0,0,386,0,0,9716,10866,0,471,0,0,0,174,0,0,0,51,0,0,0,1588,30,26,0,0,66,0,17,213,2452,400492,3,0,0,0,0,0,0,0,4177,0,0
"BRACHIOPODA","Laqueus_californianus","SRR11410638",6615703,"Marine",0,0,0,0,0,0,0,0,120,0,0,0,0,0,0,0,0,0,1,0,1249,0,0,0,175,1,0,0,0,0,0,0,0,0,0,0,0,66,0,0,541,140,0,6,0,0,0,0,0,0,0,0,0,0,0,57,0,1,0,0,1349,0,0,117,36,29,0,0,0,0,0,0,0,0,1376,0,0
"CNIDARIA","Acropora_digitifera","SRR8706925",14199908,"Marine",0,0,105,0,0,34,0,0,563,0,0,0,0,0,0,0,0,0,0,0,4623,0,0,0,712,54,0,0,0,0,104,0,0,0,0,0,0,2407,0,0,22552,1312,0,268,0,11,0,85,0,0,0,333,0,0,0,5529,0,383,0,0,451,0,22,1203,0,25879,0,0,0,0,0,0,0,0,14280,0,0
"CNIDARIA","Acropora_digitifera","SRR8706926",15438500,"Marine",0,0,70,0,0,37,0,0,584,0,0,0,0,0,0,0,0,0,0,0,5442,0,0,0,757,73,0,0,0,0,110,0,0,0,0,0,0,2805,0,0,25154,1446,0,274,0,15,0,86,0,0,0,401,0,0,0,5781,0,415,0,0,508,0,28,1202,0,31191,0,0,0,0,0,0,0,0,16874,0,0
"CNIDARIA","Acropora_digitifera","SRR8706927",14360627,"Marine",1,0,78,0,0,38,0,0,557,0,0,0,0,0,0,0,0,0,0,0,4419,0,0,0,649,74,0,0,0,0,102,0,0,0,0,0,0,2335,0,0,21214,1277,0,257,0,11,0,97,0,0,0,327,0,0,0,5085,0,340,0,0,547,0,20,1102,3,25717,0,0,0,0,0,0,0,0,13783,0,0
"CNIDARIA","Acropora_digitifera","SRR8706955",14118465,"Marine",0,0,41,0,0,31,0,0,334,0,0,0,0,0,0,0,0,0,0,0,3299,0,0,0,828,42,0,0,0,0,57,0,0,0,0,0,0,1776,0,0,17333,1172,0,154,0,8,0,67,0,0,0,288,0,0,0,3976,0,312,0,0,440,0,17,844,0,25011,0,0,0,0,0,0,0,0,10598,0,0
"CNIDARIA","Acropora_digitifera","SRR8706956",16367153,"Marine",0,0,57,0,0,32,0,0,443,0,0,0,0,0,0,0,0,0,0,0,3977,0,0,0,924,49,0,0,0,0,91,0,0,0,0,0,0,1940,0,0,21424,1381,0,199,0,7,0,85,0,0,0,324,0,0,0,5361,0,414,0,0,582,0,19,1057,1,27005,0,0,0,0,0,0,0,0,13574,0,0
"CNIDARIA","Acropora_digitifera","SRR8706957",15986320,"Marine",0,0,76,0,0,27,0,0,536,0,0,0,0,0,0,0,0,0,0,0,4041,0,0,0,1179,69,0,0,0,0,102,0,0,0,0,0,0,2206,0,0,21684,1525,0,186,0,10,0,94,0,0,0,369,0,0,0,5767,1,435,0,0,512,0,18,1021,8,25370,0,0,0,0,0,0,0,0,13433,0,0
"CNIDARIA","Acropora_eurystoma","SRR6831340",15727180,"Marine",0,0,25,0,0,27,0,0,366,0,0,0,0,0,0,0,0,0,0,0,3296,0,0,0,1411,117,0,0,0,0,136,0,0,0,0,0,0,2163,0,0,20933,1925,0,273,0,3,0,85,0,0,0,287,0,0,0,3726,0,342,0,0,630,0,17,1009,1,46627,0,0,0,0,0,0,0,0,12236,0,0
"CNIDARIA","Acropora_eurystoma","SRR6831341",15489619,"Marine",0,0,45,0,0,28,0,0,465,0,0,0,0,0,0,0,0,0,0,0,2933,0,0,0,957,124,0,0,0,0,151,0,0,0,0,0,0,2507,0,0,21244,1568,0,260,0,9,0,66,0,0,0,368,0,0,0,4606,0,366,0,0,549,0,14,1024,0,37384,0,0,0,0,0,0,0,0,12190,0,0
"CNIDARIA","Acropora_eurystoma","SRR6831342",14497206,"Marine",0,0,30,0,0,21,0,0,347,0,0,0,0,0,0,0,0,0,0,0,2726,0,0,0,811,116,0,0,0,0,101,0,0,0,0,0,0,2195,0,0,18252,1310,0,206,0,4,0,85,0,0,0,311,0,0,0,3661,0,332,0,0,476,0,19,1002,75,28284,0,0,0,0,0,0,0,0,10736,0,0
"CNIDARIA","Acropora_hyacinthus","SRR8464826",20898318,"Marine",0,0,141,0,0,85,0,0,1017,0,0,0,0,0,0,0,0,0,0,0,9570,0,0,0,2778,118,0,0,0,0,185,0,0,0,0,0,0,6590,0,0,45339,3602,0,370,0,18,0,195,0,0,0,949,0,0,0,10124,0,1046,0,0,2588,0,53,2015,6,59235,0,0,0,0,0,0,0,0,18945,0,0
"CNIDARIA","Acropora_selago","SRR11924550",25633271,"Marine",0,0,91,0,0,73,2,0,824,0,0,0,0,0,0,2,0,0,0,0,9039,0,0,0,4291,269,0,0,0,0,369,0,0,0,0,0,0,2407,0,0,36178,6728,0,163,0,7,0,126,0,0,0,785,0,0,0,10742,0,787,0,0,4719,0,63,1896,40,23753,7,0,0,0,0,0,0,0,21284,3,0
"CNIDARIA","Acropora_tenuis","SRR11924535",13790341,"Marine",0,0,80,0,0,53,5,0,405,0,0,0,0,0,0,0,0,0,0,0,5444,0,0,0,2149,232,0,0,0,0,221,0,0,0,0,0,0,1482,0,0,20862,4579,0,64,0,15,0,75,0,0,0,594,0,0,0,5366,0,484,0,0,2501,0,25,924,4,6641,1,0,0,0,0,0,0,0,12316,0,0
"CNIDARIA","Amplexidiscus_fenestrafer","SRR5123106",14505698,"Marine",0,0,5,0,0,0,0,0,26,0,0,0,0,0,0,0,0,0,0,0,31,0,0,0,8,6,0,0,0,0,1,0,0,0,0,0,0,23,0,0,190,0,0,0,0,0,0,0,0,0,0,0,0,0,0,79,0,28,0,0,276,0,0,49,19,52,0,0,0,0,0,0,0,0,534,0,0
"CNIDARIA","Amplexidiscus_fenestrafer","SRR5123111",13829060,"Marine",0,0,3,0,0,0,0,0,30,0,0,0,0,0,0,0,0,0,0,0,25,0,0,0,3,3,0,0,0,0,5,0,0,0,0,0,0,21,0,0,182,0,0,0,0,0,0,0,0,0,0,0,0,0,0,79,5,35,0,0,252,0,1,40,21,52,0,0,0,0,0,0,0,0,508,0,0
"CNIDARIA","Amplexidiscus_fenestrafer","SRR5123113",24952511,"Marine",0,3,2,0,0,6,0,0,49,0,0,0,1,0,0,0,0,0,0,0,43,0,0,0,58,11,0,0,0,0,17,0,0,0,0,0,0,54,0,0,521,3,0,1,0,0,0,12,0,1,0,9,0,0,0,126,9,340,0,0,3353,0,0,113,272,190,0,0,0,0,0,0,0,0,1359,0,0
"CNIDARIA","Amplexidiscus_fenestrafer","SRR5123115",18056273,"Marine",0,4,3,0,0,3,0,0,49,0,0,0,1,0,0,0,0,0,0,0,31,0,0,0,45,8,0,0,0,0,10,0,0,0,0,0,0,51,0,0,368,0,0,0,0,0,0,8,0,1,0,9,0,0,0,81,19,190,0,0,2588,0,2,117,232,162,0,0,0,0,0,0,0,0,938,0,0
"CNIDARIA","Amplexidiscus_fenestrafer","SRR5123116",25685925,"Marine",0,0,2,0,0,0,0,0,35,0,0,0,0,0,0,0,0,0,0,0,48,0,0,0,18,1,0,0,0,0,3,0,0,0,0,0,0,30,0,0,479,0,0,3,0,0,0,3,0,0,0,2,0,0,0,74,1,52,0,0,864,0,0,56,62,144,0,0,0,0,0,0,0,0,512,0,0
"CNIDARIA","Astroides_calycularis","SRR12135941",16149600,"Marine",0,0,38,0,0,58,0,0,378,0,0,0,0,0,0,17,0,0,0,0,9736,0,0,0,2644,59,0,0,0,0,73,0,0,0,0,0,0,2095,0,0,30284,8433,0,98,0,0,0,54,0,0,0,620,0,0,0,2864,29,409,0,0,511,0,59,1333,2589,96379,0,0,0,0,0,0,0,0,18853,0,0
"CNIDARIA","Aurelia_aurita","SRR7834587",64864746,"Marine",7,0,0,0,0,0,0,0,6,0,0,0,0,0,0,0,0,0,0,0,0,0,0,0,1,12,0,0,0,0,2,0,0,0,0,0,0,6,0,0,40,0,0,0,0,0,0,0,0,0,0,1,0,0,0,17,53,6,0,0,3,0,0,64,0,64,0,0,0,0,0,0,0,0,219,0,0
"CNIDARIA","Aurelia_aurita","SRR7866321",26012180,"Marine",0,0,0,0,0,4,0,0,36,0,0,0,0,0,0,0,0,0,0,0,9,0,0,0,4,5,0,0,0,0,25,0,0,0,0,0,0,35,0,0,547,41,0,6,0,2,0,6,0,0,0,12,0,0,0,205,15,38,0,0,107,0,0,66,13,54,0,0,0,0,0,0,0,0,305,0,0
"CNIDARIA","Aurelia_aurita","SRR8090261",12676633,"Marine",0,1,22,0,0,27,0,0,1413,0,0,0,0,0,0,0,0,0,0,0,2780,0,0,0,596,56,0,0,0,0,246,0,0,0,0,0,0,1611,0,0,11708,17941,0,35,0,6,0,13,0,0,0,309,0,0,0,9704,0,125,0,0,362,0,4,2049,2156,51420,0,0,0,0,0,0,0,0,8301,0,0
"CNIDARIA","Exaiptasia_diaphana","SRR1648348",114869037,"Marine",0,153,8,0,0,46,0,0,184,0,0,0,26,0,0,0,5,0,0,0,282,0,0,0,70,96,0,0,0,2,92,0,0,0,0,0,0,629,0,0,4965,3048,0,53,0,21,0,75,0,0,0,189,0,0,0,990,1081,716,0,0,12655,0,37,865,2865,1832,0,0,0,0,0,0,0,0,4357,0,0
"CNIDARIA","Exaiptasia_diaphana","SRR1648349",18328360,"Marine",0,108,0,0,0,13,0,0,95,0,0,0,0,0,0,0,1,0,0,0,94,0,0,0,36,48,0,0,0,0,53,0,0,0,0,0,0,177,0,0,2162,1433,0,38,0,0,0,50,0,0,0,82,0,0,0,393,167,152,0,0,3155,0,21,437,1086,471,0,0,0,0,0,0,0,0,699,0,0
"CNIDARIA","Exaiptasia_diaphana","SRR1648350",47694495,"Marine",0,35,4,0,0,13,6,0,72,0,0,0,11,0,0,0,3,0,0,0,74,0,0,0,21,25,0,0,0,0,35,0,0,0,0,0,0,179,0,0,1504,742,0,18,0,4,0,24,0,0,0,52,0,0,0,247,281,217,0,0,3738,0,12,247,710,502,0,0,0,0,0,0,0,0,1398,0,0
"CNIDARIA","Exaiptasia_diaphana","SRR1648351",32959048,"Marine",0,20,4,0,0,3,1,0,50,0,0,0,1,0,0,0,1,0,0,0,67,0,0,0,11,554,0,0,0,0,20,0,0,0,0,0,0,125,0,0,980,570,0,11,0,4,0,14,0,0,0,36,0,0,0,209,242,167,0,0,2393,0,12,202,536,366,0,0,0,0,0,5,0,0,926,0,0
"CNIDARIA","Exaiptasia_diaphana","SRR1648353",12135103,"Marine",0,16,1,0,0,5,0,0,15,0,0,0,1,0,0,0,1,0,0,0,23,0,0,0,8,9,0,0,0,0,7,0,0,0,0,0,0,54,0,0,388,213,0,6,0,1,0,10,0,0,0,6,0,0,0,77,94,57,0,0,1290,0,0,48,204,123,0,0,0,0,0,0,0,0,307,0,0
"CNIDARIA","Exaiptasia_diaphana","SRR1648354",12005673,"Marine",0,12,1,0,0,12,0,0,18,0,0,0,0,0,0,0,0,0,0,0,24,0,0,0,5,9,0,0,0,0,10,0,0,0,0,0,0,41,0,0,292,136,0,2,0,2,0,2,0,0,0,8,0,0,0,55,70,57,0,0,1001,0,3,54,158,105,0,0,0,0,0,0,0,0,312,0,0
"CNIDARIA","Exaiptasia_diaphana","SRR1648355",0,"Marine",0,0,0,0,0,0,0,0,0,0,0,0,0,0,0,0,0,0,0,0,0,0,0,0,0,0,0,0,0,0,0,0,0,0,0,0,0,0,0,0,0,0,0,0,0,0,0,0,0,0,0,0,0,0,0,0,0,0,0,0,0,0,0,0,0,0,0,0,0,0,0,0,0,0,0,0,0
"CNIDARIA","Exaiptasia_diaphana","SRR1648356",1424700,"Marine",0,0,0,0,0,3,0,0,1,0,0,0,0,0,0,0,0,0,0,0,6,0,0,0,7,9,0,0,0,0,5,0,0,0,0,0,0,4,0,0,196,139,0,6,0,0,0,8,0,0,0,5,0,0,0,39,14,12,0,0,460,0,1,33,161,60,2,0,0,0,0,0,0,0,70,0,0
"CNIDARIA","Exaiptasia_diaphana","SRR1648357",0,"Marine",0,0,0,0,0,0,0,0,0,0,0,0,0,0,0,0,0,0,0,0,0,0,0,0,0,0,0,0,0,0,0,0,0,0,0,0,0,0,0,0,0,0,0,0,0,0,0,0,0,0,0,0,0,0,0,0,0,0,0,0,0,0,0,0,0,0,0,0,0,0,0,0,0,0,0,0,0
"CNIDARIA","Exaiptasia_diaphana","SRR1648358",0,"Marine",0,0,0,0,0,0,0,0,0,0,0,0,0,0,0,0,0,0,0,0,0,0,0,0,0,0,0,0,0,0,0,0,0,0,0,0,0,0,0,0,0,0,0,0,0,0,0,0,0,0,0,0,0,0,0,0,0,0,0,0,0,0,0,0,0,0,0,0,0,0,0,0,0,0,0,0,0
"CNIDARIA","Exaiptasia_diaphana","SRR6202193",6427169,"Marine",0,0,0,0,0,0,0,0,1,0,0,0,0,0,0,0,0,0,0,0,0,0,0,0,0,14,0,0,0,0,0,0,0,0,0,0,0,0,0,0,2,0,0,0,0,0,0,0,0,0,0,0,0,0,0,0,33,0,0,0,0,0,0,0,0,0,0,0,0,0,0,0,0,0,2,0,0
"CNIDARIA","Exaiptasia_diaphana","SRR6202194",7420184,"Marine",0,0,0,0,0,0,0,0,0,0,0,0,0,0,0,0,0,0,0,0,0,0,0,0,0,11,0,0,0,0,0,0,0,0,0,0,0,0,0,0,2,0,0,0,0,0,0,0,0,0,0,0,0,0,0,0,42,0,0,0,0,0,0,3,0,2,0,0,0,0,0,0,0,0,0,0,0
"CNIDARIA","Exaiptasia_diaphana","SRR6202195",6657317,"Marine",0,0,0,0,0,0,0,0,0,0,0,0,0,0,0,0,0,0,0,0,0,0,0,0,0,8,0,0,0,0,0,0,0,0,0,0,0,0,0,0,4,0,0,0,0,0,0,0,0,0,0,0,0,0,0,0,44,0,0,0,0,0,0,1,0,1,0,0,0,0,0,0,0,0,2,0,0
"CNIDARIA","Exaiptasia_diaphana","SRR6202196",8303196,"Marine",0,0,0,0,0,0,0,0,1,0,0,0,0,0,0,0,0,0,0,0,0,0,0,0,0,8,0,0,0,0,0,0,0,0,0,0,0,0,0,0,3,0,0,0,0,0,0,0,0,0,0,0,0,0,0,0,35,0,0,0,0,0,0,1,0,0,0,0,0,0,0,0,0,0,1,0,0
"CNIDARIA","Exaiptasia_diaphana","SRR6202197",5985897,"Marine",0,0,0,0,0,0,0,0,0,0,0,0,0,0,0,0,0,0,0,0,0,0,0,0,0,3,0,0,0,0,0,0,0,0,0,0,0,0,0,0,3,0,0,0,0,0,0,0,0,0,0,0,0,0,0,0,36,0,0,0,0,0,0,2,0,3,0,0,0,0,0,0,0,0,5,0,0
"CNIDARIA","Exaiptasia_diaphana","SRR6202198",6782319,"Marine",0,0,0,0,0,0,0,0,0,0,0,0,0,0,0,0,0,0,0,0,0,0,0,0,0,6,0,0,0,0,0,0,0,0,0,0,0,0,0,0,3,0,0,0,0,0,0,0,0,0,0,0,0,0,0,0,32,0,0,0,0,0,0,2,0,0,0,0,0,0,0,0,0,0,2,0,0
"CNIDARIA","Exaiptasia_diaphana","SRR6202199",8054061,"Marine",0,0,0,0,0,0,0,0,0,0,0,0,0,0,0,0,0,0,0,0,0,0,0,0,0,8,0,0,0,0,0,0,0,0,0,0,0,0,0,0,1,0,0,0,0,0,0,0,0,0,0,0,0,0,0,0,37,0,0,0,0,0,0,0,0,0,0,0,0,0,0,0,0,0,1,0,0
"CNIDARIA","Exaiptasia_diaphana","SRR6202200",7190067,"Marine",0,0,0,0,0,0,0,0,0,0,0,0,0,0,0,0,0,0,0,0,0,0,0,0,0,5,0,0,0,0,0,0,0,0,0,0,0,0,0,0,1,0,0,0,0,0,0,0,0,0,0,0,0,0,0,0,36,0,0,0,0,0,0,0,0,0,0,0,0,0,0,0,0,0,0,0,0
"CNIDARIA","Exaiptasia_diaphana","SRR6202201",6399136,"Marine",0,0,0,0,0,0,0,0,0,0,0,0,0,0,0,0,0,0,0,0,0,0,0,0,0,6,0,0,0,0,0,0,0,0,0,0,0,0,0,0,2,0,0,0,0,0,0,0,0,0,0,0,0,0,0,0,34,0,0,0,0,0,0,2,0,1,0,0,0,0,0,0,0,0,0,0,0
"CNIDARIA","Exaiptasia_diaphana","SRR6202202",8089890,"Marine",0,0,0,0,0,0,0,0,0,0,0,0,0,0,0,0,0,0,0,0,0,0,0,0,0,12,0,0,0,0,0,0,0,0,0,0,0,0,0,0,7,0,0,0,0,0,0,0,0,0,0,0,0,0,0,0,45,0,0,0,0,0,0,1,0,0,0,0,0,0,0,0,0,0,2,0,0
"CNIDARIA","Exaiptasia_diaphana","SRR6202203",8713242,"Marine",1,0,1,0,0,13,0,0,132,0,0,0,0,0,0,0,0,0,0,0,645,0,0,0,1346,3,0,0,0,0,10,0,0,0,0,0,0,300,0,0,3375,31377,0,17,0,3,0,14,0,0,0,52,0,0,0,155,1,57,0,0,214,0,1,508,66978,11804,0,0,0,0,0,0,0,0,4097,0,0
"CNIDARIA","Exaiptasia_diaphana","SRR6202204",10593615,"Marine",1,0,0,0,0,6,0,0,165,0,0,0,0,0,0,0,0,0,0,0,795,0,0,0,1636,3,0,0,0,0,19,0,0,0,1,0,0,351,0,0,4078,37785,0,25,0,1,0,18,0,0,0,49,0,0,0,179,1,79,0,0,264,0,1,620,81653,14376,0,0,0,0,0,0,0,0,5089,0,0
"CNIDARIA","Exaiptasia_diaphana","SRR6202205",8902549,"Marine",0,2,0,0,0,11,0,0,79,0,0,0,0,0,0,0,0,0,0,0,774,0,0,0,919,5,0,0,0,0,15,0,0,0,0,0,0,346,0,0,3535,31287,0,18,0,1,0,14,0,0,0,76,0,0,0,239,1,80,0,0,242,0,3,334,58081,16435,0,0,0,0,0,0,0,0,4425,0,0
"CNIDARIA","Exaiptasia_diaphana","SRR6202206",10432117,"Marine",0,1,1,0,0,7,0,0,113,0,0,0,2,0,0,0,0,0,0,0,898,0,0,0,1078,5,0,0,0,0,9,0,0,0,0,0,0,447,0,0,4094,37332,0,20,0,1,0,13,0,0,0,60,0,0,0,268,3,95,0,0,270,0,2,364,68655,19296,0,0,0,0,0,0,0,0,5325,0,0
"CNIDARIA","Exaiptasia_diaphana","SRR6202207",10359539,"Marine",0,0,0,0,0,10,0,0,116,0,0,0,1,0,0,0,0,0,0,0,939,0,0,0,1028,4,0,0,0,0,16,0,0,0,0,0,0,476,0,0,4190,37306,0,18,0,3,0,15,0,0,0,82,0,0,0,239,3,93,0,0,273,0,2,381,67311,19350,0,0,0,0,0,0,0,0,5096,0,0
"CNIDARIA","Exaiptasia_diaphana","SRR6202208",10412516,"Marine",0,2,1,0,0,9,0,0,109,0,0,0,2,0,0,0,0,0,0,0,906,0,0,0,1014,3,0,0,0,0,22,0,0,0,0,0,0,454,0,0,4163,37674,0,18,0,2,0,20,0,0,0,86,0,0,0,293,1,94,0,0,267,0,4,395,69208,19432,0,0,0,0,0,0,0,0,5210,0,0
"CNIDARIA","Exaiptasia_diaphana","SRR6202209",9243918,"Marine",0,1,0,0,0,5,0,0,84,0,0,0,0,0,0,0,0,0,0,0,941,0,0,0,957,4,0,0,0,0,11,0,0,0,1,0,0,398,0,0,3733,29131,0,11,0,1,0,20,0,0,0,73,0,0,0,233,1,78,0,0,216,0,4,420,56863,17106,0,0,0,0,0,0,0,0,4791,0,0
"CNIDARIA","Exaiptasia_diaphana","SRR6202210",11198762,"Marine",1,0,0,0,0,13,0,0,109,0,0,0,0,0,0,0,0,0,0,0,1165,0,0,0,1192,6,0,0,0,0,12,0,0,0,0,0,0,480,0,0,4611,35153,0,20,0,2,0,11,0,0,0,106,0,0,0,283,3,134,0,0,271,0,6,446,68818,21000,0,0,0,1,0,0,0,0,5803,0,0
"CNIDARIA","Exaiptasia_diaphana","SRR6202211",11110138,"Marine",0,1,0,0,0,13,0,0,104,0,0,0,1,0,0,0,0,0,0,0,1163,0,0,0,1137,3,0,0,0,0,18,0,0,0,0,0,0,440,0,0,4629,35228,0,23,0,2,0,19,0,0,0,82,0,0,0,311,2,131,0,0,244,0,4,467,68101,20398,0,0,0,0,0,0,0,0,5722,0,0
"CNIDARIA","Exaiptasia_diaphana","SRR6202212",11181620,"Marine",0,0,0,0,0,14,0,0,129,0,0,0,0,0,0,0,0,0,0,0,1140,0,0,0,1224,6,0,0,0,0,14,0,0,0,0,0,0,464,0,0,4770,35582,0,21,0,3,0,18,0,0,0,99,0,0,0,307,2,125,0,0,277,0,7,511,69380,20725,0,0,0,0,0,0,0,0,5751,0,0
"CNIDARIA","Exaiptasia_diaphana","SRR6202213",7883037,"Marine",0,0,0,0,0,0,0,0,0,0,0,0,0,0,0,0,0,0,0,0,0,0,0,0,0,4,0,0,0,0,0,0,0,0,0,0,0,0,0,0,4,0,0,0,0,0,0,0,0,0,0,0,0,0,0,0,48,0,0,0,0,0,0,2,0,1,0,0,0,0,0,0,0,0,1,0,0
"CNIDARIA","Exaiptasia_diaphana","SRR6202214",6201012,"Marine",0,0,0,0,0,0,0,0,0,0,0,0,0,0,0,0,0,0,0,0,0,0,0,0,0,5,0,0,0,0,0,0,0,0,0,0,0,0,0,0,1,0,0,0,0,0,0,0,0,0,0,0,0,0,0,0,31,0,0,0,0,0,0,1,0,1,0,0,0,0,0,0,0,0,0,0,0
"CNIDARIA","Exaiptasia_diaphana","SRR6202215",7254657,"Marine",0,0,0,0,0,0,0,0,0,0,0,0,0,0,0,0,0,0,0,0,0,0,0,0,0,5,0,0,0,0,0,0,0,0,0,0,0,0,0,0,1,0,0,0,0,0,0,0,0,0,0,0,0,0,0,0,32,0,0,0,0,0,0,2,0,4,0,0,0,0,0,0,0,0,1,0,0
"CNIDARIA","Exaiptasia_diaphana","SRR6202216",6242830,"Marine",0,0,0,0,0,0,0,0,0,0,0,0,0,0,0,0,0,0,0,0,0,0,0,0,0,4,0,0,0,0,0,0,0,0,0,0,0,0,0,0,2,0,0,0,0,0,0,0,0,0,0,0,0,0,0,0,24,0,0,0,0,0,0,2,0,2,0,0,0,0,0,0,0,0,2,0,0
"CNIDARIA","Exaiptasia_diaphana","SRR6202217",6848201,"Marine",0,0,0,0,0,0,0,0,0,0,0,0,0,0,0,0,0,0,0,0,0,0,0,0,0,4,0,0,0,0,0,0,0,0,0,0,0,0,0,0,5,0,0,0,0,0,0,0,0,0,0,0,0,0,0,0,31,0,0,0,0,0,0,1,0,0,0,0,0,0,0,0,0,0,3,0,0
"CNIDARIA","Exaiptasia_diaphana","SRR6202218",6036803,"Marine",0,0,0,0,0,0,0,0,0,0,0,0,0,0,0,0,0,0,0,0,0,0,0,0,0,7,0,0,0,0,0,0,0,0,0,0,0,0,0,0,5,0,0,0,0,0,0,0,0,0,0,0,0,0,0,0,41,0,0,0,0,0,0,1,0,0,0,0,0,0,0,0,0,0,0,0,0
"CNIDARIA","Exaiptasia_diaphana","SRR6202219",7247910,"Marine",0,0,0,0,0,0,0,0,1,0,0,0,0,0,0,0,0,0,0,0,0,0,0,0,0,4,0,0,0,0,0,0,0,0,0,0,0,0,0,0,1,0,0,0,0,0,0,0,0,0,0,0,0,0,0,0,47,0,0,0,0,0,0,2,0,3,0,0,0,0,0,0,0,0,1,0,0
"CNIDARIA","Exaiptasia_diaphana","SRR6202220",8131339,"Marine",0,0,0,0,0,0,0,0,0,0,0,0,0,0,0,0,0,0,0,0,0,0,0,0,0,7,0,0,0,0,0,0,0,0,0,0,0,0,0,0,3,0,0,0,0,0,0,0,0,0,0,0,0,0,0,0,47,0,0,0,0,0,0,3,0,2,0,0,0,0,0,0,0,0,2,0,0
"CNIDARIA","Exaiptasia_diaphana","SRR6202221",5685087,"Marine",0,0,0,0,0,0,0,0,0,0,0,0,0,0,0,0,0,0,0,0,0,0,0,0,0,3,0,0,0,0,0,0,0,0,0,0,0,0,0,0,0,0,0,0,0,0,0,0,0,0,0,0,0,0,0,0,35,0,0,0,0,0,0,0,0,1,0,0,0,0,0,0,0,0,1,0,0
"CNIDARIA","Exaiptasia_diaphana","SRR6202251",5826448,"Marine",0,0,0,0,0,0,0,0,0,0,0,0,0,0,0,0,0,0,0,0,0,0,0,0,0,4,0,0,0,0,0,0,0,0,0,0,0,0,0,0,3,0,0,0,0,0,0,0,0,0,0,0,0,0,0,0,31,0,0,0,0,0,0,1,0,0,0,0,0,0,0,0,0,0,1,0,0
"CNIDARIA","Exaiptasia_diaphana","SRR6202261",13975341,"Marine",4,1,1,0,0,13,0,0,113,0,0,0,1,0,0,0,0,0,0,0,1409,0,0,0,1250,4,0,0,0,0,28,0,0,0,0,0,0,672,0,0,6375,32807,0,31,0,1,0,24,0,0,0,106,0,0,0,435,7,144,0,0,354,0,13,557,75342,31082,0,0,0,0,0,0,0,0,7383,0,0
"CNIDARIA","Exaiptasia_diaphana","SRR6202279",16404523,"Marine",1,0,3,0,0,31,0,0,192,0,0,0,2,0,0,0,0,0,0,0,1730,0,0,0,2975,22,0,0,0,0,42,0,0,0,0,0,0,1015,0,0,8983,45726,0,36,0,5,0,41,0,0,0,185,0,0,0,1116,2,215,0,0,439,0,9,732,113127,33062,0,0,0,0,0,0,0,0,10982,0,0
"CNIDARIA","Exaiptasia_diaphana","SRR6202281",13169452,"Marine",0,0,2,0,0,41,0,0,200,0,0,0,1,0,0,0,0,0,0,0,1623,0,0,0,2251,13,0,0,0,0,51,0,0,0,0,0,0,788,0,0,7593,33174,0,45,0,1,0,34,0,0,0,145,0,0,0,827,5,163,0,0,387,0,10,731,88019,27995,0,0,0,0,0,0,0,0,7990,0,0
"CNIDARIA","Fimbriaphyllia_paradivisa","SRR5864925",14003905,"Marine",0,0,40,0,0,29,12,0,336,0,0,0,0,0,0,0,0,0,0,0,3492,0,0,0,1278,45,0,0,0,0,95,0,0,0,0,0,0,1983,0,0,21780,2946,0,66,0,22,0,70,0,0,0,315,0,0,0,2642,1,424,0,0,427,0,1,886,750,36723,0,0,0,0,0,0,0,0,13087,0,0
"CNIDARIA","Hydra_vulgaris","SRR8089748",23071363,"Marine",0,0,1,0,0,24,22,0,2318,0,0,0,326,0,0,0,0,0,0,0,16431,0,0,0,2966,23,0,0,0,0,573,0,0,0,0,0,0,1260,0,0,40144,9502,0,156,0,2,0,131,0,0,4,579,0,0,0,33226,0,2432,0,0,123,0,48,4947,364,165501,0,0,0,0,0,0,0,0,89751,0,0
"CNIDARIA","Montipora_capitata","SRR11452220",10737744,"Marine",1,0,117,0,0,95,0,0,1984,0,0,0,0,0,0,0,0,0,0,0,25810,0,0,0,94,357,0,0,0,0,3019,0,0,0,0,0,0,1189,0,0,42640,583,0,138,0,67,0,63,0,0,0,265,0,0,0,13485,0,736,0,0,5397,0,47,7387,6,2319,0,0,0,0,0,0,0,0,10824,0,0
"CNIDARIA","Montipora_capitata","SRR5311255",3497340,"Marine",0,0,18,0,0,9,0,0,113,0,0,0,0,0,0,0,0,0,0,0,1594,0,0,0,527,40,0,0,0,0,82,0,0,0,0,0,0,402,0,0,5751,613,0,82,0,2,0,17,0,0,0,150,0,0,0,1236,0,121,0,0,265,0,14,466,0,6443,0,0,0,0,0,0,0,0,2241,0,0
"CNIDARIA","Montipora_capitata","SRR5311305",4783539,"Marine",0,0,20,0,0,10,0,0,140,0,0,0,0,0,0,0,0,0,0,0,1884,0,0,0,544,53,0,0,0,0,87,0,0,0,0,0,0,628,0,0,7598,781,0,101,0,8,0,34,0,0,0,200,0,0,0,1990,0,134,0,0,273,0,12,614,0,7043,0,0,0,0,0,0,0,0,2969,0,0
"CNIDARIA","Montipora_capricornis","SRR12959202",36652755,"Marine",4,1,483,0,0,165,2,0,1723,0,0,0,9,0,0,1,0,0,0,0,29638,0,0,2,13894,346,0,0,0,0,391,0,0,0,0,0,0,7306,0,0,91377,14402,0,967,0,51,0,231,0,0,0,2028,0,0,0,14436,1,2461,0,0,5231,0,191,6078,10,84589,0,0,0,0,0,0,0,0,51671,0,0
"CNIDARIA","Pocillopora_damicornis","SRR15404796",22230562,"Marine",0,0,128,0,0,3,1,0,766,0,0,0,0,0,0,0,0,0,0,0,8760,0,0,0,3466,424,0,0,0,0,416,0,0,0,0,0,0,5128,0,0,41430,4076,0,156,0,40,0,204,0,0,0,1113,0,0,0,14118,0,1043,0,0,1342,0,40,2447,640,37244,0,0,0,0,0,0,0,0,19342,0,0
"CNIDARIA","Porites_astreoides","SRR7359899",9351634,"Marine",0,0,31,0,0,5,0,0,468,0,0,0,0,0,0,0,0,0,1,0,1683,0,0,0,1553,29,0,0,0,0,78,0,0,0,0,0,0,844,0,0,12500,5237,0,12,0,3,0,39,0,0,0,332,0,0,0,4391,0,195,0,0,153,0,2,564,9286,4749,0,0,0,0,0,0,0,0,8531,0,0
"CNIDARIA","Porites_astreoides","SRR7359902",9363154,"Marine",0,2,32,0,0,0,0,0,480,0,0,0,0,0,0,0,0,0,0,0,1575,0,0,0,1331,40,0,0,0,0,71,0,0,0,0,0,0,794,0,0,13498,5264,0,11,0,6,0,49,0,0,0,338,0,0,0,4062,0,256,0,0,128,0,4,647,14620,5117,0,0,0,0,0,0,0,0,10772,0,0
"CNIDARIA","Porites_furcata","ERR5690683",19954256,"Marine",3,0,55,0,0,6,0,0,315,0,0,0,0,0,0,0,0,0,0,0,830,0,0,0,1313,21,0,0,0,0,84,0,0,0,0,0,0,190,0,0,5152,143,0,3,0,11,0,31,0,0,0,28,0,0,0,3048,0,132,0,0,135,2,3,256,106732,829,6,0,0,0,0,0,0,0,4413,0,0
"CNIDARIA","Porites_lobata","SRR8386734",49618622,"Marine",0,0,21,0,6,11,0,0,119,0,0,0,0,0,0,0,0,0,0,0,364,0,0,0,203,15,0,0,0,0,31,0,0,0,0,0,0,299,0,0,1532,206,0,3,7,4,0,24,0,1,0,44,0,0,0,1973,0,63,0,0,26,0,0,319,279469,1346,0,0,0,0,0,0,0,0,3826,0,0
"CNIDARIA","Sphaerospora_molnari","SRR8586092",26011837,"Marine",2,0,95,0,1,19,32,0,2360,0,0,0,0,0,0,0,0,0,0,0,17888,0,0,0,15080,219,0,0,0,0,280,0,0,0,0,0,0,1542,0,0,32515,11087,0,250,0,46,0,106,0,39,0,844,0,0,0,8266,0,1446,0,0,489,0,7,4676,454,88714,0,0,1,0,0,0,0,0,87513,0,0
"CNIDARIA","Xenia_sp","SRR9278451",32270507,"Marine",0,0,0,0,0,3,1,0,231,0,0,0,0,0,0,0,0,0,0,0,11558,0,0,0,1771,11,0,0,0,0,21,0,0,0,0,0,0,737,0,0,40804,9274,0,9,0,2,0,9,0,0,0,120,0,0,0,3397,0,353,0,0,593,0,6,117,70147,73413,0,0,0,0,0,0,0,0,86419,0,0
"NEMATODA","Angiostrongylus_cantonensis","SRR6435989",14012034,"Terrestrial",7,0,9,0,0,3,54,0,299,0,0,0,0,0,0,0,0,0,0,0,6927,0,0,0,397,5,0,1,0,0,59,0,0,0,0,0,0,2368,0,0,17920,3196,0,221,0,1,0,26,0,0,0,378,0,0,22,2311,0,270,0,0,5583,0,0,2300,21,12328,37,0,0,0,0,0,0,0,40836,0,0
"NEMATODA","Angiostrongylus_cantonensis","SRR6435990",14116767,"Terrestrial",5,0,13,0,1,1,81,0,291,0,0,0,0,0,0,0,0,0,1,0,6922,0,0,0,447,3,0,7,0,0,92,0,0,0,0,0,0,2414,0,0,17574,3274,0,224,0,1,0,29,0,0,0,350,0,0,15,2274,0,279,0,0,5489,0,0,2345,25,12136,37,0,0,0,0,0,0,0,40287,0,0
"NEMATODA","Angiostrongylus_cantonensis","SRR6435991",14115336,"Terrestrial",3,0,14,0,0,1,81,0,297,0,0,0,0,0,0,0,0,0,0,0,7037,0,0,0,402,3,0,1,0,0,79,0,0,0,0,0,0,2380,0,0,18099,3340,0,244,0,1,0,31,0,0,0,347,0,0,28,2251,0,239,0,0,5266,0,0,2281,24,11873,38,0,0,0,0,0,0,0,40149,0,0
"NEMATODA","Angiostrongylus_cantonensis","SRR6435992",14160827,"Terrestrial",7,0,13,0,0,1,104,0,281,0,0,0,0,0,0,0,0,0,0,0,7103,0,0,0,416,4,0,3,0,0,82,0,0,0,0,0,0,2472,0,0,17996,3175,0,253,0,6,0,32,0,0,0,320,0,0,16,2295,0,270,0,0,5377,0,0,2239,33,12009,31,0,0,0,0,0,0,0,39746,0,0
"NEMATODA","Anisakis_pegreffii","SRR13870209",29951083,"Marine",3,0,11,0,0,32,0,0,20555,0,0,0,0,0,0,0,0,0,0,0,3229,0,0,0,1,81,0,0,0,0,102,0,0,0,0,0,0,9830,0,0,64362,7053,0,19,0,0,0,468,0,0,0,476,0,0,0,4102,0,1934,0,0,591,0,7,9089,1,127633,0,0,0,0,0,0,0,0,228498,0,0
"NEMATODA","Brugia_malayi","SRR3111735",65289904,"Terrestrial",14,0,18,0,0,709,18,0,2409,0,0,0,3,31,0,0,0,0,0,0,33535,0,0,0,630,259,0,0,0,0,437,0,0,0,0,0,0,15034,0,92,102110,14088,0,284,0,9,173,940,6,0,0,2568,0,7422,0,22155,0,2271,0,0,3980,0,121,13705,35,170301,153,0,0,0,0,0,307,61,215923,0,303
"NEMATODA","Brugia_malayi","SRR5190126",113497373,"Terrestrial",76,0,86,0,0,166,258,0,5215,0,0,0,0,21,0,0,0,0,0,0,145395,0,0,0,4030,659,0,40,0,0,1531,0,0,0,0,0,0,20807,0,26,171713,122704,0,2266,0,0,850,164,17,0,0,4232,0,605,2,52269,5,2326,0,0,145398,0,154,19145,1181,610311,42,0,0,0,0,0,1789,100,247586,2,134
"NEMATODA","Brugia_malayi","SRR5190127",115982889,"Terrestrial",280,0,143,0,0,668,504,0,9660,0,0,0,1,7,0,0,0,0,0,0,150540,0,0,0,9891,4014,0,133,2,0,3535,0,0,0,0,0,0,43126,0,9,347347,67290,0,5435,0,11,8,696,3,2,0,9965,0,3,0,125624,0,6171,0,0,43979,0,808,38179,12,1127886,5,0,0,0,0,0,11,7,242802,0,23
"NEMATODA","Caenorhabditis_angaria","SRR4119960",11330772,"Terrestrial",0,0,0,0,0,0,0,0,0,0,0,0,0,0,0,0,0,0,0,0,0,0,0,0,0,0,0,0,0,0,0,0,0,0,0,0,0,9,0,0,0,0,0,0,0,0,0,0,0,0,0,0,0,0,0,0,0,0,0,0,0,0,0,0,0,189,0,0,0,0,0,0,0,0,0,0,0
"NEMATODA","Meloidogyne_incognita","SRR7471735",16379907,"Terrestrial",130,0,70,0,0,4,104,0,1474,5,1,0,16,0,0,0,0,0,0,0,2407,0,0,0,591,40,0,0,0,0,146,0,0,0,0,0,0,2642,0,0,14176,22796,0,24,0,21,0,47,0,0,0,1043,0,0,0,2718,1,1144,0,0,2082,0,7,2525,126,13053,0,0,0,0,0,0,0,0,24474,0,0
"NEMATODA","Meloidogyne_incognita","SRR7609916",18991559,"Terrestrial",208,0,119,0,7,15,217,0,2397,0,0,0,1,0,0,0,0,0,0,0,5659,0,2,0,1043,41,0,0,0,0,247,0,0,0,0,0,0,9954,0,0,49867,7056,0,54,0,7,0,79,3,0,0,1929,0,0,0,12207,1,2411,0,0,2537,0,40,8519,10,15663,0,0,0,0,0,0,0,0,59670,0,0
"NEMATODA","Meloidogyne_incognita","SRR7609918",16322373,"Terrestrial",96,0,58,0,1,5,101,0,1014,48,0,0,5,0,0,0,0,0,0,0,3188,0,0,0,505,63,0,1,0,0,226,0,0,0,0,0,6,5429,0,0,29724,5429,0,45,0,14,0,39,0,5,0,1595,0,0,0,10130,2,1985,0,0,2064,0,14,5048,14,20507,3,0,0,0,0,0,0,0,27090,0,0
"NEMATODA","Meloidogyne_incognita","SRR7609920",14677684,"Terrestrial",94,0,62,0,0,11,105,0,928,84,2,0,1,0,0,0,0,0,0,0,2769,0,0,0,378,79,0,0,0,0,236,0,0,0,0,0,15,4613,0,0,23093,4947,0,32,0,24,0,38,449,13,0,1390,0,0,0,7711,1,1563,0,0,1519,0,10,4138,22,14715,4,0,0,0,0,0,0,0,21132,0,0
"NEMATODA","Meloidogyne_incognita","SRR7609923",27134469,"Terrestrial",152,0,82,0,5,5,121,0,1259,11,3,0,2,0,0,0,4,0,1,0,3690,0,1,0,973,288,0,0,0,0,265,0,0,0,0,0,68,4745,0,0,28835,6690,0,47,0,25,0,67,1313,22,0,2338,0,0,0,7694,14,2099,0,0,1778,0,14,4449,35,27426,30,0,0,0,0,3,0,0,30057,0,0
"NEMATODA","Nippostrongylus_brasiliensis","ERR2023646",23089408,"Terrestrial",9,0,63,0,0,20,545,0,1963,0,0,0,0,0,0,0,0,0,0,0,38561,0,0,0,3769,68,0,2,0,0,292,0,0,0,0,0,0,10294,0,0,59327,19726,0,980,0,3,0,102,0,11,0,548,0,0,0,9268,0,228,0,0,757,0,89,7805,0,4161,0,0,0,0,0,0,0,0,116673,0,0
"NEMATODA","Nippostrongylus_brasiliensis","ERR2023647",23210869,"Terrestrial",12,0,52,0,1,15,529,0,2122,0,0,0,0,0,0,0,0,0,0,0,41654,0,0,0,3743,65,0,9,0,0,293,0,0,0,0,0,0,11580,0,0,58880,19224,0,927,0,1,0,88,0,25,0,622,0,0,0,9799,0,202,0,0,844,0,84,8135,5,4456,0,0,0,0,0,0,0,0,116763,0,0
"NEMATODA","Nippostrongylus_brasiliensis","ERR2023648",22214406,"Terrestrial",12,0,76,0,1,10,408,0,2180,0,0,0,0,0,0,0,0,0,0,0,40553,0,0,0,3103,57,0,10,0,0,336,0,0,0,0,0,0,10593,0,0,55109,17754,0,889,0,0,0,144,0,10,0,583,0,0,0,9707,0,293,0,0,834,0,75,8403,4,3922,0,0,0,0,0,0,0,0,112868,0,0
"NEMATODA","Pristionchus_pacificus","ERR1943703",1285618,"Terrestrial",3,0,12,0,0,1,0,0,68,0,0,0,0,0,0,0,0,0,0,0,596,0,0,0,416,8,0,0,0,0,5,0,0,0,0,0,0,219,0,0,2336,1005,0,9,0,0,0,8,0,0,0,118,0,0,0,655,0,95,0,0,85,0,0,210,0,945,0,0,0,0,0,0,0,0,3615,0,0
"NEMATODA","Pristionchus_pacificus","ERR5170364",2457879,"Terrestrial",3,0,38,0,0,21,5,0,181,0,0,0,0,0,0,0,5,0,0,0,731,0,0,0,315,86,0,0,0,0,8,0,0,0,0,0,0,174,0,0,1873,1798,0,7,0,0,0,20,0,0,0,232,0,0,0,285,0,80,0,0,357,0,5,321,0,1788,0,0,0,0,0,0,0,0,3620,0,0
"NEMATODA","Steinernema_carpocapsae","SRR4119849",22919483,"Terrestrial",0,0,0,0,0,0,0,0,0,0,0,0,0,0,0,0,0,0,0,0,0,0,0,0,3,0,0,0,0,0,0,0,0,0,0,0,0,14,0,0,1,0,0,0,0,0,0,0,0,0,0,0,0,0,0,0,0,0,0,0,0,0,0,261,0,781,0,0,0,0,0,0,0,0,0,0,0
"NEMATODA","Steinernema_carpocapsae","SRR8667943",18409083,"Terrestrial",0,0,0,0,0,0,0,0,0,0,0,0,0,0,0,0,0,0,0,0,0,0,0,0,0,0,0,0,0,0,0,0,0,0,0,0,0,144,0,0,2,0,0,0,0,0,0,0,0,0,0,0,0,0,0,0,0,0,0,0,0,0,0,0,0,7,0,0,0,0,0,0,0,0,3,0,0
"NEMATODA","Strongyloides_papillosus","ERR1466834",43420545,"Terrestrial",0,0,30,0,0,1,2,0,988,0,0,0,0,0,0,0,0,0,0,0,17162,0,0,0,852,0,0,3,0,0,595,0,0,0,0,0,0,20737,0,0,67772,6497,0,443,0,97,0,523,0,0,0,826,0,0,0,45343,0,2041,0,0,13155,0,58,9314,7,8033,0,0,0,0,0,0,0,0,42011,0,0
"NEMATODA","Trichinella_pseudospiralis","SRR7007941",21881242,"Terrestrial",0,0,301,0,0,269,0,2,3063,0,0,0,0,0,0,0,0,0,0,0,18267,0,0,0,1144,64,0,0,0,0,729,0,0,0,0,0,0,5826,0,0,77834,3606,0,412,0,2,0,284,0,0,0,2851,0,0,0,14008,2,2339,0,0,5030,0,0,12417,71,16847,0,0,0,0,0,0,0,0,27515,0,0
"PLATYHELMINTHES","Dugesia_japonica","SRR5813560",28991248,"Freshwater",35,0,635,4,0,13,0,0,1440,0,0,0,0,0,0,0,0,0,0,0,33663,0,0,0,6591,2539,0,0,0,0,644,0,0,0,0,0,0,14222,0,30,143691,48580,0,70,0,4,0,897,0,0,0,4423,0,0,0,39905,3,2545,0,0,5865,0,1,18583,14,404168,0,0,0,0,0,0,0,0,97981,0,0
"PLATYHELMINTHES","Dugesia_japonica","SRR5813561",32382058,"Freshwater",39,0,727,1,0,16,1,0,1516,0,0,0,0,0,0,0,0,0,0,0,44103,0,0,0,5852,2572,0,0,0,0,640,0,0,0,0,0,0,16573,0,46,173529,50480,0,84,0,2,0,859,0,1,0,5073,0,0,0,50932,1,3309,0,0,5298,0,0,22747,27,453877,0,0,0,0,0,0,0,0,120618,0,0
"PLATYHELMINTHES","Dugesia_japonica","SRR5813568",27871609,"Freshwater",31,0,709,5,0,12,0,0,1641,0,0,0,0,0,0,0,0,0,0,0,36285,0,0,0,5497,2651,0,0,0,0,586,0,0,0,0,0,0,14119,0,27,148971,44885,0,80,0,4,0,817,0,2,0,4898,0,0,0,40430,1,2637,0,0,5450,0,1,18689,21,367046,0,0,0,0,0,0,0,0,101801,0,0
"PLATYHELMINTHES","Dugesia_japonica","SRR5813569",25968733,"Freshwater",42,0,653,3,0,8,0,0,1478,0,0,0,0,0,0,0,0,0,0,0,31452,0,0,0,4806,2115,0,0,0,0,459,0,0,0,0,0,0,12743,0,23,136262,41128,0,76,0,1,0,849,0,0,0,4438,0,0,0,38387,0,2846,0,0,4932,0,2,17056,13,329859,1,0,0,0,0,0,0,0,91522,0,0
"PLATYHELMINTHES","Dugesia_japonica","SRR5813570",26001495,"Freshwater",31,0,827,1,0,12,0,0,1715,0,0,0,0,0,0,0,0,0,0,0,30566,0,0,0,4995,2713,0,0,0,0,600,0,0,0,0,0,0,12948,0,13,134773,42143,0,74,0,2,0,1000,0,0,0,5168,0,0,0,37653,0,2645,0,0,5836,0,0,17592,29,304163,0,0,0,0,0,0,0,0,93070,0,0
"PLATYHELMINTHES","Dugesia_japonica","SRR5813571",31242901,"Freshwater",50,0,876,1,0,8,1,0,2009,0,0,0,0,0,0,0,0,0,0,0,37777,0,0,0,6118,3823,0,0,0,0,850,0,0,0,0,0,0,14584,0,10,155022,51808,0,95,0,2,0,1133,0,1,0,6459,0,0,0,43871,2,2915,2,0,7747,0,0,20847,26,344907,0,0,0,0,0,0,0,0,111512,0,0
"PLATYHELMINTHES","Macrostomum_hystrix","SRR10504715",15768691,"Freshwater",26,0,12,0,0,15,47,0,96,0,0,0,0,0,0,0,0,0,0,0,9849,0,0,0,3029,50,0,0,0,0,132,0,0,0,0,0,0,2287,0,0,35577,15906,0,25,0,0,0,87,0,0,0,916,0,0,0,55265,0,830,0,0,359,0,0,4933,4275,47011,0,0,0,0,0,0,0,0,24870,0,0
"PLATYHELMINTHES","Macrostomum_lignano","SRR2070848",12175460,"Intertidal zone",0,0,4,0,0,0,3,0,93,0,0,0,0,0,0,0,3,0,0,0,4864,0,0,4,356,20,0,0,0,0,27,0,0,0,0,0,0,189,0,0,2892,2332,0,9,0,2,0,13,0,5,0,428,0,0,0,15000,20,58,0,0,491,7,2,481,3478,5288,3,3,0,0,0,0,0,0,17998,0,0
"PLATYHELMINTHES","Prorhynchus_sp._I_CEL-2015","SRR1980663",23475444,"Freshwater",0,0,9,0,0,19,0,0,8488,0,0,0,0,0,0,0,0,0,0,0,23225,0,0,0,2766,20,0,0,0,0,30,0,0,0,0,0,0,12006,0,0,89666,11303,0,0,0,0,0,21,0,0,0,1172,0,0,0,60352,0,1940,0,0,490,0,0,7494,3594,66108,0,0,0,0,0,0,0,0,105349,0,0
"PLATYHELMINTHES","Schistosoma_japonicum","SRR8196490",29127336,"Terrestrial",0,0,124,0,0,157,691,0,4637,0,0,0,0,0,0,0,0,0,0,0,54836,0,0,1,21,169,0,2,0,0,1255,0,0,0,0,0,0,10070,0,0,153932,16580,0,76,0,0,0,291,0,7,0,3622,0,0,0,35743,0,3528,0,0,6665,0,2,5692,2334,58895,2,0,0,0,0,0,0,0,110770,0,0
"PORIFERA","Amphimedon_queenslandica","SRR1813038",30959561,"Marine",0,0,0,0,0,0,0,0,62,0,0,0,0,0,0,0,0,0,0,0,1,0,0,0,1,4,0,0,0,0,5,0,0,0,0,0,0,37,0,0,982,0,0,0,0,0,0,0,0,0,0,2,0,0,0,13,0,17,0,0,0,0,0,81,0,8872,0,0,0,0,0,0,0,0,407,0,0
"PORIFERA","Amphimedon_queenslandica","SRR1813063",7997219,"Marine",0,0,0,0,0,0,0,0,1,0,0,0,0,0,0,0,0,0,0,0,0,0,0,0,0,3,0,0,0,0,2,0,0,0,0,0,0,15,0,0,273,0,0,0,0,0,0,0,0,0,0,2,0,0,0,5,0,4,0,0,0,0,0,3,0,2278,0,0,0,0,0,0,0,0,92,0,0
"ROTIFERA","Brachionus_calyciflorus","SRR14596578",26759034,"Freshwater",1,3,1,0,0,197,0,0,1952,0,0,0,0,0,0,0,0,0,0,0,93721,0,0,0,2720,404,0,0,0,0,783,0,0,0,0,0,0,9879,0,0,112645,41280,0,402,0,0,0,77,0,0,0,4223,2241,0,0,22616,0,4648,0,0,5371,0,149,9939,9714,43267,0,0,0,0,0,0,0,0,158614,0,0
"ROTIFERA","Brachionus_fernandoi","SRR10426072",33734269,"Freshwater",202,0,0,0,0,3,0,0,1303,0,0,0,1,0,0,0,0,0,0,0,32542,0,0,0,4416,458,0,0,0,0,703,0,0,0,0,0,1,7541,0,0,142873,51331,0,223,0,0,0,237,0,0,0,4974,0,0,0,23638,0,4985,0,0,8049,0,66,20587,7032,43591,0,0,0,0,0,0,0,0,101212,0,0
"ROTIFERA","Brachionus_manjavacas","SRR5197739",13756062,"Freshwater",34,0,0,0,0,3,0,0,256,0,0,0,1,0,0,0,0,0,0,0,2426,0,0,0,1578,29,0,0,0,0,58,0,0,0,0,0,0,1302,0,0,4311,436,0,0,0,0,0,16,0,0,0,150,0,0,0,105,0,579,0,0,1683,0,12,122,24,594,0,0,0,0,0,0,0,0,7411,0,0
"UROCHORDATA","Styela_clava","SRR8599832",25330721,"Marine",0,0,148,0,0,5,79,0,2848,0,0,0,1,0,0,0,0,0,0,0,10282,0,0,0,3201,182,0,0,0,0,516,1,0,0,0,0,0,6488,0,0,35447,27514,0,180,0,21,0,246,0,0,0,623,0,0,0,11896,0,768,0,0,132,0,48,6865,4211,156680,0,0,0,0,0,0,0,0,22813,0,0
